Office,التجهيز,Subscription,Breaker,consumption,x,y
3420,5001358151,33060164520,400,192808.35,38.7396814,29.67588738
3420,5001303116,33060141982,500,174931,39.64412364,29.78675377
3420,5007964719,33060176244,500,168726,39.50860577,29.84211107
3420,5009405107,33060213983,400,153047.2,39.51416525,29.91482941
3440,5012041381,3120351683,500,137632,38.141,30.3961
3420,5001333110,33060107381,600,135650.4,38.86600338,29.76470701
3420,5001327294,33060058920,500,122464,39.54604916,29.82106111
3420,5001317489,33060130648,400,118547.2,39.6943,29.8049
3420,5001294605,33060125405,400,117580.8,39.4171,29.853
3440,5008348329,33120211495,70,113874,38.1349688,30.3683516
3440,5009215341,33120242508,300,112121.4,38.16615819,30.61319992
3420,5001333020,33060106473,500,110560,39.4954218,29.89898764
3420,5012094108,3060278629,500,108240,39.87607956,29.81830621
3420,5001317141,33060145284,400,104322.4,39.69571518,29.7671553
3440,5001427069,33120162926,500,96337.2,38.13142168,30.41216154
3440,5001376661,33120139445,500,95659,38.09156886,30.65640481
3420,5001299471,33060111212,300,95370,39.5507106,29.8669937
3420,5001328550,33060104183,400,94815.2,39.66135697,29.79342095
3420,5011616557,3060264472,1000,94568,39.45721346,29.83942972
3420,5001308166,33060158809,400,92546.4,39.5076,29.8895
3420,5001333117,33060107452,600,92326.8,39.52250613,29.87851372
3420,5010972104,3060246581,300,91724.26,39.47041377,29.86614831
3420,5001294084,33060109887,300,90249.6,39.51158274,29.90838465
3420,5001299238,33060156761,500,87519,39.5507,29.8866
3420,5001302677,33060141481,300,85277.4,39.49119741,29.89947252
3440,5011342232,3120328498,600,83328,38.3508457,30.38000697
3420,5001279853,33060063142,400,83321.6,39.6767,29.7871
3420,5001325518,33060133201,300,82781.4,39.4665,29.8981
3420,5007929693,33060176057,500,80025,39.67912632,29.81952342
3420,5001321126,33060116550,400,79633.6,39.68249312,29.85605485
3440,5011891269,3120345096,500,78442,38.2044,30.3301
3410,5010153369,3010987781,300,77532,40.1816,30.2746
3440,5001353534,33120184923,400,77416.8,38.14291688,30.38431453
3420,5011141828,3060249618,500,76813,39.54577587,29.8528455
3420,5001283628,33060138673,300,74461.2,39.51781958,29.83581222
3440,5008939827,33120233198,400,73814.4,38.12188,30.35777
3440,5011756519,3120343171,300,72729,38.11722796,30.38405576
3420,5001332979,33060106061,300,71593.2,39.7897399,29.77863356
3420,5001299553,33060126331,300,69197.4,39.7989763,29.77214764
3420,5001289480,33060124364,300,67150.2,39.69522291,29.77720974
3420,5001307747,33060142685,400,66120,39.46326529,29.91335165
3420,5011517141,3060260606,250,65723.5,39.48469329,29.94569283
3440,5001427545,33120146753,150,65395.2,38.13248361,30.3764087
3440,5011710574,3120334047,500,65156,38.14140657,30.43269867
3420,5001324872,33060117486,300,64912.2,39.56122634,29.81757805
3440,5011758191,3120336140,300,64685.4,38.1316,30.3804
3420,5001288962,33060108905,400,64524,39.66257325,29.79771254
3440,5008627352,33120223182,300,64431.6,38.15029869,30.39128761
3420,5010706084,3060241253,250,63585,39.6689,29.8878
3440,5009278349,33120244807,300,62777.4,38.21092,30.41699
3420,5011255703,3060253540,300,62361,39.48329937,29.93831261
3440,5012023929,3120349961,300,61978.2,38.4898,30.3808
3420,5010105832,3060226328,300,61697.4,39.682,29.8776
3420,5001329852,33060089022,400,61248.8,39.59801399,29.89297008
3420,5001331243,33060075930,400,60700.8,39.5755,29.8794
3420,5001321149,33060116587,400,59848,39.5964,29.8475
3420,5001330419,33060043721,400,59416.8,39.97,29.7869
3420,5001316688,33060114869,300,58510.8,39.49642151,29.93425975
3420,5001329990,33060089121,300,57415.8,39.5675,29.8177
3420,5001332989,33060106160,300,56850.6,39.47532,29.87306
3420,5001313220,33060144311,300,56622,39.6396,29.833
3420,5001366552,33060165803,500,56584,39.46764541,29.84841398
3440,5011151867,3120321719,200,56259.6,38.71788668,30.38923332
3420,5001322964,33060072482,400,56248,39.5731134,29.81295542
3420,5001323770,33060101468,300,56215.8,39.58552,29.87963
3420,5001294305,33060110091,300,55956.6,39.48906819,29.92290658
3420,5011216396,3060252201,400,52963.2,39.63947494,29.83295105
3420,5001320695,33060130890,500,52918,39.53985369,29.87688228
3420,5009392390,33060211826,400,52599.2,39.7162,29.7865
3420,5011368669,3060255965,400,50762.4,39.64868269,29.80717509
3440,5008081593,33120200295,400,50387.2,38.14050677,30.38439738
3440,5001389787,33120173161,200,49329.6,38.29746014,30.42037811
3440,5009691869,3120258464,200,49270.8,38.71657209,30.33329799
3420,5001291058,33060080420,250,47880,39.50989843,29.87632251
3440,5004167503,33120191051,300,47775.6,38.08215549,30.56506497
3420,5001303250,33060127132,200,47610.8,39.60696464,29.80965888
3440,5012092636,3120352733,300,47543.4,38.49688635,30.41467357
3420,5001308257,33060113253,200,47329.6,39.50715585,29.87160116
3440,5001340285,33120150747,300,47046,38.27458207,30.44808713
3440,5009953032,3120268120,400,46265.6,38.12362192,30.44529719
3420,5001329509,33060134478,300,45103.8,39.51491204,29.92231727
3420,5011458748,3060258321,400,44814.4,39.64423078,29.80563667
3420,5001330000,33060089130,400,44327.2,39.60753363,29.91513062
3410,5008178535,33010704651,600,43933.2,40.30331178,29.87682211
3420,5008138019,33060181718,200,43909.6,39.24469971,29.90667226
3420,5001296328,33060081285,300,43799.4,39.5832,29.9069
3420,5001326454,33060058222,300,43728,39.58768568,29.80523641
3420,5009301332,33060211067,300,43291.8,39.5624,29.8715
3420,5001328608,33060104352,300,42448.8,39.48071403,29.90337203
3420,5001302930,33060141786,200,42236.8,39.4574,29.9055
3420,5008356918,33060187702,200,42217.2,39.716907,29.83141321
3420,5001301619,33060096546,200,41986,39.5205,29.8578
3420,5001320498,33060101136,200,41876.4,39.5215,29.8695
3420,5001334293,33060092181,200,41068.4,39.7126,29.8289
3420,5001333979,33060091497,200,40992.4,39.55473032,29.8412836
3420,5001334046,33060091620,300,40612.8,39.7384,29.8399
3440,5010915680,3120305751,150,40611.52,38.58274702,30.43436223
3420,5001299533,33060126313,300,40054.2,39.47775268,29.90382529
3420,5011255676,3060253666,200,40050,39.47693658,29.94473975
3440,5009267796,33120244665,150,39881.61,38.20032226,30.47468662
3440,5001423568,33120162640,150,39659.82,38.34677227,30.41604778
3420,5001287120,33060079821,400,39228,39.604,29.8704
3440,5001419023,33120177212,400,38863.2,38.04960877,30.60472203
3440,5011425761,3120330075,150,38847.7,38.7031325,30.32574006
3420,5009568382,3060216976,300,38647.2,39.5442,29.8392
3420,5010164948,3060227451,300,38539.8,39.4799,29.9303
3420,5001289418,33060124300,500,38379,39.59388878,29.86416608
3440,5008609301,33120222309,160,37632.8,38.70493293,30.35010972
3430,5010597495,3110503692,200,37164.4,37.7341,31.0021
3420,5001327159,33060058812,160,37003.96,39.5798175,29.84503641
3440,5001361554,33120056807,300,36994.2,38.28044745,30.45776874
3420,5001344868,33060162768,400,36974.4,39.489,29.8359
3440,5001348662,33120119219,200,36757.6,38.25066717,30.53355237
3440,5008711087,33120225632,150,36707.13,38.1416,30.506
3420,5010854911,3060243839,300,36605.4,39.5537,29.8356
3420,5001317858,33060099898,160,36600.16,39.59983236,29.8315223
3440,5001393961,33120061235,100,36423.6,38.3333918,30.46152915
3410,5008005561,33010684316,200,36197.2,40.31967098,30.12240434
3430,5011289718,3110540767,400,36192,37.6551,31.1031
3440,5008196109,33120204928,300,36175.8,38.1272,30.4765
3440,5009532450,3120253655,150,35928.36,38.71914608,30.33911151
3420,5001328712,33060133452,300,35648.4,39.4809,29.8541
3440,5008381781,33120211922,200,35255.2,38.32126373,30.41251879
3420,5010617307,3060239774,200,35168.8,39.54179598,29.86222382
3420,5011413935,3060257727,200,34972,39.7763,29.925
3440,5012010657,3120349916,300,34947,38.0627,30.5856
3420,5001301591,33060096528,200,34858.8,39.51780279,29.86077774
3440,5001853400,33120186347,150,34790.76,38.72452238,30.3268411
3420,5001323933,33060101673,300,34722,39.49885489,29.887164
3440,5001396812,33120093678,300,34193.4,38.21694615,30.43341907
3440,5011909835,3120346020,150,33914.33,38.0607,30.6269
3420,5010334281,3060232881,200,33773.2,39.53435009,29.85717262
3420,5001284256,33060079287,200,33373.2,39.59226974,29.80525261
3440,5011269442,3120321129,300,33090.6,38.31642531,30.40873197
3420,5001335466,33060153320,200,32982,39.5179,29.8581
3420,5001288753,33060138771,300,32947.8,39.47364,29.90854
3420,5001329082,33060133926,500,32909,39.70358268,29.76415613
3440,5010036179,3120272436,150,32614.67,38.35087,30.41694
3420,5001876441,33060173402,200,32530.8,39.5597167,29.83671324
3440,5011584155,3120333578,150,32477.38,38.74499688,30.32968463
3420,5001332207,33060135377,300,32272.2,39.4226,29.8537
3440,5010242834,3120279974,150,32222.23,37.99240242,30.66424025
3440,5009609349,3120254151,150,32211.79,38.74647516,30.31036086
3420,5001333797,33060091156,200,32123.6,39.74022817,29.8564554
3440,5001875788,33120190617,150,32004.41,38.1381193,30.46230281
3420,5001320751,33060130961,200,31926,39.52764191,29.85897904
3420,5001334997,33060136543,200,31666.8,39.48899611,29.93767244
3440,5009943284,3120268040,250,31551.5,38.35895756,30.4336622
3420,5001294906,33060094828,200,31541.2,39.53146918,29.86127965
3410,5009083645,33010794381,600,31429.2,40.15472551,29.99288705
3420,5010814964,3060243070,400,31350.4,39.5562,29.9029
3440,5011915200,3120345864,600,31128,38.2272,30.3894
3440,5001340180,33120166827,160,30991.23,38.14752214,30.48297954
3440,5007968770,33120196826,200,30962.4,38.2900477,30.40778059
3440,5001389814,33120092616,200,30820.8,38.21745021,30.43331382
3440,5008675814,33120224789,150,30578.52,38.42633935,30.43972696
3420,5001333702,33060091002,200,30558.8,39.68250292,29.87490691
3440,5011983855,3120349120,400,30425.6,38.294,30.382
3440,5004146217,33120192621,200,30343.6,38.30332239,30.41289743
3440,5008290006,33120209620,150,30268.6,38.72206288,30.32236383
3440,5004136956,33120191632,200,30169.2,38.14024661,30.36539287
3420,5001329964,33060089102,160,29982.66,39.712852,29.7988311
3420,5001332726,33060104746,160,29921.42,39.54702381,29.840408
3440,5001875327,33120191089,150,29587.72,38.15738318,30.58068648
3440,5010438207,3120286951,150,29583.31,38.72190795,30.3610039
3440,5009180362,33120241144,150,29453.53,38.71711,30.33265
3410,5001309596,33010445738,160,29125.88,40.34454132,29.96224416
3410,5008183098,33010701041,150,29112.39,40.2331469,30.17002337
3440,5008330702,33120210077,200,29110.8,38.21363369,30.55495983
3420,5001294105,33060124945,200,28880,39.60864871,29.89170238
3420,5011047105,3060248076,250,28225.5,39.52763538,29.86487961
3440,5009407069,33120249634,150,28186.66,38.70363976,30.28915234
3440,5001857600,33120187952,160,27930.33,38.29629698,30.43477576
3440,5001376923,33120155888,200,27910.4,38.27063525,30.42676987
3420,5001313821,33060038088,400,27780,39.75474641,29.93607724
3420,5010833070,3060243374,200,27771.6,39.47732103,29.9447869
3440,5009565980,3120254779,160,27688.16,38.32815,30.49072
3420,5001329011,33060133837,300,27555,39.4709,29.8604
3420,5001308231,33060113226,300,27531.6,39.4869,29.9133
3420,5011033499,3060247954,300,27371.4,39.62197467,29.85091004
3420,5008134049,33060181585,200,27295.2,39.5268,29.8432
3420,5010726105,3060241674,150,27256.47,39.64987862,29.86006882
3420,5001284334,33060064060,200,27023.6,39.61910126,29.83676177
3440,5010411921,3120287171,200,27016.8,38.2699,30.5201
3420,5001298889,33060125675,300,26839.2,39.47439427,29.93942785
3440,5012021126,3120350588,400,26727.2,38.1987,30.3305
3440,5001857231,33120187166,400,26608.8,38.42914474,30.40462699
3440,5010820691,3120304469,150,26443.44,38.7094,30.3061
3440,5001438751,33120164484,60,26249.46,38.16554255,30.41665814
3420,5001333091,33060107194,400,26213.6,39.67334218,29.76939728
3420,5001328653,33060104503,400,26108,39.50007828,29.90073301
3440,5008925013,33120231424,200,25958.4,38.43849203,30.40787095
3430,5001417468,33110219481,200,25923.6,37.4965,31.249
3420,5001331786,33060134834,200,25894.8,39.505,29.8626
3440,5001406111,33120175611,200,25862.8,38.2646791,30.50737139
3440,5001450332,33120083555,200,25683.2,38.25946837,30.45202339
3440,5007970924,33120197331,300,25315.2,38.10542644,30.65713055
3440,5001402651,33120175361,150,25298.82,38.36794738,30.44295446
3420,5001298815,33060125601,400,25227.2,39.50464353,29.93449218
3440,5001864730,33120188600,200,25178,38.70518187,30.32140638
3420,5010350112,3060233313,200,25117.2,39.56061927,29.84089837
3420,5011622538,3060265059,250,24732,39.4234,29.8652
3420,5001294594,33060125399,200,24722.4,39.6748,29.9043
3420,5001327304,33060058939,300,24717.6,39.57617,29.81165
3420,5004159955,33060174704,200,24643.2,39.53016442,29.84871861
3440,5009493036,33120251946,150,24498.94,38.24110686,30.43830362
3440,5008577977,33120221741,100,24372.39,38.24835132,30.53833414
3440,5011052380,3120314231,100,24340.58,38.76634071,30.30073192
3410,5011145166,3011089038,100,24277.58,40.33510455,29.95646809
3420,5011399588,3060256917,200,24153.6,39.54208876,29.86215883
3410,5001287722,33010455430,400,24005.6,40.22632298,30.24914271
3440,5009032118,33120235755,150,23958.2,38.72517747,30.30431256
3430,5001337290,33110256223,200,23898.8,37.57537,31.13159
3420,5001313223,33060129244,200,23747.2,39.5048,29.855
3440,5010637099,3120294246,150,23560.39,38.71586874,30.3418568
3440,5011319495,3120326072,300,23452.8,38.16947509,30.42708358
3430,5008416219,33110410539,200,23302,37.55838205,31.15433091
3440,5009508926,3120251973,150,23042.38,38.73300087,30.30711849
3440,5011288083,3120324416,200,22979.6,38.14221685,30.43390116
3420,5001283277,33060123394,200,22483.2,39.55521627,29.85197388
3420,5001345371,33060163031,200,22470,39.56,29.8531
3440,5009932077,3120267409,200,22198.8,38.44589,30.4072
3440,5001427215,33120178381,100,22132.51,38.2677,30.4071
3440,5009278456,33120245125,150,22116.8,38.0881,30.5883
3440,5001423421,33120146127,125,21911.55,38.32302579,30.42577563
3440,5008488593,33120216295,150,21882.47,38.13804725,30.47876939
3410,5001862250,33010654433,100,21723.69,40.45427,29.77552
3440,5001446129,33120100315,200,21687.6,38.20942266,30.42323102
3440,5011760179,3120338289,200,21651.2,38.0876,30.662
3440,5001443177,33120148847,150,21573.2,38.71769925,30.32613747
3440,5001405664,33120077404,250,21553.6,38.06608483,30.6426112
3420,5001325301,33060132938,300,21550.2,39.5626,29.8467
3420,5008138033,33060182072,200,21525.6,39.53607609,29.85820282
3420,5001298742,33060140528,300,21241.2,39.69687005,29.83320987
3410,5008636514,33010745298,150,21199.31,40.3289724,29.89432906
3440,5001409948,33120176064,160,21144.7,38.24644123,30.45492281
3420,5008341777,33060187444,300,21079.8,39.7262,29.8617
3440,5001443644,33120082450,200,21073.2,38.01495176,30.70793611
3420,5001308586,33060143619,300,21024.6,39.47886495,29.93650772
3410,5001265177,33010134916,160,20978.88,40.42281679,29.84612363
3410,5001278220,33010201831,300,20884.2,40.14421,29.82776
3440,5008614031,33120222318,160,20732.25,38.71937582,30.32230477
3440,5001381431,33120156750,100,20730.79,38.17874622,30.42717701
3440,5001357078,33120152993,60,20652.98,38.27434446,30.53057635
3440,5001397270,33120158979,150,20625.65,38.71106425,30.31087604
3440,5008193125,33120206047,200,20585.6,38.15806831,30.48050158
3420,5001316745,33060114921,200,20573.28,39.51117547,29.87159768
3410,5008961760,33010780770,200,20346.8,40.0573,29.871
3440,5001394275,33120142084,250,20198.4,38.43827028,30.41345015
3440,5001386352,33120025678,100,20145,38.24191203,30.44459085
3440,5001431493,33120080849,160,20069.34,38.16741288,30.537401
3430,5001415521,33110369933,200,20008,37.56107184,31.16204633
3430,5007976381,33110387421,100,19953.29,37.56701206,31.20188824
3420,5010256317,3060230671,300,19950.6,39.58682809,29.8528907
3440,5009577745,3120255014,150,19900.34,38.20669322,30.42773689
3440,5001406294,33120110957,150,19691.43,38.22104699,30.42081054
3410,5001292032,33010456151,150,19617.45,40.28137209,30.10249407
3440,5001397541,33120076855,200,19370,38.2291191,30.45724247
3440,5001397029,33120174453,150,19349,38.71720096,30.33288242
3440,5001406516,33120077834,200,19313.6,38.26907116,30.4514595
3440,5011863350,3120344606,100,19253.72,38.5142,30.4239
3440,5012036759,3120351084,400,19212.8,38.1466,30.3929
3440,5001390424,33120157953,160,19044.61,37.97328141,30.69522592
3440,5011842460,3120345935,100,19014.98,38.1792,30.587
3420,5001285194,33060093277,300,18896.4,39.50394136,29.88315846
3440,5011810691,3120343215,200,18894.4,38.3034,30.4425
3430,5008316499,33110405191,150,18883.23,37.71270536,30.99078876
3440,5008775163,33120227584,160,18821.21,38.41906,30.37792
3440,5001426877,33120129663,100,18770.87,38.26855412,30.52904816
3440,5011801529,3120344286,150,18682.39,38.47837379,30.42011162
3410,5008515480,33010731078,100,18574.02,40.31203585,30.24343418
3410,5001284710,33010365520,150,18518.4,40.33475896,29.95432039
3440,5010402690,3120284858,70,18488.46,38.2216964,30.5524144
3440,5008773016,33120227566,100,18452.95,38.71184786,30.30631796
3440,5001423350,33120146083,200,18403.2,38.21184594,30.55263218
3420,5010553237,3060237009,100,18391.08,39.43389148,29.84057597
3440,5008422967,33120213963,150,18313.77,38.6820304,30.29980537
3440,5001381276,33120140357,100,18203.59,38.38455161,30.44883945
3440,5008249542,33120207545,100,18186.12,38.1499628,30.59646949
3440,5001431518,33120163763,200,18160.4,38.18480247,30.5395156
3440,5010321622,3120282577,150,18071.49,38.74366722,30.29988269
3420,5010770329,3060242340,300,17999.4,39.4834,29.9425
3410,5001280316,33010515019,100,17969.62,40.26008733,30.26617351
3440,5001344524,33120135339,300,17908.2,38.43846307,30.41332366
3420,5001307926,33060127901,300,17836.2,39.4582,29.908
3440,5001397606,33120062171,160,17796.07,38.08651,30.64021
3440,5001339873,33120150498,150,17737.2,38.31609844,30.45707128
3440,5007880999,33120194026,150,17697.59,38.36001682,30.39671038
3410,5001303301,33010504301,150,17692.57,40.21722295,30.24020099
3440,5001370184,33120090148,83,17685.92,38.04613343,30.65165976
3440,5001439333,33120164822,150,17678.15,38.2510223,30.53016495
3420,5001311889,33060098513,200,17632.4,39.52778614,29.86478434
3440,5008573322,33120220583,100,17626.78,38.29037103,30.5040847
3420,5008351964,33060187696,200,17575.6,39.5345237,29.85372607
3420,5001306058,33060097347,200,17426.8,39.53848478,29.8538467
3420,5008146783,33060182401,200,17408,39.6027,29.8223
3420,5001326695,33060073701,200,17406.8,39.78892611,29.7717578
3440,5001339933,33120036671,160,17404.82,38.27954431,30.45087285
3440,5004148680,33120192916,100,17375.39,38.28964294,30.40139663
3440,5008241106,33120207984,160,17351.27,38.09336117,30.58638204
3410,5001275669,33010305906,100,17348.36,40.15888652,29.97934689
3410,5001311168,33010416075,100,17344.59,40.0392,29.912
3440,5001422838,33120048547,160,17259.4,38.20300262,30.53462963
3420,5001334750,33060136122,200,17163.6,39.51689153,29.86384067
3440,5001386206,33120140894,200,17150.4,38.23721863,30.45289898
3440,5008658327,33120224045,70,17134.41,38.26181829,30.52709496
3420,5001328207,33060103551,200,17114.4,39.52109972,29.87234685
3420,5001333668,33060030025,150,17036.04,39.8421,29.9289
3440,5010781132,3120303087,150,17031.43,38.31225136,30.5055361
3440,5001846637,33120187200,150,17026.29,38.18315558,30.42370604
3440,5001366802,33120137754,200,17022.8,38.28882397,30.43818989
3420,5001303579,33060142489,200,17015.6,39.58852984,29.82981304
3430,5009342096,33110457259,150,17010.89,37.67377922,31.08605819
3420,5011504840,3060260016,300,16984.2,39.51777294,29.83569201
3430,5001400937,33110068985,400,16868.8,37.35372256,31.27801179
3440,5001381027,33120140212,60,16853.77,38.26022041,30.53110491
3420,5010095962,3060226097,200,16850.8,39.5564,29.8333
3420,5001308416,33060128354,200,16802,39.45935408,29.89742923
3430,5001361918,33110259001,150,16783.45,37.62564389,31.06267207
3410,5001284995,33010365673,100,16757.97,40.454469,29.79346927
3430,5011507037,3110546377,150,16746.67,37.65778879,31.10278184
3420,5001323079,33060025320,150,16741.08,39.87644542,29.79168796
3420,5001312158,33060098701,160,16735.52,39.54048889,29.84030301
3420,5001312892,33060143950,400,16712.8,39.52622997,29.89920139
3440,5004084489,33120190555,30,16689.71,38.40125386,30.45820487
3420,5001326597,33060058330,200,16672,39.5767411,29.84060709
3440,5010844845,3120308501,125,16642.65,38.3081049,30.45533851
3440,5008346548,33120211234,100,16586.12,38.18147898,30.41763784
3430,5009615229,3110467282,150,16475.49,37.50781457,31.2484865
3410,5010479979,3011021210,400,16443.2,40.08887339,30.14514789
3440,5001352935,33120152302,100,16356.25,38.23100047,30.55447322
3410,5007987216,33010683838,200,16270.4,40.29388223,29.8806132
3440,5008364387,33120211584,100,16236.39,38.1635838,30.49354133
3440,5001336203,33120134019,160,16177.05,38.2839489,30.43877245
3430,5001439031,33110334526,100,16158.98,37.65602156,31.08140786
3420,5001324017,33060101790,300,16158.6,39.62528497,29.80583487
3420,5001318995,33060085963,200,16092.8,39.8419,29.9287
3410,5001311587,33010446431,100,15989.74,40.41618873,30.0610296
3410,5001303854,33010190227,300,15952.2,40.00092536,29.79410633
3430,5001343803,33110359006,160,15850.57,37.5665555,31.21430907
3410,5001302920,33010642281,150,15843.29,40.4265088,30.05403345
3440,5011744006,3120338977,300,15731.4,38.0817,30.5958
3410,5009295635,33010919584,50,15669.53,40.47916688,29.72222532
3410,5001319547,33010433559,150,15629.38,40.24533213,30.05687799
3440,5001396977,33120093767,160,15536.72,38.28575624,30.45671004
3440,5001435532,33120147895,160,15522.67,38.07445674,30.62051143
3420,5001310479,33060098255,200,15512.8,39.59201603,29.86649065
3420,5001303365,33060127268,300,15490.8,39.6377349,29.82317252
3440,5004140836,33120192166,200,15460.8,37.98792983,30.68993017
3420,5001332839,33060105153,400,15448,39.64826135,29.80921848
3410,5010482239,3011026351,150,15417.52,40.1906,29.9844
3440,5001377464,33120091351,200,15387.2,38.29603368,30.46020981
3440,5007949368,33120196915,100,15366.8,38.25915299,30.54731471
3410,5001270946,33010333160,100,15309.02,40.45903999,29.78415912
3420,5001323989,33060101753,200,15233.6,39.53028276,29.84850965
3440,5004141560,33120192344,200,15175.2,38.24020686,30.40486837
3430,5007881576,33110384500,60,15161.1,37.74238967,30.9851067
3420,5001317356,33060115580,300,15156.6,39.48249549,29.88448874
3430,5001394573,33110312823,400,15068,37.44696747,31.40838731
3440,5001445967,33120149316,100,15058.64,38.2432729,30.45822419
3420,5010834920,3060243392,400,15039.2,39.4867,29.9134
3440,5001415623,33120112165,160,14921.43,38.45461717,30.40395782
3410,5001290885,33010279118,100,14912.16,39.9977364,30.0068172
3410,5001328083,33010361807,100,14840.29,40.40886019,29.88990985
3410,5001318282,33010478031,200,14811.2,40.37360419,29.83108903
3420,5001311083,33060037591,200,14810.4,39.77695283,29.93193269
3440,5008740045,33120226596,160,14742.87,38.20654601,30.54805408
3440,5008113565,33120203018,100,14735.32,38.38999843,30.38870559
3410,5001248997,33010082758,100,14693.63,40.32404596,30.15022767
3440,5001393937,33120173831,60,14639.41,38.41632309,30.40654847
3420,5001323762,33060101459,300,14592.6,39.62280644,29.91417709
3430,5008004136,33110388607,160,14482.49,37.69600931,31.04031069
3420,5001322159,33060024725,200,14477.6,39.82564938,29.90175106
3410,5001210577,33010064428,160,14466.16,40.12201735,29.88069582
3430,5001394553,33110312814,400,14387.2,37.41128603,31.41268291
3410,5008282024,33010710111,150,14322.66,40.3837,29.9379
3440,5010210561,3120278841,160,14298.92,38.71175,30.34708
3420,5001316504,33060023601,200,14198.4,39.76573485,29.91110336
3440,5001415165,33120078653,200,14171.2,38.22647442,30.44075339
3420,5001331752,33060150435,160,14162.48,39.59484149,29.82950841
3420,5001312955,33060114063,200,14132,39.47124327,29.89459126
3440,5001374114,33120155421,200,14101.2,38.7110021,30.32206071
3420,5010853487,3060243777,125,14097.75,39.8215,29.9347
3440,5001864610,33120189509,150,14058.45,38.13414731,30.4228394
3410,5007895381,33010675943,100,14039.64,40.37164811,29.81700169
3440,5009564982,3120253781,150,14020.17,38.0934,30.58369
3440,5008290338,33120209423,100,14019.71,38.7060237,30.30630435
3440,5009215352,33120242821,100,13969.23,37.98552,30.69496
3440,5007938046,33120194554,150,13837.75,38.22770482,30.43062834
3430,5009444505,33110462151,70,13835.72,37.7597,30.9896
3440,5001340337,33120036911,100,13835.15,38.194176,30.46882364
3410,5008354551,33010711011,200,13815.2,40.22905146,30.28070447
3410,5008540949,33010735504,150,13792.95,40.21536311,30.12852467
3420,5001326928,33060026846,200,13783.6,39.788,29.9259
3410,5001298939,33010625530,300,13705.2,40.2709858,29.8138039
3410,5008530490,33010735489,300,13701,40.1158,30.0473
3440,5009933383,3120266831,160,13700.98,38.08366881,30.62987722
3440,5001344391,33120119068,100,13683.86,38.23205674,30.4222439
3420,5001276575,33060031443,200,13677.6,38.9189,29.815
3420,5001313466,33060160208,100,13627.04,39.44589646,29.84117363
3440,5001370074,33120138555,200,13599.2,38.18717311,30.54229712
3420,5010773924,3060241558,100,13531.77,38.76734512,29.68232193
3410,5007947947,33010682204,60,13448.36,40.09703201,29.82412365
3440,5009215186,33120242661,160,13408.04,38.35769044,30.4485286
3440,5011043226,3120314939,100,13343.36,38.20913194,30.55262272
3410,5001296428,33010428002,400,13331.2,40.01630428,29.99638912
3410,5001846640,33010655083,160,13302.56,40.37549904,29.95474151
3440,5009624712,3120256826,150,13288.4,38.17845103,30.5186402
3440,5004154692,33120191811,100,13284.95,38.7135592,30.31802513
3430,5001418695,33110331561,160,13284.74,37.69078931,30.99259463
3410,5008174308,33010704642,100,13269.64,40.17797534,29.84364076
3440,5001336061,33120166200,200,13157.6,38.44921108,30.39566547
3440,5009612431,3120255711,125,13139.23,38.32992796,30.49344375
3420,5001330681,33060089686,300,13086,39.5876,29.8653
3440,5001857073,33120187999,160,12983.31,38.53243507,30.44289412
3410,5001307940,33010505003,100,12956.85,40.15136483,29.88324989
3420,5001333663,33060030016,400,12910.4,39.8254727,29.89471371
3440,5008223377,33120207741,50,12859.79,38.73105752,30.27682201
3410,5001302565,33010444481,150,12846.47,40.02914028,29.99548356
3410,5001259038,33010259115,150,12792.48,40.08198001,30.01715734
3410,5001306100,33010459751,200,12780.4,40.32598403,29.94038197
3440,5001374018,33120106471,100,12721.35,38.21896515,30.55344012
3420,5001303133,33060157697,150,12672.05,39.88772062,29.92664861
3420,5001313099,33060114223,160,12634.55,39.71400598,29.83169487
3430,5007987376,33110388189,150,12575.36,37.65946615,31.08751743
3440,5009599588,3120255776,200,12508.2,38.07228448,30.57248106
3440,5001415570,33120176959,160,12464.31,38.43308,30.39372
3440,5008597305,33120222265,150,12336.29,38.13038019,30.4505815
3420,5010493070,3060236674,400,12286.4,39.4467,29.8473
3440,5001335949,33120085569,200,12218.4,38.3130213,30.46720357
3440,5001381539,33120156811,200,12215.6,38.7139081,30.30905272
3430,5009891095,3110475678,70,12168.77,37.60592589,31.11209009
3440,5008558933,33120220986,100,12118.51,38.42318803,30.43912799
3410,5001332241,33010512723,100,12059.63,40.4547173,29.77947689
3440,5011621296,3120326063,200,12043.2,38.3579,30.4092
3420,5001286935,33060079705,150,12036.22,39.56466331,29.86188529
3410,5011400794,3011107360,70,12032.74,40.41934567,29.88127725
3410,5008074527,33010692069,200,12030.4,40.27566708,30.29702305
3420,5008926169,33060203468,100,12030.23,39.5688,29.8507
3430,5010942448,3110524781,100,12026.21,37.6422,31.0762
3410,5011004899,3011079309,150,11961.83,40.23475503,29.99041665
3410,5001305873,33010252455,100,11913.85,40.17235118,30.02767771
3430,5011319503,3110534509,70,11878.51,37.57881829,31.2055229
3420,5001299163,33060125951,300,11876.4,39.476709,29.94024528
3410,5001288444,33010293350,160,11843.13,40.2293628,30.0399805
3440,5007944948,33120196380,100,11835.9,38.40401612,30.45383454
3410,5001287703,33010248739,200,11834,40.3018,29.81435
3440,5010920257,3120311365,150,11765.53,38.13323669,30.36614734
3410,5001316733,33010491964,200,11675.6,40.0691839,29.88765104
3440,5008921766,33120231729,50,11664.48,38.31240371,30.45484539
3430,5001373963,33110325581,160,11622.73,37.70223317,30.98795069
3440,5008674773,33120224798,150,11607.63,38.27958522,30.4199975
3410,5001301549,33010458351,160,11580.75,40.27475582,29.82606553
3440,5001357353,33120153159,100,11578.04,38.16890203,30.45745478
3410,5001307043,33010110709,160,11547.66,40.17583538,29.83876142
3440,5009495869,33120251811,40,11516.45,38.28471,30.41583
3420,5001330156,33060089256,200,11515.6,39.55431976,29.82601535
3440,5001402108,33120143125,100,11462.1,38.20904072,30.43655834
3410,5001228572,33010096708,160,11460.49,40.30642,30.16124
3410,5001231584,33010114584,300,11397,40.21547357,30.24825255
3440,5009914917,3120266081,70,11396.93,38.71658,30.33328
3430,5009780308,3110471795,30,11375.09,37.68476813,31.00182024
3410,5001228247,33010051288,160,11242.55,40.26797943,30.00099476
3420,5001321211,33060131547,100,11230.8,39.3041374,29.90167739
3420,5001315795,33060023129,200,11134.8,39.77461073,29.91412474
3410,5001231552,33010114566,300,11085.6,40.21869178,30.24355092
3440,5001423275,33120031227,150,11083.41,37.93180321,30.72911775
3440,5010420258,3120286772,70,11074.93,38.2844,30.4156
3440,5011229321,3120325290,70,11064.28,38.18875092,30.48673941
3410,5001284172,33010321561,200,11057.2,40.04183889,29.94254545
3410,5001271610,33010122021,160,11038.15,40.22863921,30.05771209
3420,5001283649,33060123699,300,11014.2,39.48520258,29.89556164
3410,5001301543,33010251618,160,10995.88,40.12605969,30.02476192
3420,5001302616,33060035818,500,10983,39.7865,29.8733
3440,5008000895,33120198517,100,10930,38.21061694,30.32401753
3440,5001377035,33120139651,160,10920.52,38.29189053,30.48365222
3410,5001306316,33010207253,160,10898.59,40.06913836,29.98748998
3420,5001319196,33060071242,200,10886.8,39.5595,29.8274
3410,5001284476,33010410993,150,10871.92,40.30261423,29.94088644
3440,5001397236,33120158951,250,10827.6,38.13016518,30.37193415
3440,5001414801,33120144632,160,10820.1,38.18702828,30.53673568
3430,5011137914,3110533083,250,10753.5,37.65509533,31.10305688
3440,5001349210,33120071124,200,10752.8,38.18237566,30.46968446
3440,5001427111,33120065815,150,10743.2,38.29436304,30.4560291
3440,5001409854,33120095331,200,10732,38.19593271,30.53183457
3410,5001314873,33010342338,100,10729.81,40.2526036,30.11574863
3410,5001301187,33010295971,100,10726.74,40.17134683,30.03110069
3410,5001294971,33010352503,100,10709.14,40.10288299,29.82808732
3430,5008182560,33110399191,300,10631.4,37.3639907,31.31794272
3410,5001295097,33010456821,100,10576.79,40.06414478,29.8773246
3440,5001390559,33120141695,160,10574.98,38.15697464,30.55529662
3410,5001287006,33010426385,160,10548.56,40.36380376,30.11844162
3410,5001306014,33010459690,100,10547.71,40.28466155,29.84054186
3410,5009776524,3010958107,100,10493.2,40.11176815,30.00987992
3410,5007871211,33010675792,160,10475.25,40.33445555,29.94026054
3420,5001283401,33060108441,150,10448.6,39.84006968,29.91494809
3440,5001846654,33120187077,160,10422.79,38.15717314,30.58083256
3420,5001332765,33060104871,200,10408,39.7167,29.7611
3420,5010787723,3060242724,100,10388.92,39.615,29.8541
3420,5001319567,33060071510,150,10327.97,39.5681,29.8214
3440,5001381207,33120123875,150,10319.44,38.265,30.5153
3440,5001853427,33120188181,100,10318.67,38.14858539,30.47764593
3440,5008664630,33120224546,100,10317.34,38.22663,30.43968
3410,5001302317,33010325088,100,10301.2,40.05127266,29.9224001
3410,5010600826,3011036393,100,10285.43,40.2092,29.9672
3410,5001316742,33010491973,100,10276.6,40.0027,29.9131
3410,5001284770,33010350643,200,10268.4,40.30569828,29.81318054
3410,5008914957,33010777139,40,10266.27,40.36064,30.03592
3440,5001349060,33120167861,160,10221.33,38.18745066,30.52888267
3410,5001231701,33010130176,100,10219.08,40.42221,29.84453
3430,5001367197,33110361990,60,10212.71,37.65885849,31.0798293
3440,5001443227,33120132005,200,10188.8,38.19387709,30.53388012
3440,5004130640,33120191651,150,10188.74,38.26582429,30.50449186
3440,5011242256,3120320622,100,10182.87,38.2216,30.51938
3440,5001431214,33120066438,200,10177.6,38.31945979,30.46078582
3420,5001333124,33060107523,600,10108.8,38.8216329,29.73085507
3420,5001304172,33060096789,150,10096.79,39.8378008,29.83106399
3410,5001290730,33010322569,160,9993.59,40.11650032,30.05415401
3440,5001415439,33120096188,300,9963.6,38.20252158,30.46973001
3420,5010311784,3060232451,100,9890.78,39.44003357,29.84105138
3440,5001443230,33120148874,160,9878.03,38.71578344,30.30903992
3410,5001318857,33010402534,100,9862.65,40.26861959,29.81858932
3410,5001308494,33010644268,100,9853.78,40.10691125,29.84032952
3410,5001270842,33010452634,100,9824.83,40.41512442,29.8867374
3420,5009359943,33060212879,200,9820.4,39.7113,29.7881
3430,5010367499,3110491804,70,9808.22,37.6444,31.0506
3440,5001386483,33120141050,200,9806.8,38.31708166,30.45464133
3410,5001284024,33010410714,100,9755.63,40.02132162,29.80236968
3410,5008074344,33010695839,100,9705.14,40.09674193,29.8274674
3410,5001275257,33010333956,100,9689.21,40.15475221,30.0403162
3420,5011301601,3060254565,200,9683.2,39.287,29.9047
3440,5008185986,33120206557,100,9658.33,38.20116409,30.56678934
3440,5007996132,33120198830,100,9645.34,38.31868775,30.49755605
3410,5001287687,33010455411,100,9601.89,40.44342149,29.79059173
3420,5001327389,33060059005,300,9570,39.58723389,29.82040772
3410,5001300005,33010324161,100,9569.62,40.04425001,29.92309382
3420,5001327039,33060058680,200,9561.2,39.5805,29.8411
3440,5011847069,3120344581,150,9554.73,38.4223,30.3977
3440,5001446110,33120052497,150,9525.33,38.26430786,30.49795337
3440,5001397080,33120142530,200,9523.6,38.24359782,30.52740592
3420,5010349793,3060233304,125,9515.94,39.78118203,29.93189245
3440,5001445881,33120082576,60,9501.63,38.24935384,30.47139517
3410,5001252298,33010118117,160,9500.5,40.44316699,29.79567949
3440,5001339870,33120134387,200,9466.4,38.73347087,30.28058414
3410,5011616710,3011131632,70,9463.25,40.46153526,29.79428118
3410,5008151786,33010702586,100,9460.09,40.32160563,29.84398502
3410,5001325712,33010331076,100,9455.89,40.04480532,29.91069286
3420,5009872728,3060222436,160,9455.03,39.5357,29.8452
3410,5001308693,33010520242,100,9447.99,40.13903869,30.07649847
3410,5001284758,33010350634,200,9444,40.3108692,29.81413292
3420,5008316647,33060186859,160,9417.89,39.43563158,29.8345217
3430,5001410429,33110368936,160,9405.08,37.39484425,31.31335887
3410,5001285314,33010365842,100,9381.87,40.26890968,30.29678261
3430,5001350608,33110193535,300,9360.6,37.68530201,31.38736827
3410,5001236587,33010081465,60,9288.85,40.11569972,30.0090977
3410,5008502768,33010732137,100,9254.9,40.27159391,30.10471403
3420,5001333065,33060106938,200,9236.4,39.52098827,29.86640565
3410,5010638572,3011041796,150,9230.78,40.2579858,29.86044205
3420,5001310336,33060098166,200,9228.8,39.76817988,29.9325177
3430,5008268992,33110400720,100,9194.57,37.71350285,30.98351252
3440,5001389918,33120141309,200,9168.4,38.15753291,30.55539397
3410,5001305912,33010354769,160,9148.12,40.18792382,30.09603664
3410,5001314100,33010416736,160,9145.58,40.28615364,30.07265228
3410,5001231601,33010114593,800,9144,40.21972268,30.23698014
3420,5011538378,3060260965,70,9132.3,39.44419257,29.83482016
3440,5010790932,3120302750,100,9117.97,38.14829556,30.56801489
3410,5001248217,33010212389,60,9116.48,40.16560827,30.01553668
3440,5001458298,33120084893,200,9093.2,38.27491813,30.50011654
3430,5001337117,33110191595,100,9082.26,37.67138113,31.02607611
3440,5001859746,33120188511,100,9072.94,38.29883467,30.45490857
3410,5010399744,3011012669,100,9070.57,40.2778927,29.8145837
3410,5001253167,33010083414,100,9069.54,40.16270098,29.98924379
3420,5001316180,33060070568,200,9062.8,39.5687541,29.81752805
3410,5001284647,33010441210,200,9061.2,40.18848575,30.0718146
3410,5001284745,33010335441,160,9060.49,40.41046803,29.86407308
3410,5001285283,33010124553,160,9038.1,40.09888851,30.00991477
3430,5001385107,33110082723,100,9009.36,37.35779,31.2995
3410,5011687595,3011140014,100,8997.69,40.0467,29.8488
3430,5007922749,33110384457,60,8957.57,37.67003281,31.07643866
3410,5010316798,3011005379,70,8947.44,40.4786,29.7217
3410,5001301527,33010251609,100,8940.57,40.16068342,30.02518299
3420,5001307935,33060127910,300,8933.4,39.49137931,29.89355473
3410,5001260150,33010274069,400,8924.8,40.36474826,30.13250662
3440,5001443359,33120132079,160,8923.85,38.74188664,30.28658115
3410,5008365100,33010719485,160,8921.67,40.26177763,30.3021747
3410,5001292331,33010366975,200,8896.8,40.23707699,30.2168878
3440,5001439222,33120099279,150,8894.03,38.39669328,30.41431695
3420,5001316816,33060129899,300,8893.8,39.89314657,29.7850481
3440,5001352854,33120184530,100,8871.98,38.09652244,30.56321203
3430,5001370678,33110276119,150,8869.86,37.60448682,31.09389472
3430,5001362161,33110162726,150,8857.09,37.52636301,31.24373002
3440,5009089684,33120237606,100,8835.55,38.19347815,30.45489623
3440,5001406418,33120143869,150,8829.1,37.90127643,30.8701135
3410,5001322471,33010602787,100,8827.47,40.36234,30.13189
3410,5001265091,33010134872,200,8804.4,40.09199785,29.97880239
3430,5001405003,33110185669,125,8781.5,37.59846518,31.10074384
3410,5001305760,33010252384,160,8765.52,40.14784899,30.00604394
3410,5001304416,33010339969,150,8746.43,40.33394814,29.80629897
3410,5001316946,33010645953,100,8745.03,40.1186753,29.84055004
3440,5009189649,33120241654,100,8735.34,38.22071,30.54891
3440,5001422804,33120048529,300,8734.59,38.10167619,30.56749626
3440,5008542441,33120219500,100,8729.18,38.41914478,30.40370654
3410,5001303781,33010458511,100,8721.52,40.11083044,30.10613177
3430,5001851592,33110360830,150,8591.33,37.55652051,31.25740793
3440,5010172670,3120277488,70,8590.93,38.42001,30.40207
3420,5008518339,33060192266,70,8584.63,39.45456525,29.8297447
3410,5001301429,33010458271,100,8574.99,40.0556449,29.88205411
3410,5008122447,33010701346,160,8536.28,40.37641334,29.83810609
3430,5001434905,33110372438,100,8526.11,37.57072594,31.20786249
3440,5001357188,33120136800,100,8525.45,38.28271,30.4807
3430,5001434828,33110333851,160,8511.05,37.6491942,31.06919413
3410,5001287621,33010322489,160,8502.27,40.15783478,30.0426652
3430,5010980618,3110521780,70,8491.3,37.7019,30.9933
3410,5010008653,3010972723,160,8488.01,40.42319955,29.95115108
3440,5008156569,33120204516,70,8483.05,38.75633798,30.28855783
3410,5001330174,33010620112,60,8474.6,40.39325063,30.02835943
3430,5001394126,33110328467,160,8450.1,37.52899978,31.22271363
3410,5009220882,33010910669,100,8436.35,40.1144,29.9766
3410,5001298718,33010502674,160,8426.73,40.44220332,29.7508658
3410,5001307279,33010093751,100,8422.33,40.31707,30.14889
3440,5011731531,3120342085,40,8414.09,38.27610949,30.52070593
3410,5008411905,33010725661,150,8391.08,40.27839296,30.00315166
3430,5001390204,33110327951,30,8383.38,37.60676671,31.07244474
3410,5008441754,33010727610,70,8354.84,40.06087318,29.87711333
3440,5001373782,33120106346,200,8350.4,38.32702288,30.45917346
3410,5008709452,33010754143,100,8319.09,40.0815713,29.88444005
3410,5001268242,33010378279,150,8310.49,40.24801978,30.08687566
3440,5009401411,33120249376,70,8307.24,38.217,30.5437
3410,5008346632,33010718521,70,8289.58,40.34971631,30.06247069
3440,5008049151,33120200366,200,8282.8,38.29213534,30.45778984
3410,5001285598,33010455369,100,8253.73,40.3580435,30.08641087
3440,5012071619,3120352386,150,8236.66,38.09623683,30.61339622
3440,5001381503,33120156796,150,8223.16,38.3189401,30.45678128
3430,5001409608,33110218410,400,8212,37.52053368,31.22446988
3410,5001290718,33010322550,100,8203.02,40.04690066,29.91257667
3440,5001446238,33120165946,300,8186.4,38.20156009,30.55040134
3440,5011979846,3120349694,70,8146.2,38.7188,30.3771
3410,5001276638,33010320653,160,8136.27,40.14845681,30.05417283
3440,5001348809,33120135508,160,8127.81,38.2105456,30.54838759
3410,5001304657,33010459448,200,8109.6,40.30722859,29.83012774
3430,5008884751,33110436885,70,8108.56,37.5372466,31.22580602
3410,5001298530,33010108845,200,8104,40.16160222,29.98922417
3410,5001285635,33010455387,160,8091.26,40.11537549,29.94274413
3410,5008561702,33010735809,100,8084.35,40.3218,30.044
3430,5010485900,3110498823,50,8076.39,37.531,31.2131
3420,5001304758,33060035907,200,8070.4,39.7778,29.931
3440,5008971198,33120234097,150,8061.02,38.13070412,30.56471279
3410,5001283882,33010440750,100,8035.85,40.26330071,30.1036678
3410,5001295032,33010456787,100,8033.55,40.2272,29.8419
3440,5001348797,33120103193,125,8002.76,38.2251093,30.52400958
3410,5001235765,33010097438,100,7997.32,40.1587,29.9794
3410,5001282182,33010454577,160,7995.56,40.20387766,30.03965528
3440,5001370188,33120122180,100,7994.36,38.23901303,30.54137825
3410,5001230670,33010146247,100,7970.11,40.42895747,29.82280354
3410,5001248196,33010117316,100,7952.11,40.0986,30.0197
3420,5010964636,3060246213,100,7943.53,39.44938979,29.83277026
3410,5009686860,3010950969,70,7902.45,40.41588671,30.04629946
3420,5001287233,33060079895,160,7884.51,39.52062929,29.86014279
3410,5001320953,33010631009,30,7877.23,40.12769,29.84977
3410,5001264871,33010134756,200,7869.2,40.13191031,29.8775496
3410,5001306913,33010110244,200,7861.2,40.3055156,30.23599111
3410,5011008197,3011079292,125,7857.61,40.3461,29.9619
3430,5001427612,33110300822,160,7857.58,37.37787415,31.26849379
3430,5011328269,3110537181,100,7856.06,37.68174678,31.06755294
3430,5001421094,33110171181,200,7837.6,37.48590094,31.27799096
3430,5001415320,33110315594,400,7818.4,37.5758769,31.09929109
3430,5009262818,33110455067,70,7818.25,37.55771023,31.19397675
3420,5008936223,33060203898,200,7799.6,39.46912255,29.89347443
3440,5008311995,33120209853,150,7788.66,38.2362092,30.41856341
3410,5001324242,33010480011,160,7745.93,41.58959484,29.18225912
3410,5001311379,33010521419,100,7743.22,40.13751803,30.0072013
3410,5001292079,33010366831,100,7730.51,40.45431495,29.7937868
3420,5001316660,33060114831,200,7717.2,39.88941,29.82022
3410,5001228327,33010129980,150,7705.14,40.08058839,29.98239685
3420,5001854959,33060171515,300,7666.2,39.55646922,29.86230263
3420,5001335556,33060137952,300,7646.4,39.74987057,29.83475972
3440,5010986127,3120317171,100,7644.69,38.73299345,30.30711607
3420,5001295476,33060095208,300,7624.8,39.558,29.8682
3410,5001300398,33010443706,500,7606.4,40.35377148,29.81665907
3420,5001283357,33060123456,150,7603.92,39.59321697,29.8317655
3440,5001406000,33120127060,200,7589.2,38.28355782,30.487584
3410,5001290302,33010138595,200,7586.8,40.12684734,29.87875045
3410,5001332384,33010635269,160,7582.77,40.32825912,29.94256161
3410,5001318283,33010357911,100,7571.44,40.31439131,29.81420877
3410,5001296842,33010457318,100,7561.26,40.029,29.9086
3410,5001224529,33010096154,100,7554.84,40.2344473,29.81064746
3410,5001231249,33010146621,100,7553.51,40.39423278,30.05446299
3410,5001302245,33010281420,100,7551.2,40.10047307,30.06969289
3410,5001272642,33010424415,100,7534.38,40.40831038,30.0497985
3410,5001268554,33010438690,100,7517.87,40.40872948,30.0663717
3440,5010911144,3120314044,70,7491.09,38.32233554,30.49291751
3410,5001301132,33010458075,100,7487.6,40.12644721,30.12278697
3410,5001306610,33010207450,200,7477.6,40.1593,29.7933
3410,5001281570,33010137490,100,7469.4,40.18608557,29.85292728
3410,5008637264,33010745458,150,7446.71,40.28303753,29.80980024
3440,5001427184,33120065851,150,7444.26,38.18827198,30.4471842
3410,5010515760,3011023143,70,7443.68,40.41940298,29.86503215
3410,5001322161,33010329944,160,7415.05,40.26268351,29.80915051
3410,5001278714,33010621989,60,7398.96,40.26618998,30.27139261
3430,5001352906,33110290314,200,7394.4,37.57203944,31.10475087
3410,5001301791,33010518914,100,7385.93,40.15426458,30.08763424
3430,5001435732,33110205430,200,7383.2,37.40936401,31.29868664
3410,5007934338,33010679174,100,7382.22,40.10146149,29.81215316
3440,5001434848,33120147509,60,7381.46,38.06706679,30.61830505
3410,5009476495,33010936226,100,7381.45,40.30820142,30.19554747
3410,5008662740,33010749751,100,7374.49,40.15845786,30.0423844
3410,5001301299,33010458182,100,7368.63,40.41045658,30.06298968
3410,5001324284,33010480085,100,7337.07,41.59532722,29.17815817
3440,5011893461,3120345523,400,7297.6,38.41873167,30.37412175
3440,5001335853,33120149915,100,7296.97,38.22325263,30.51498194
3410,5011648910,3011135201,125,7287.87,40.17672373,30.23507271
3410,5008482969,33010731013,70,7263.43,40.25248177,30.16032089
3420,5001330611,33060028528,200,7255.6,39.87432,29.77526
3410,5008301384,33010713098,50,7224.61,40.4107851,30.05361514
3410,5001308712,33010445148,100,7220.11,40.28679491,30.05252027
3410,5001321519,33010631690,100,7217.89,40.19951048,30.14299362
3410,5001263601,33010347639,100,7213.65,40.26815326,29.81078785
3410,5008715320,33010754896,100,7200.77,40.3458,30.03578
3410,5001299617,33010641810,60,7198.68,40.20447247,29.80530008
3410,5001287349,33010322308,150,7194.53,40.23791317,29.79276133
3440,5001708185,36120008921,100,7181.11,38.09554944,30.57888238
3410,5001305365,33010613299,100,7176.01,40.15098746,30.11270712
3410,5001245395,33010082444,150,7170.1,40.0921,29.9602
3410,5001326641,33010450809,150,7159.74,40.21830374,30.12255458
3440,5001434674,33120179226,100,7151.53,38.16427697,30.41739881
3430,5001344658,33110359472,30,7107.48,37.57462788,31.22961786
3440,5001336610,33120085916,200,7097.6,38.19772311,30.53066856
3410,5001288548,33010336617,100,7095.7,40.25170816,29.97830874
3440,5001344376,33120020331,150,7091.84,38.23701844,30.48775613
3410,5001300658,33010518825,150,7090.5,40.19030318,30.28735402
3420,5001299672,33060034571,200,7087.2,39.8287679,29.86386567
3440,5008502027,33120216858,100,7069.3,38.0963405,30.55932895
3410,5001292253,33010456277,100,7067.63,40.18649413,30.29953085
3440,5001402232,33120011860,100,7066.68,38.2350888,30.47535975
3410,5001296139,33010323557,150,7047.7,40.10419644,30.0377991
3410,5001324945,33010509808,100,7031,40.29978756,29.9493874
3420,5001293727,33060124598,150,7026.33,39.69056401,29.910301
3410,5009344651,33010925438,100,7025.66,40.1708,30.2919
3410,5001293242,33010106967,160,7025.42,40.13051748,29.86568099
3410,5001310127,33010460378,160,7016.32,40.07878687,29.88103139
3420,5008528806,33060193291,150,7013.28,39.75943821,29.84231882
3410,5001308486,33010644259,150,7008.96,40.13932379,30.01250286
3440,5001410090,33120078125,150,7007.5,38.30746583,30.46906486
3410,5007977841,33010683211,100,6997.47,40.01057907,29.79226329
3410,5001290866,33010442001,200,6987.2,40.32452603,29.93845914
3420,5001326954,33060058616,160,6975.12,39.58227924,29.82656254
3410,5001314514,33010386781,160,6946.93,40.16026805,29.90395971
3420,5009246284,33060209775,70,6941.33,39.4515,29.8396
3410,5007960211,33010682189,100,6940.01,40.40505479,29.87096445
3410,5001262977,33010347236,160,6922.13,40.25201599,30.16144531
3430,5001349002,33110289805,100,6919.74,37.49753819,31.20077566
3410,5001261045,33010134326,100,6918.95,40.23390428,29.9771818
3440,5009945688,3120265988,200,6915.6,38.48552604,30.40657373
3410,5001293493,33010139485,100,6914.66,40.42716822,29.82559066
3410,5009414505,33010931847,70,6903.44,40.11114932,29.89409225
3410,5008413789,33010726004,70,6884.49,40.18505927,30.09538101
3430,5001413422,33110170192,150,6855.7,37.51393133,31.22712943
3430,5001362077,33110079451,250,6828.6,37.40387384,31.31283556
3410,5001287291,33010411481,100,6827.68,40.18110518,29.83786243
3410,5010024357,3010973490,100,6827.02,40.30384579,30.1014477
3410,5008606970,33010740952,100,6826.22,40.12247572,30.0058162
3420,5009837925,3060221715,160,6815.56,38.8578,29.7793
3410,5001236444,33010097797,100,6806.65,40.1010892,29.98401246
3410,5008665954,33010747471,150,6802.85,40.34877117,29.82928856
3410,5001314020,33010431831,100,6792.03,40.19286408,30.01576108
3430,5001401719,33110329320,100,6788.74,37.6569381,31.05953576
3420,5009255235,33060210220,200,6783.2,39.5842,29.8417
3420,5001333900,33060030464,200,6782.8,39.7729,29.9107
3410,5001279975,33010410090,70,6782.27,40.21093705,30.09614841
3410,5001310206,33010253363,100,6780.02,40.1720562,30.02858985
3410,5001298572,33010141062,100,6777.37,40.10797311,29.82324829
3410,5001290648,33010088902,100,6777.35,40.17271288,30.01739808
3410,5001274952,33010290563,160,6775.6,40.12955493,30.02007175
3440,5011272066,3120326789,100,6775.2,38.31489895,30.47057914
3410,5001282349,33010123921,200,6769.6,40.22437215,30.02604964
3410,5001309453,33010326595,160,6757.32,40.02210773,29.79080416
3430,5001436258,33110205743,100,6756,37.54199171,31.24059105
3420,5001326931,33060058591,400,6736.8,39.57013103,29.81133826
3410,5001284459,33010321731,100,6727.84,40.16739895,30.05771881
3410,5001295804,33010279753,160,6707.8,40.17491407,30.04161986
3420,5001321461,33060116971,160,6700.85,39.58272984,29.83467377
3410,5001305225,33010384561,200,6690.4,40.0144,29.8949
3410,5001252704,33010083174,200,6690.4,40.17341788,30.0210789
3430,5001350459,33110242021,150,6687.44,37.52483853,31.23402812
3440,5001410588,33120127918,200,6686.8,38.1181784,30.56978727
3440,5001453830,33120083958,200,6686,38.17310252,30.49089052
3440,5001409799,33120077979,200,6670,38.34815305,30.45709518
3440,5008927947,33120232548,50,6650.81,38.15450904,30.47537665
3440,5001431452,33120114197,160,6642.97,38.24911,30.41348
3420,5001297521,33060095843,200,6640,39.69407289,29.7676131
3410,5001298523,33010140898,200,6632.4,40.3055183,30.23602616
3410,5001296956,33010457381,100,6611.11,40.20057132,30.08167282
3410,5001316242,33010284861,160,6609.62,40.15983943,30.03246423
3420,5001331525,33060090730,200,6602.8,39.61245839,29.81813268
3410,5001296298,33010280093,160,6601.68,40.20238876,30.05258263
3410,5001253476,33010100604,100,6599.67,40.1483,29.8489
3410,5001301367,33010353805,160,6581.36,40.27239132,29.81081249
3410,5008140823,33010703000,100,6581.31,40.40433727,30.11470601
3410,5001266664,33010120699,100,6573.94,40.199735,29.99133988
3410,5001300324,33010398226,160,6559.74,40.22931725,30.0605197
3420,5010247430,3060230518,150,6557.48,39.8628,29.9201
3420,5001330882,33060028850,200,6549.6,39.77758802,29.9069573
3410,5001296079,33010397416,100,6542.33,40.27978187,30.04666296
3430,5001440616,33110285771,160,6500.83,37.57856237,31.09928837
3420,5001313928,33060022524,200,6482,39.7863072,29.92687768
3410,5009392179,33010925213,100,6470.77,40.34356,29.88848
3430,5001370605,33110309407,100,6467.86,37.50895113,31.21930551
3410,5001253288,33010133392,100,6452.02,40.22955324,29.88892467
3440,5001410632,33120013499,100,6451,38.06608389,30.64260907
3410,5001322497,33010330140,100,6445.12,40.32185231,30.04400673
3410,5009966962,3010969746,70,6435.44,40.37739159,30.03813167
3440,5007880013,33120193833,300,6422.4,38.43793861,30.41630267
3410,5001296391,33010412862,100,6421.6,40.09832793,29.8218168
3430,5001356884,33110307206,60,6420.57,37.5548927,31.24503769
3440,5001336114,33120150068,160,6415.19,38.69259505,30.2982419
3410,5009525263,3010937822,100,6396.6,40.35456173,29.92830969
3410,5001307538,33010144995,200,6396.4,40.3619,30.0604
3410,5001268547,33010378457,100,6393.13,40.114,30.0454
3410,5001280170,33010277418,100,6375.16,40.17273187,30.03310866
3410,5010170035,3010990491,100,6360.62,40.25619605,30.03662732
3410,5001298620,33010109181,100,6341.41,40.05579184,29.98963926
3410,5008168060,33010705612,100,6337.27,40.37006996,29.87252779
3420,5001299203,33060125998,200,6330,39.4778,29.9433
3430,5001449676,33110356819,100,6311.08,37.52395428,31.21440481
3410,5001241082,33010098186,150,6307.78,40.16815,29.87872
3410,5001297644,33010353411,100,6292.93,40.29733445,30.27896623
3410,5001290870,33010279109,150,6276.93,40.24709406,30.16731025
3410,5001320060,33010373067,160,6274.2,40.19011641,30.09339391
3440,5001390271,33120075642,100,6260.53,38.22202279,30.52839947
3430,5004160049,33110382354,60,6255.85,37.53610603,31.2608723
3410,5001326953,33010405438,150,6247.92,40.03592406,29.94469292
3410,5010199768,3010994785,100,6240.06,40.01397498,29.79910799
3430,5001343791,33110337635,60,6232.63,37.53478546,31.23138155
3430,5009723986,3110469812,200,6228,37.50868,31.20148
3410,5009027799,33010779106,160,6222.94,40.15824,30.02852
3420,5010354993,3060233298,100,6211.56,39.44346073,29.83168349
3410,5001294980,33010234312,160,6207.77,40.28502291,30.00027092
3410,5001287210,33010322219,100,6206.1,40.27134217,29.99502762
3410,5001306946,33010110351,160,6200.5,40.17376045,30.0201295
3420,5001310587,33060098326,200,6196.4,39.52625163,29.85786409
3410,5001278052,33010349581,100,6196.19,40.25064374,30.05520549
3440,5001410272,33120144338,100,6190.96,38.44433616,30.409553
3430,5001392969,33110067558,100,6183.23,37.37843598,31.31765972
3410,5001288602,33010293458,160,6164.75,40.32743604,30.04762507
3410,5010058669,3010976802,70,6164.13,40.42435,29.94881
3410,5004136558,33010658399,160,6163.25,40.22532616,30.30240992
3440,5001402203,33120175129,100,6162.38,38.00126159,30.70114917
3440,5001435631,33120098951,200,6160,38.20105783,30.42065519
3410,5001288177,33010125176,100,6156.52,40.19268,29.82623
3410,5001272612,33010409231,100,6154.31,40.17477477,29.84206478
3410,5001315863,33010314066,160,6143.32,40.20153207,30.01861622
3420,5001311291,33060037723,200,6130,39.8831,29.7719
3410,5001230743,33010113925,100,6115.68,40.14564962,29.99230203
3410,5009273936,33010919833,70,6108.58,40.33249838,29.85491677
3430,5010994640,3110524772,70,6107.35,37.55464715,31.24896816
3410,5001243664,33010116186,150,6105.08,40.1078,29.9709
3410,5010993481,3011064763,70,6103.34,40.40655356,29.92469952
3410,5008604564,33010741299,50,6094.87,40.32858348,29.89404683
3440,5001397037,33120076597,400,6085.36,38.26948672,30.4618398
3410,5009140317,33010798925,100,6081.88,40.23061283,30.06140846
3430,5001423165,33110370863,150,6078.11,37.6246,31.1008
3410,5001259494,33010228899,100,6067.64,40.19502524,29.91128073
3420,5001283110,33060108217,200,6054,38.80344932,29.71256256
3420,5001325832,33060087725,100,6050.51,39.8302,29.8853
3410,5001253148,33010083405,100,6050.44,40.16184764,29.98980855
3430,5001420705,33110170951,100,6039.68,37.51354242,31.2272724
3420,5001398171,33060169947,100,6033.89,39.44537446,29.83705923
3440,5001402545,33120077342,200,6030.8,38.18948,30.45431
3410,5001301925,33010281205,100,6022.22,40.20590236,29.98714992
3410,5008043111,33010687981,100,6016.83,40.36945666,29.85902038
3410,5001326956,33010436158,160,6005.38,40.13389555,30.1009118
3440,5010037477,3120272454,300,6002.4,38.19932,30.37374
3430,5001848445,33110374343,150,5999.59,37.71483637,30.95099032
3410,5001326284,33010404913,100,5996.55,40.27336561,30.08612675
3420,5001332975,33060106025,160,5995.08,39.61889428,29.8484891
3420,5001313573,33060160324,300,5988.6,39.4586,29.9137
3410,5001278268,33010349704,100,5986.92,40.01742949,29.79787564
3410,5010267073,3011002171,70,5981.61,40.0857,29.98739
3440,5001449727,33120116496,150,5977.28,38.10360958,30.57274551
3440,5004160703,33120193191,100,5975.16,38.14271592,30.3845135
3410,5001323442,33010316525,160,5974.37,40.14813953,30.05154446
3410,5010002475,3010971234,160,5962.76,40.23539069,30.03143632
3440,5001439537,33120051444,60,5959.95,37.93051164,30.71541588
3420,5001319579,33060024313,200,5956.4,39.841,29.9385
3440,5010740447,3120298316,100,5949.51,38.13908185,30.49090423
3410,5001279146,33010637380,100,5948.81,40.31226461,29.85364764
3420,5001280395,33060031873,200,5946.4,39.8223,29.8831
3410,5001271134,33010230449,100,5942.77,40.07378205,30.01027385
3410,5001227148,33010113541,100,5921.85,40.18950725,29.82486969
3440,5001851340,33120187747,60,5915.78,38.12844604,30.56624649
3440,5001386293,33120124451,150,5907.9,38.33419129,30.45617257
3420,5011577855,3060261882,200,5906,39.67989642,29.89855307
3430,5001367148,33110340621,60,5901.85,37.50691671,31.21459306
3410,5001251695,33010117684,100,5897.98,40.09567641,29.98398999
3430,5001389581,33110199145,60,5890.81,37.53177522,31.2399761
3410,5008096519,33010698394,100,5885.86,40.1921522,30.02819187
3410,5001292070,33010456179,150,5875.65,40.36403633,30.15609767
3410,5001272197,33010513631,150,5865.48,40.0151,29.9293
3430,5009438172,33110462160,70,5864.89,37.5733,31.1999
3420,5001299254,33060126046,300,5864.58,39.53538372,29.85808991
3410,5001300760,33010127591,100,5864.42,40.39056,30.06326
3410,5001275620,33010122657,100,5861.9,40.18640811,30.01103758
3410,5001269396,33010135628,160,5857.8,40.30064677,30.18475509
3410,5001302724,33010488584,160,5854.9,40.1933484,30.06926003
3410,5001256464,33010118977,160,5850.35,40.13477196,29.86750108
3410,5001240979,33010131333,100,5847.35,40.10838448,29.99633724
3440,5001401723,33120174865,125,5841.26,38.43835057,30.41424547
3420,5008715849,33060198751,400,5840,39.4536,29.928
3440,5001435111,33120098674,200,5832,38.26725643,30.44170003
3440,5008178141,33120203223,200,5832,38.02211955,30.68451028
3410,5001316244,33010417484,150,5831.82,40.1383,29.8269
3440,5009443214,33120249840,125,5823.47,38.29768,30.50301
3410,5001293354,33010078067,160,5811.89,40.24218423,29.99771023
3420,5001301546,33060096493,200,5811.6,39.74180661,29.85405049
3410,5001298928,33010625521,200,5800.4,40.09747475,29.89622551
3430,5001350062,33110160946,200,5788,37.49836177,31.19872129
3430,5001443785,33110158204,100,5781.76,37.3678,31.2839
3440,5001405901,33120012339,150,5754.6,38.22264814,30.47319786
3410,5008149800,33010704464,100,5751.23,40.16512934,30.29250596
3430,5001375307,33110245426,60,5739.73,37.55432049,31.23810863
3410,5001271207,33010363703,200,5738,40.16027527,29.92863379
3410,5001319457,33010418329,200,5732.8,40.20175461,29.80193777
3420,5010010607,3060224136,200,5725.2,39.6733,29.8866
3410,5001231406,33010146720,60,5723.64,40.2131,29.9858
3410,5001297151,33010250782,100,5719,40.24843512,30.1279133
3420,5001295014,33060094891,300,5715.6,39.74221662,29.84144285
3420,5001334192,33060031050,200,5708.8,39.8555,29.9318
3420,5008550827,33060193951,100,5708.1,39.5237,29.8623
3410,5001241969,33010271601,160,5703.1,40.4182067,29.84141607
3410,5010944349,3011060192,300,5698.2,40.31085917,30.19843164
3410,5001268625,33010513300,100,5688.38,40.05625237,29.84658599
3440,5001370317,33120057831,60,5684.31,38.26569723,30.46487429
3410,5001267985,33010393131,160,5680.74,40.17633734,30.04576992
3410,5007904733,33010677035,100,5679.16,40.16576589,30.24203486
3410,5001324825,33010509657,100,5678.9,40.20917712,30.12220952
3410,5001314940,33010342383,100,5678.83,40.06767511,29.95724255
3440,5001859731,33120188682,100,5675.71,38.41344491,30.39973751
3430,5001371181,33110180340,60,5672.85,37.503868,31.21539798
3440,5011566258,3120334029,70,5670.44,37.99219711,30.66370261
3440,5010622944,3120293285,200,5670,38.01416726,30.67516765
3410,5007958646,33010679924,100,5664.98,40.27509743,30.07576557
3420,5001314497,33060022918,200,5660,39.79726013,29.92446284
3410,5001224088,33010034483,100,5658.62,40.21363473,29.99442866
3410,5008512310,33010732692,70,5657.3,40.40969843,30.03948637
3410,5009578881,3010939863,70,5654.96,40.21026252,29.94575651
3410,5008029572,33010689528,150,5649.35,40.37289246,29.84042205
3410,5008093376,33010698151,100,5645.07,40.29559503,29.89903482
3410,5001286795,33010515921,100,5642.86,40.12381065,29.92723434
3410,5010652219,3011042551,100,5640.94,40.0342,30.0094
3410,5008132003,33010702970,160,5637.52,40.38402712,29.87164291
3410,5011600592,3011131516,70,5631.62,40.12377495,29.9821034
3410,5001301768,33010383564,200,5629.2,40.12919632,29.86323516
3410,5004130421,33010666096,150,5616.82,40.06863977,30.05009044
3420,5001310460,33060098246,160,5613.6,39.5957642,29.83465959
3410,5001294036,33010640170,100,5611.17,40.25702435,30.11070988
3440,5008818016,33120228797,150,5610.48,38.29152686,30.4949558
3440,5001361379,33120137487,300,5590.2,38.11262698,30.58508305
3410,5001301353,33010127994,100,5588.97,40.20982871,29.98932434
3440,5001370084,33120105984,60,5573.41,38.33751385,30.45305221
3410,5001318083,33010224666,100,5572.07,40.39706,30.04792
3420,5001320557,33060101191,200,5561.2,39.7761,29.8522
3410,5010252230,3010999137,100,5552.5,40.0961,30.1466
3410,5008186108,33010706431,100,5543,40.16299478,30.29316598
3410,5001322983,33010419433,160,5538.62,40.1943,30.0836
3410,5011220728,3011090923,70,5534.11,40.34574322,30.10612645
3410,5001262674,33010288485,160,5532.65,40.11621,30.06267
3410,5001330062,33010452081,160,5529.28,40.06229063,29.87254393
3410,5001291078,33010516796,100,5527.83,40.09350891,29.90995599
3410,5009410277,33010930643,70,5525.64,40.30657906,29.94697052
3410,5001275507,33010122577,100,5521.36,40.42573021,29.83339365
3440,5001339674,33120036519,150,5513.44,38.2447564,30.43588016
3430,5001424692,33110171538,100,5500.96,37.49161185,31.23642319
3430,5001335657,33110320281,30,5493.25,37.55311556,31.2511536
3410,5001276995,33010103956,100,5492.81,40.14335258,29.99080859
3410,5001244016,33010116435,100,5489.74,40.08622573,29.9760211
3410,5001299885,33010280496,160,5480.26,40.19300381,30.06437374
3410,5001282164,33010454568,160,5479.9,40.23111049,29.82743636
3430,5001405130,33110135433,60,5479.22,37.51365976,31.2436659
3430,5001362273,33110259172,100,5476.29,37.51480356,31.17738237
3440,5001419247,33120079202,60,5468.13,38.28031335,30.47855241
3410,5001276447,33010276994,100,5457.56,40.23091502,30.10543071
3410,5001319850,33010343863,150,5444.32,40.19876305,29.80622535
3440,5001352727,33120071385,200,5442.8,38.21649904,30.52403479
3410,5001284557,33010321795,150,5433.68,40.04206802,29.93409312
3420,5001276490,33060078243,100,5425.02,39.58337851,29.8406097
3430,5010371807,3110502551,70,5419.61,37.50106612,31.25007452
3410,5001317658,33010630656,100,5397.29,40.14412827,30.01870751
3410,5001846580,33010655673,100,5394.43,40.16815773,30.05008437
3410,5009366210,33010927835,100,5379.31,40.20677,30.03956
3410,5001283680,33010410509,100,5370.58,40.14069261,30.13322148
3420,5001280105,33060031720,200,5348.8,39.8298,29.9394
3430,5010786308,3110517750,70,5346.91,37.5091,31.2456
3410,5001262706,33010288501,100,5344.45,40.14718098,30.00732685
3440,5008433320,33120213678,100,5343.58,38.66309035,30.35152746
3430,5001357960,33110128822,100,5331.73,37.3705712,31.27953397
3410,5001327007,33010420864,100,5327.21,40.26390627,30.11357221
3410,5001307458,33010144341,150,5325.35,40.06467631,29.99152937
3430,5001394058,33110366074,100,5319.09,37.56701567,31.16619537
3410,5001223557,33010113175,100,5312.03,40.09128,30.00759
3410,5001248285,33010149660,100,5303.3,40.06796957,29.98875322
3430,5001370999,33110130491,160,5300.18,37.52222353,31.24941434
3410,5010507956,3011022182,70,5282.11,40.34593292,29.87236762
3410,5001316852,33010629682,100,5277.01,40.20308009,30.18057864
3430,5010251790,3110495723,150,5271.58,37.7623,30.9739
3440,5011529311,3120329557,150,5268.2,38.31813112,30.38142906
3440,5001336083,33120182464,100,5266.8,38.15950308,30.59450481
3420,5001288629,33060094069,200,5259.2,39.51741952,29.86767391
3440,5010284356,3120282764,150,5257.1,38.73080005,30.28969997
3440,5009461157,33120251507,70,5252,38.26798478,30.46073461
3410,5001301490,33010458315,100,5250.15,40.21133106,30.13129448
3410,5008661982,33010747603,150,5248.48,40.30129,30.24988
3410,5001287057,33010322111,100,5243.78,40.37357149,30.12536442
3440,5009382015,33120248243,100,5242.55,38.11177,30.46724
3410,5001287041,33010322101,100,5240.24,40.17276848,29.91236374
3410,5009302354,33010922383,30,5235.72,40.21041576,29.94619194
3410,5001299929,33010280521,100,5235.1,40.03236411,29.9981369
3420,5001308132,33060143109,100,5230.58,39.45864302,29.84072536
3410,5008842148,33010768828,150,5222.09,40.38578354,29.82991077
3420,5008828194,33060201131,70,5218.31,39.4617,29.8343
3440,5001390416,33120075722,150,5217.81,38.40060861,30.42074804
3440,5001435253,33120147732,70,5206.63,38.20300329,30.53462745
3410,5001235656,33010147656,100,5203.47,40.42723235,29.82594872
3410,5001248093,33010117245,100,5198.11,40.25298269,30.14998419
3420,5011616577,3060265353,100,5197.13,39.56638278,29.85008188
3410,5001321382,33010631528,100,5194.67,40.25811249,30.04781828
3440,5010899086,3120308708,125,5191.33,38.03247388,30.65002352
3430,5008191865,33110398274,60,5179.53,37.70481032,30.98455147
3410,5001290992,33010322747,100,5176.9,40.15446014,29.88812218
3430,5010485889,3110497611,50,5172.85,37.71735421,30.99393973
3410,5008400430,33010724574,100,5168.88,40.12009425,30.01069293
3410,5001304253,33010459199,200,5168.8,40.03454307,29.81389526
3410,5001324478,33010360452,160,5158.84,40.18072432,29.86993175
3430,5001432214,33110156765,60,5157.73,37.66978387,31.01663471
3430,5001862902,33110374352,30,5149.05,37.54021475,31.2434067
3410,5001272109,33010319581,100,5140.41,40.05520428,29.98804156
3410,5001267191,33010230037,70,5138.37,40.29516998,29.94526574
3410,5009238193,33010901561,100,5125.67,40.3837,29.9379
3430,5001386420,33110365120,100,5118.27,37.68001951,31.03956329
3420,5011255675,3060253595,600,5118,38.88431055,29.83480768
3410,5001330756,33010406954,100,5110.67,40.40109291,30.1079077
3410,5001313783,33010401180,100,5109.48,40.14965747,29.97107073
3410,5001304173,33010128552,100,5108.93,40.31488676,30.16298685
3410,5001277445,33010026392,70,5107.9,40.16528968,29.98936426
3440,5001386423,33120075179,150,5100.14,38.30890433,30.46515982
3410,5001319280,33010433399,100,5098.23,40.14622561,30.06233392
3410,5001326764,33010405278,100,5089.49,40.33661,30.07209
3410,5001326197,33010390021,100,5074.27,40.1579319,29.93012085
3410,5001306171,33010340502,160,5063.1,40.21598614,29.82537014
3430,5001370657,33110309434,60,5061.03,37.54594461,31.25014829
3410,5001279732,33010409956,100,5055.68,40.18570875,30.10777391
3430,5001425072,33110038841,100,5052.72,37.3714118,31.31513626
3420,5001299247,33060156770,100,5052.28,39.86842199,29.78149857
3410,5001267340,33010289491,160,5046.5,40.20918883,30.05000775
3410,5001248109,33010117254,160,5043.53,40.25298393,30.14998617
3410,5001284403,33010278157,100,5042.95,40.15257732,29.99990173
3440,5001356750,33120071895,150,5039.05,38.32041928,30.46168271
3440,5008097987,33120202226,30,5034.12,38.2407,30.5474
3440,5010438309,3120284689,150,5030.33,38.5803909,30.4287455
3410,5001236323,33010081311,100,5019.73,40.17589347,29.99865761
3410,5001276567,33010379712,150,5019.6,40.23727337,30.08145377
3410,5008599135,33010742723,100,5010.8,40.04256797,29.83284928
3410,5009514315,3010938418,50,4996.43,40.09406612,30.13199935
3430,5001365803,33110243950,150,4989.75,37.38485,31.29073
3410,5001334981,33010654550,200,4987.2,40.00593124,29.79555192
3430,5001385831,33110364786,100,4985.63,37.37688584,31.26678841
3410,5001266713,33010347728,160,4984.28,40.23703591,30.13151961
3410,5001291563,33010427417,100,4980.83,40.20222816,29.98341063
3440,5001357025,33120104379,200,4972.8,37.90260908,30.85575157
3440,5001419386,33120048270,100,4970.86,38.28221212,30.45528804
3410,5001328515,33010377226,160,4969.74,40.22581637,29.99841822
3430,5001432360,33110237907,200,4968.4,37.51422,31.23193
3440,5009356989,33120248216,30,4966.67,37.99638596,30.6728543
3410,5001291183,33010322872,200,4964.8,40.00252926,30.00180941
3410,5001291510,33010279548,150,4961.64,40.14545378,30.00909687
3410,5001319890,33010343891,100,4960.88,40.26265701,29.80963454
3410,5009069756,33010793277,70,4958.51,40.46199102,29.72844705
3410,5001298658,33010109332,100,4957.13,40.17233849,29.86117022
3440,5008655169,33120224161,70,4956.41,38.18919286,30.50936528
3410,5001323675,33010344628,100,4956.08,40.17947623,30.01675622
3410,5001236425,33010081367,150,4948.56,40.0942303,29.96160054
3440,5001389673,33120092536,200,4946.4,38.1722015,30.43997832
3410,5001315820,33010314039,100,4944.82,40.04437418,29.9138379
3410,5008669530,33010750485,100,4937.83,40.08305175,29.9994062
3410,5001269561,33010103141,100,4932.93,40.18488,29.96203
3410,5001312053,33010238062,100,4932.82,40.14833959,29.99020975
3420,5008756858,33060199759,300,4926.6,39.57536642,29.87719424
3440,5008028093,33120195669,200,4920,38.17707413,30.47813962
3410,5001870731,33010658076,100,4917.58,40.082272,30.02228019
3410,5001247849,33010117067,100,4913.85,40.25871838,30.15489359
3410,5008150145,33010703341,100,4912.55,40.37972797,29.91641892
3410,5001310033,33010355523,100,4910.48,40.19533796,30.03453267
3410,5001287686,33010248720,200,4906.8,40.30779838,29.81641343
3410,5001312350,33010238278,160,4906.15,40.23108,30.09522
3410,5001314619,33010328151,150,4905.25,40.30928,30.22176
3430,5011522662,3110544631,70,4896.78,37.54085807,31.23323127
3410,5001266992,33010229911,100,4893.05,40.23276475,30.09063683
3440,5011416991,3120328381,100,4890.87,38.10238237,30.56484219
3430,5001358160,33110128930,160,4888.79,37.49750755,31.22131099
3410,5010873038,3011065107,70,4876.44,40.40698383,30.0666116
3440,5001405854,33120012301,200,4869.6,38.10814778,30.58362657
3420,5001327147,33060058803,70,4865.08,39.57576164,29.84370605
3410,5001304944,33010311289,100,4857.46,39.99742141,29.79564576
3410,5001268398,33010319161,150,4853.39,40.25990896,29.81133278
3440,5010877108,3120306623,100,4849.82,38.7222,30.3717
3410,5001330761,33010392035,100,4845.53,40.32693131,29.94531496
3410,5001257271,33010101085,100,4839.58,40.1914897,29.84891013
3410,5001284406,33010426017,100,4829.25,40.07739645,29.9133174
3410,5001322398,33010419003,160,4825.96,40.39190677,30.02655365
3410,5001317967,33010239453,100,4818.66,40.14901905,29.86954898
3410,5001325372,33010649390,100,4813.79,40.23395101,30.09009431
3410,5001281157,33010104800,100,4812.82,40.17651,30.00696
3410,5001313505,33010506762,100,4810.99,40.10383792,29.91539522
3440,5011273243,3120326902,150,4810.16,38.01452408,30.69151188
3410,5001275024,33010349034,100,4809.43,40.0532,29.9142
3410,5001236560,33010097859,150,4787.09,40.1229,29.9827
3410,5001288372,33010455799,200,4773.6,40.20366723,30.26499108
3410,5001279465,33010622556,60,4772.86,40.30745394,30.19256834
3410,5001263470,33010347540,200,4770.8,40.07454788,29.97347734
3410,5009859764,3010961345,70,4769.82,40.41578,29.87299
3440,5001397287,33120011251,100,4768.48,38.23283063,30.4961217
3410,5001284720,33010350616,60,4759.28,40.26729338,30.02239257
3420,5009246261,33060209784,70,4758.49,39.4556,29.8326
3420,5001398511,33060170133,60,4738.2,39.67914713,29.65380702
3420,5009234324,33060209686,100,4733.36,39.5253,29.8423
3440,5001394302,33120158422,150,4731.13,38.26701659,30.42873626
3410,5001301069,33010458039,100,4723.08,40.28447863,30.06836616
3430,5001446434,33110335882,100,4719.61,37.47230259,31.41287267
3410,5001284575,33010426115,100,4695.56,40.44130383,29.80698998
3410,5001322951,33010389174,100,4693.63,40.14622914,29.87285481
3410,5001222694,33010112614,150,4677.69,40.07913786,30.00604581
3440,5008295514,33120209405,50,4667.5,38.13272715,30.372579
3420,5008635030,33060196391,200,4664,39.64101145,29.85292648
3420,5001311098,33060037607,400,4662.4,39.80552153,29.95888515
3410,5001291629,33010412352,100,4662.23,40.02703466,29.83972673
3420,5001328583,33060104272,200,4656,39.68818558,29.88249451
3410,5001324043,33010479674,60,4655.64,40.36969865,29.83115436
3420,5001332371,33060120614,600,4653.6,38.83636242,29.73183364
3420,5001287480,33060080054,200,4651.6,39.80770438,29.89452487
3410,5001307576,33010145428,50,4649.5,40.23263,30.21325
3410,5001314335,33010313695,100,4647.35,40.26024992,30.01629387
3430,5001432174,33110156747,60,4641.73,37.51493292,31.20742425
3440,5001853434,33120188191,100,4638.81,38.14997493,30.4767
3410,5010936400,3011065564,150,4635.64,40.09847558,30.15298468
3410,5009160546,33010800961,40,4632.36,40.12388,29.84084
3420,5001291323,33060033724,200,4624.4,39.79160456,29.93482893
3410,5001310642,33010355935,100,4616.91,40.43010708,30.04054426
3410,5010749691,3011049462,30,4609.01,40.0369,30.0049
3410,5001312513,33010342070,100,4607.49,40.31124921,30.03081833
3440,5001353312,33120104001,100,4604.83,38.2217019,30.51717899
3410,5001289882,33010088368,100,4604.64,40.0954,29.9631
3410,5001288036,33010125078,100,4604.01,40.1129,30.0049
3410,5001303318,33010504329,100,4602.59,40.2449519,30.08604708
3410,5009610664,3010945931,100,4593.05,40.19430302,30.03351029
3410,5009474370,33010935407,70,4580.98,40.3515,30.0474
3410,5001284220,33010321599,100,4579.85,40.26678423,30.02278262
3440,5004134014,33120191786,200,4573.6,38.27347282,30.43671735
3410,5001285368,33010124615,100,4566.55,40.40607503,30.06417821
3430,5001361138,33110291581,100,4558.89,37.55591938,31.23566436
3410,5009269771,33010920075,100,4554.12,40.2817,30.07877
3410,5001278407,33010454110,160,4553.17,40.07433416,29.87863719
3410,5001311772,33010356039,100,4549.49,40.38890801,30.07628376
3410,5001290289,33010106180,100,4543.21,40.25097858,29.99540392
3410,5001314598,33010432248,100,4539.83,40.13512715,29.84099214
3410,5001245179,33010082337,100,4527.41,40.096,29.9761
3440,5007921518,33120196399,160,4518.9,38.18210216,30.44211981
3440,5004140840,33120191445,60,4512.17,38.15512,30.59771
3430,5001439404,33110319001,60,4504.9,37.51720739,31.23773034
3410,5001279933,33010320822,100,4504,40.39722486,30.0472134
3410,5001276997,33010136581,100,4503.69,40.22835342,30.06742481
3410,5001279768,33010409974,100,4483.25,40.06579688,29.9234856
3410,5001317632,33010508103,125,4480.16,40.25695,30.1151
3410,5012092637,3011181053,100,4479.63,40.22888678,30.17367958
3410,5001269309,33010103007,100,4475.96,40.239,29.9992
3410,5001316902,33010492166,100,4471.78,40.12695791,29.94101217
3410,5001325694,33010419916,100,4468.82,40.40693528,29.89161641
3430,5001406562,33110330367,100,4461.53,37.47077619,31.24826915
3430,5001362239,33110129516,100,4460.99,37.51828428,31.24019768
3430,5008442007,33110411699,60,4456.98,37.61919924,31.09825807
3410,5001287449,33010308283,150,4452.5,40.041,29.9985
3430,5001356669,33110323111,100,4451.64,37.52012845,31.21332137
3410,5001322974,33010449451,100,4446.37,40.16547,30.04092
3430,5001417064,33110187467,60,4439.83,37.67580341,31.01604829
3430,5001409028,33110070231,100,4439.01,37.37678292,31.28072453
3440,5001405787,33120110699,200,4434.8,38.17145259,30.44713042
3410,5001297096,33010457461,100,4428.77,40.06808902,30.00084042
3410,5001295053,33010126496,100,4427.09,40.39933322,30.05950314
3440,5001402363,33120077253,200,4426.4,38.16315284,30.53673267
3410,5001324694,33010648516,100,4425.85,40.02013026,29.79729205
3430,5001377226,33110363878,30,4425.47,37.55941298,31.24657688
3430,5001365881,33110211651,150,4418.26,37.67727669,31.02487562
3410,5001271523,33010121972,100,4417.33,40.23101714,30.06338248
3410,5001292695,33010012566,400,4404.8,40.11344465,29.99041819
3440,5001370505,33120057949,100,4402.77,38.27085,30.4561
3430,5001333305,33110058737,150,4402.24,37.3692,31.3181
3440,5001401793,33120045527,100,4401.97,38.20234417,30.46385545
3410,5001310412,33010460556,100,4401.03,40.14621638,30.00841974
3430,5001379291,33110245991,125,4398.93,37.50778942,31.24182268
3410,5001279993,33010410106,100,4398.43,40.13807127,30.04297343
3410,5001306289,33010297930,100,4390.35,40.23871,30.02753
3410,5008258232,33010708982,160,4380.99,40.23502021,30.18864162
3430,5001420959,33110137812,150,4380,37.51033634,31.23882512
3430,5001453148,33110287711,100,4379.28,37.54882089,31.25292733
3410,5001275098,33010453373,100,4372.8,40.03890404,29.84527268
3440,5008001213,33120193584,100,4365.34,38.11627,30.39433
3410,5008630240,33010746007,100,4363.97,40.01999509,29.79236424
3410,5008180533,33010702915,100,4363.5,40.28128081,29.81402752
3410,5001291046,33010279225,160,4362.92,40.17655356,30.04643814
3440,5001367648,33120023109,90,4352.95,38.11053676,30.57497697
3410,5001234941,33010114815,100,4350.1,40.20860242,29.98750448
3410,5008259528,33010710102,100,4349.24,40.18338499,30.14733898
3420,5010564476,3060238301,100,4347.8,39.8795259,29.81353039
3430,5001421529,33110072290,160,4346.32,37.37405,31.27714
3410,5001305373,33010414894,160,4345.27,40.10969889,30.0223102
3440,5009074216,33120237295,50,4338.44,38.27340981,30.39948541
3410,5001304174,33010458781,160,4337.68,40.11239974,30.13428242
3410,5001284360,33010321679,160,4336.87,40.21971167,30.09334136
3410,5001263910,33010437674,160,4336.45,40.13732901,30.04155507
3410,5001313856,33010401232,100,4332.49,40.20781618,30.09056761
3440,5009105883,33120238434,30,4330.5,38.10019318,30.61675715
3410,5001309569,33010326675,100,4329.93,40.26133429,29.94742146
3420,5010367090,3060233501,150,4328.32,39.47565016,29.91907886
3410,5001290919,33010426975,100,4321.2,40.30542805,30.20111812
3410,5011205445,3011082986,100,4318.29,39.9904,29.8045
3410,5001302193,33010383841,100,4312.09,40.01384744,29.79727508
3410,5001232034,33010051761,100,4308.13,40.21623589,29.95450811
3410,5001256169,33010118761,100,4306.54,40.39606514,30.07663452
3410,5001307025,33010110647,100,4300.64,40.2231344,29.96749704
3430,5009438184,33110462212,30,4297.87,37.5635,31.1991
3420,5001340985,33060162276,200,4296.8,39.65718065,29.86048025
3430,5001421130,33110188052,150,4290.98,37.67575,31.0163
3410,5001307566,33010145320,160,4288.67,40.07284,29.98448
3410,5001214947,33010094893,100,4288.07,40.17795779,29.85651496
3440,5001394562,33120010657,100,4287.46,38.22446534,30.48012895
3410,5001300151,33010428497,160,4284.01,39.99849483,29.79047406
3440,5001439600,33120067730,100,4278.57,38.23156465,30.50873787
3430,5001425395,33110155712,150,4275.42,37.68904355,30.98652948
3410,5001302014,33010281260,100,4273.4,40.0331,29.9986
3430,5001361821,33110129285,60,4268.87,37.53491222,31.24173012
3410,5001275954,33010276653,150,4267.52,40.16560423,30.05132047
3410,5001326323,33010450531,100,4266.45,40.41018409,30.04730735
3410,5001295720,33010517229,100,4266.09,40.33778622,29.94709231
3410,5001282513,33010454764,160,4253.21,40.0728,29.8721
3410,5001307790,33010504839,100,4249.22,40.12828407,29.97097566
3410,5001279819,33010410008,100,4246.48,40.12404617,30.11381724
3410,5010871289,3011049444,70,4240.15,40.28255495,30.02431863
3420,5001320281,33060100943,100,4237.14,39.54501312,29.83941927
3440,5009162525,33120239781,70,4230.6,38.33763749,30.45065254
3430,5001412742,33110218474,160,4230.15,37.52071233,31.22144599
3410,5001287691,33010124830,100,4227.83,40.12260236,29.98558818
3420,5001317552,33060130728,200,4226.8,39.6149,29.8541
3410,5001280197,33010425314,100,4224.47,40.27091154,30.14553803
3410,5001295935,33010279842,160,4216.21,40.14778698,30.04740849
3410,5001249182,33010082865,100,4216.1,40.09249,30.00654
3440,5001423080,33120048716,100,4211.55,38.12462523,30.56650636
3410,5001288001,33010455583,100,4210.18,40.07913143,29.86824525
3420,5001296363,33060034383,200,4208.8,39.8303,29.9501
3410,5001322843,33010389094,160,4208.64,40.22101972,29.82496525
3420,5001310415,33060098219,200,4208,39.73340897,29.87114557
3410,5011647027,3011136085,70,4205.89,40.09495402,29.96394458
3410,5001303544,33010627187,200,4198,40.4713875,29.75812068
3410,5008696818,33010753567,100,4197.87,40.22811415,30.09248134
3430,5001405005,33110135362,100,4196.31,37.68407369,30.99380311
3410,5001267431,33010230181,150,4195.13,40.20329016,29.8112631
3410,5001286629,33010138138,200,4189.6,40.23477601,30.06595025
3410,5001291369,33010323001,100,4186.5,40.2234,30.1039
3440,5001380823,33120107479,200,4181.6,38.26596788,30.44540815
3410,5001259614,33010198889,100,4179.7,40.38525871,30.07331011
3410,5001320899,33010647116,200,4177.6,40.24129458,30.06401342
3440,5001419286,33120145489,100,4173.86,38.30228537,30.44091316
3410,5001315892,33010314084,160,4172.78,40.26346398,30.07440665
3410,5001308863,33010520369,100,4163.39,40.07310061,30.04925748
3410,5001255760,33010243321,125,4161.23,40.20105088,29.82465272
3410,5001266960,33010362994,100,4156.05,40.20877399,30.02748695
3420,5001325355,33060118090,100,4149.61,39.83094293,29.8329624
3410,5001301628,33010128178,100,4145.22,40.36289064,30.06245487
3440,5001344463,33120020386,150,4143.47,38.21012047,30.49167858
3410,5001302584,33010325275,160,4140.14,40.20157558,30.04086008
3410,5001267516,33010289615,160,4139.14,40.15640004,29.98863901
3410,5001319577,33010418427,100,4136.77,40.09581883,29.99765393
3410,5001270722,33010348322,150,4136.28,40.30814,30.24322
3440,5001394152,33120076121,100,4135.06,38.15320153,30.45843723
3410,5001308907,33010520396,60,4129.16,40.30834397,29.98150831
3430,5001398135,33110184536,100,4126.74,37.50417546,31.22495244
3440,5001386422,33120172969,150,4126.3,37.95567752,30.72341679
3410,5001227861,33010096323,100,4125.51,40.09049536,29.97175851
3410,5001268128,33010318987,150,4121.3,40.06513489,29.95783621
3410,5001296988,33010127116,100,4116.74,40.08437066,29.94567302
3410,5001256560,33010228262,160,4115.36,40.13164051,29.97895205
3410,5008344103,33010719716,100,4109.16,40.21378806,30.26480425
3410,5001296026,33010323477,100,4106.14,40.08159888,30.01246094
3410,5001307564,33010145301,160,4105.13,40.38551342,30.07705702
3410,5001295848,33010427613,150,4099.28,40.38317656,29.81199636
3430,5008044324,33110390024,100,4095.91,37.69934606,30.98835404
3410,5001862414,33010660904,160,4092.56,40.27807057,29.85069733
3410,5008414926,33010725188,50,4090.78,40.22752179,29.99820003
3410,5001315224,33010238895,100,4085.87,40.01082189,29.80185962
3410,5008182515,33010706306,100,4083.92,40.30048212,30.06014145
3410,5010869125,3011064558,70,4076.86,40.34598651,29.87328059
3440,5010972637,3120314287,40,4074.27,38.1781,30.5519
3420,5001302121,33060035489,200,4068,39.78185438,29.92744316
3440,5001381259,33120140348,60,4061.71,38.38550985,30.45086421
3410,5008612492,33010744011,100,4061.38,40.19915268,30.09455827
3410,5001271886,33010319456,100,4061.11,40.016,29.7851
3430,5010942456,3110524807,200,4058.8,37.42051136,31.29139336
3410,5001262907,33010347192,160,4057.2,40.11558025,30.01807619
3410,5001327597,33010405975,100,4054.13,40.30314817,30.20172796
3440,5011140468,3120322261,50,4049.01,38.3167275,30.48063991
3410,5001239318,33010164414,100,4043.87,40.12686865,29.98121116
3410,5001231568,33010114575,500,4042,40.21950729,30.24570946
3410,5001220445,33010112481,100,4038,40.257759,30.15069984
3410,5001305701,33010267171,150,4037.11,40.20258018,29.81067359
3440,5001348971,33120167815,150,4030.33,38.39040621,30.44948556
3440,5009203390,33120242105,40,4027.91,38.26848309,30.45060171
3440,5009523713,3120252139,70,4016.58,38.28413,30.37812
3430,5008080628,33110393394,150,4015.69,37.65669,31.0751
3410,5010611215,3011039662,100,4010.43,40.12420233,29.87506341
3420,5001311242,33060037699,400,4006.4,39.80658958,29.97763458
3410,5011069350,3011083876,70,4002.95,40.37550144,29.95474067
3410,5007922336,33010678257,60,3995.17,40.11009755,29.99536908
3410,5009382075,33010928903,70,3989.79,40.06385854,30.06416472
3430,5008807821,33110432151,70,3989.78,37.49418739,31.29387406
3410,5010431726,3011020704,150,3981.84,40.0699,29.9967
3410,5001248592,33010257649,100,3979.94,40.03747888,29.9951151
3410,5008541139,33010736898,100,3977.54,40.11021761,29.94846281
3410,5001286840,33010426278,100,3977.38,40.0738,29.9097
3410,5001291941,33010456105,100,3976.24,40.12329227,29.93573405
3410,5001307251,33010093662,100,3975.81,40.18530479,29.82372953
3410,5009335483,33010924083,100,3971.07,39.9823,29.9726
3410,5001296756,33010457265,160,3969.08,40.30228244,29.82586408
3410,5001315407,33010224147,100,3968.28,40.4411142,29.80677939
3410,5001313949,33010431788,100,3967.65,40.27756015,30.1006588
3410,5001306829,33010092235,100,3962.81,40.12528988,29.957808
3410,5009798713,3010958152,50,3962.43,40.35987586,30.07687061
3440,5001366983,33120137880,150,3957.07,38.26797058,30.53491105
3410,5001332805,33010482938,100,3951.09,40.22338848,30.12813403
3410,5001279225,33010499471,100,3947.77,40.07755317,29.89256887
3410,5001275312,33010122432,100,3946.98,40.08981011,29.9606343
3430,5001425642,33110138838,60,3940.19,37.68416531,30.99367002
3410,5001314726,33010254431,100,3939.94,40.15285587,30.01935126
3410,5001301366,33010296100,100,3937.82,40.14157797,30.01262796
3440,5001361550,33120089183,150,3936.81,37.96386418,30.70015269
3410,5001846758,33010653973,100,3935.39,40.24056357,30.09627431
3440,5008925483,33120232127,40,3927.05,38.17774531,30.53467132
3410,5001271175,33010121758,200,3922.8,40.21505,29.96859
3410,5001327067,33010420917,100,3910.32,40.14467641,30.01910052
3410,5001271375,33010333428,100,3904.55,40.1554922,29.96804549
3410,5001323383,33010449773,150,3903.34,40.3247,29.8138
3410,5001288682,33010623606,100,3903.06,40.15334011,30.07933614
3440,5011114521,3120318787,100,3900.47,38.22790525,30.55237721
3410,5004130001,33010660440,100,3898.32,40.10672919,30.08333605
3410,5001308941,33010326236,150,3897.84,40.30149121,30.26117803
3440,5009425756,33120249812,70,3896.62,38.21834,30.54278
3410,5001323379,33010330810,100,3891.92,40.21642209,30.09412052
3440,5001397345,33120076757,200,3883.2,38.22551043,30.43047699
3420,5001330262,33060089327,200,3878,39.7261,29.8003
3430,5011595156,3110547946,70,3877.33,37.65893581,31.10230595
3410,5001305526,33010311707,60,3875.69,40.31166547,30.0332462
3430,5001356852,33110290861,100,3873.71,37.39145066,31.31094855
3410,5001239463,33010116051,100,3870.41,40.22170715,29.82022324
3420,5001321063,33060116470,300,3863.4,39.51144286,29.81268204
3410,5001289977,33010138361,100,3861.85,40.1327,29.8256
3410,5001327821,33010346319,150,3860.69,40.28393005,29.81728662
3410,5010101305,3010982336,30,3860.51,39.97289419,29.97561416
3410,5001263299,33010332171,150,3852.99,40.04685978,29.92610247
3410,5001309512,33010326639,150,3851.36,40.27727482,30.07863769
3410,5001321695,33010418507,100,3851.14,40.09761845,29.99662019
3410,5001329716,33010406079,100,3850.37,40.40727,30.10353
3410,5010411095,3011018896,150,3850.2,40.30909448,29.88635798
3430,5001362657,33110129740,100,3848.09,37.51760038,31.24006831
3410,5001304987,33010384392,150,3847.49,40.30703141,30.1950414
3440,5001386290,33120075105,150,3845.81,38.26618624,30.48632033
3410,5001326661,33010435894,150,3845.56,40.24729271,30.27038353
3430,5001378792,33110213324,100,3845.48,37.4956994,31.24207808
3410,5001286742,33010411159,200,3840.24,40.22385521,30.11490647
3410,5001259265,33010119606,100,3838.25,40.4017424,30.0644294
3440,5001422815,33120096929,100,3828.68,38.18452699,30.52889693
3410,5009236463,33010913348,100,3822.45,40.38488,29.87757
3410,5001299944,33010280530,100,3822.15,40.02361501,30.00357865
3410,5001291006,33010322756,100,3820.5,39.98874502,30.00754142
3410,5010472774,3011026842,70,3819.36,40.06500128,30.08329722
3410,5001277980,33010291211,100,3813.1,40.15782009,29.99251463
3410,5008881430,33010771627,70,3812.44,40.3046,30.2363
3430,5001340308,33110358733,60,3808.87,37.57488473,31.23023443
3410,5001325783,33010331129,160,3805.71,40.16679364,30.04263797
3410,5001310375,33010355757,100,3799.94,40.24292704,29.88380384
3410,5001312209,33010461099,160,3799.38,40.26909204,29.82420314
3410,5007925940,33010677241,100,3798.85,40.1929898,30.09379812
3430,5001350081,33110160955,60,3797.02,37.49913326,31.1981484
3410,5001286537,33010088152,100,3796.11,40.17363199,30.01209411
3410,5008074733,33010692309,100,3788.25,40.347,29.8104
3440,5011693790,3120338181,70,3787.62,38.22368338,30.52113411
3410,5001317255,33010507634,100,3782.08,40.11260895,29.99560441
3410,5010180186,3010991872,30,3781.17,40.270845,30.089933
3410,5001292028,33010204028,100,3776.22,40.16891336,30.02466368
3410,5001300925,33010338952,160,3773.98,40.19826832,29.80798349
3410,5001252884,33010083263,160,3767.34,40.18193846,30.01249176
3430,5001358213,33110128967,100,3767.14,37.33950332,31.31747653
3410,5001326534,33010405090,100,3760.21,40.23821073,30.13512789
3410,5001324290,33010480094,100,3757.92,41.5958538,29.17811995
3410,5011796514,3011152946,150,3750.59,40.1804,30.238
3410,5009893339,3010963027,70,3742.41,40.32747,29.8942
3410,5001321672,33010602188,60,3739.25,40.25963825,30.11088069
3410,5001302324,33010414160,160,3735.37,40.28486399,30.07126457
3410,5010279404,3011002484,100,3735.01,40.29426634,30.23647993
3410,5001227841,33010096314,100,3733.35,40.09494835,29.97200623
3410,5001256508,33010167425,160,3730.46,40.28597866,30.00148461
3410,5001223064,33010112848,100,3724.29,40.12119049,29.97643765
3410,5001305847,33010354722,100,3721.41,40.17748554,29.84608428
3410,5009758086,3010955787,70,3721.03,40.35710954,30.04828405
3410,5001332318,33010635189,60,3718.61,40.02638647,29.80901019
3410,5001271399,33010348707,160,3717.62,40.08350551,29.82066896
3410,5001311800,33010356057,100,3711.32,40.0318,30.0032
3410,5001289208,33010486178,100,3709.64,40.245,29.8884
3420,5001332859,33060105251,150,3705.99,39.67556398,29.83493438
3410,5011163454,3011080678,30,3701.38,40.36340976,29.84164026
3410,5001253089,33010083371,100,3699.02,40.18449046,30.01904835
3440,5001849816,33120187317,60,3694.29,38.16269177,30.56802768
3440,5008387283,33120211806,100,3692.06,38.43334,30.44052
3420,5001314351,33060022810,200,3691.6,39.77754,29.91926
3420,5001285141,33060093240,150,3686.88,39.70883801,29.8200747
3420,5001862908,33060172011,100,3681.22,39.6374203,29.87813045
3410,5001323490,33010316561,150,3680.07,40.14795863,30.05158377
3410,5001260805,33010134166,100,3675.18,40.1265,29.98159
3410,5010431132,3011021078,200,3673.6,40.106,29.97
3410,5001307780,33010504820,100,3672.2,40.08766322,29.9194203
3410,5001302340,33010414179,100,3666.93,40.11167875,30.07355033
3410,5008640920,33010747130,100,3666.5,40.3943596,30.0526551
3410,5008236039,33010708534,100,3659.81,40.28288253,30.088688
3420,5001350085,33060163415,100,3654.28,39.7631,29.9129
3410,5001317122,33010507483,100,3654.11,40.05840884,30.00879723
3430,5001374950,33110047439,100,3653.85,37.37761422,31.29620885
3410,5001268168,33010393248,100,3653.66,40.07425476,29.96882757
3410,5008585838,33010738570,100,3645.97,40.11459719,30.09749425
3410,5001301697,33010428862,100,3645.06,40.0489,29.8985
3440,5001446541,33120132721,160,3644.8,38.44310021,30.41277305
3410,5001295547,33010338040,150,3644.51,40.24668056,30.16946018
3410,5009436974,33010929713,100,3640.74,40.22049765,30.03197641
3430,5001445974,33110335621,100,3639.86,37.37150057,31.315457
3410,5001335233,33010636650,100,3638.65,40.03604199,30.01144375
3440,5001360847,33120072453,100,3637.4,38.19373312,30.50667536
3410,5001329778,33010451824,200,3636,40.15207073,29.89890137
3430,5001417323,33110282690,60,3634.26,37.50274586,31.23512132
3410,5001270912,33010333141,100,3633.84,40.25621496,29.80092422
3410,5008512067,33010729768,100,3629.55,40.40205335,30.11348604
3420,5010506630,3060236871,200,3627.2,39.8397064,29.95301932
3410,5010464731,3011025415,150,3624.47,40.11185093,30.00270059
3420,5001326487,33060026461,200,3622,39.90939445,29.76457283
3410,5008641331,33010744174,160,3621.55,40.3373,29.9538
3410,5001318977,33010402614,100,3617.34,40.37955493,30.08962282
3430,5009928397,3110477206,70,3614.15,37.5600454,31.19958642
3440,5011377586,3120329056,100,3613.3,37.9549,30.7448
3410,5008918175,33010775813,100,3608.82,40.34525,29.84453
3410,5001293703,33010639704,150,3608.78,40.13580859,30.13703608
3410,5008205733,33010707063,100,3608.3,40.36292717,29.92795916
3440,5001419376,33120030622,100,3606.83,38.09860582,30.57140601
3410,5009869768,3010963297,100,3603.96,40.10029567,30.02537365
3410,5008968172,33010781347,70,3597.72,40.17264774,30.01742045
3410,5001307550,33010145114,100,3596.43,40.22772627,29.88318499
3410,5001252921,33010083281,100,3595.6,40.23032765,29.95920473
3410,5008713339,33010754116,100,3593.48,40.05426723,29.8683875
3410,5001239545,33010116112,100,3592.38,40.17908,29.98536
3410,5001306405,33010459949,160,3583.54,40.14086998,29.96533406
3410,5001314224,33010284154,100,3578.4,40.3087177,30.1794475
3410,5001265287,33010102387,100,3576.89,40.19389892,29.90866618
3410,5001285467,33010124689,100,3571.86,40.22184,29.99344
3410,5004130763,33010660459,60,3566.81,40.13139675,30.03853818
3410,5001256897,33010083853,100,3565.13,40.22092877,29.81854405
3440,5001402639,33120143420,60,3564.81,38.28974258,30.442555
3410,5001303867,33010128347,100,3564.49,40.21060417,29.99224571
3410,5001287362,33010516301,100,3560.42,40.40183424,29.9302124
3410,5001267030,33010332592,100,3559.54,40.09403632,29.93512585
3430,5011497055,3110547721,100,3559,37.52804495,31.21348933
3440,5011696262,3120336650,70,3556.4,38.17844307,30.51864687
3410,5001244335,33010116711,100,3555.33,40.08323579,30.00453388
3440,5004136046,33120191839,100,3552.75,38.16583857,30.5321318
3410,5001254774,33010273151,160,3552.5,40.29387461,30.01717946
3410,5001267329,33010332805,60,3551.82,40.08842848,30.01365037
3410,5001267548,33010121293,100,3549.53,40.41577199,29.84761239
3410,5001311573,33010446421,100,3549.52,40.38279989,29.8117939
3430,5001381955,33110065750,100,3546,37.3898,31.2828
3410,5001248998,33010099497,100,3545.81,40.23210291,29.80787091
3410,5001215167,33010064769,60,3538.61,40.21384911,29.99003461
3410,5001305300,33010519976,150,3538.02,40.10385408,29.91539806
3420,5001326817,33060058509,200,3537.28,39.58464551,29.83788336
3410,5001284180,33010515547,60,3534.69,40.13793606,29.97145044
3410,5001303166,33010626770,60,3532.01,40.07236109,30.15071534
3420,5001325914,33060057790,100,3531.64,39.58848056,29.82570007
3410,5001205863,33010047937,100,3528.25,40.23632,30.0126
3410,5001304304,33010459223,160,3527.07,40.4000563,30.10425166
3410,5001206185,33010000171,100,3526.99,40.20875577,29.9728196
3410,5001252713,33010133113,100,3525.57,40.21639055,29.82068455
3410,5001312201,33010356342,160,3521.11,40.23401165,30.13440588
3410,5001322015,33010617000,100,3520,40.25227279,29.80998037
3410,5011731865,3011144050,100,3519.81,40.40370588,30.1559656
3430,5001381752,33110277751,100,3516.32,37.62259003,31.08566004
3410,5001304288,33010459214,100,3514.75,40.12324377,29.93500893
3410,5001281254,33010137284,160,3512,40.25624504,30.14595671
3410,5001263704,33010304005,150,3509.88,40.4037,30.092
3410,5001265276,33010085151,100,3509.01,40.079,29.9499
3440,5001344290,33120086842,100,3506.6,38.23983639,30.44940243
3430,5008328019,33110406779,200,3504.8,37.44618677,31.30568716
3410,5010108759,3010981141,100,3501.74,40.3734,29.8442
3430,5001450021,33110357066,100,3498.6,37.51782112,31.21123622
3410,5001271453,33010121936,400,3496,40.23013,30.06864
3410,5001304707,33010444580,100,3490.43,40.1259614,30.03559304
3410,5001321943,33010448758,100,3487.69,40.41903998,30.04872889
3440,5001397059,33120076603,200,3485.2,38.19072494,30.44790172
3410,5001304428,33010339978,150,3481.51,40.3298,29.8066
3410,5001328914,33010633433,60,3478.57,40.15596398,30.08165786
3410,5001294813,33010352414,100,3478.09,40.11688362,30.05116902
3410,5001279670,33010394773,160,3476.95,40.34205235,30.13917761
3410,5001268851,33010085482,100,3476,40.10356644,30.00662015
3410,5001304890,33010519681,60,3475.58,40.07940853,30.14205179
3410,5001259830,33010317433,160,3474.26,40.17197661,30.05529896
3410,5001322808,33010434396,100,3473.28,40.26687116,30.09921907
3410,5001281234,33010087361,100,3472.63,40.24745078,29.80912656
3410,5001313224,33010628999,60,3470.05,40.06591352,30.15036952
3430,5001350658,33110161282,60,3468.37,37.38646365,31.31004973
3410,5001284341,33010425978,100,3468.36,40.21968458,30.09378103
3440,5011898357,3120347377,300,3467.4,38.194,30.3864
3410,5001319412,33010329434,100,3464.49,40.18269227,30.06742904
3440,5008952550,33120233527,100,3461.34,38.1858,30.58704
3440,5001419323,33120079249,60,3459.6,38.30109324,30.46422598
3440,5001449851,33120100754,100,3459.1,38.39232992,30.41599312
3410,5001287027,33010322095,150,3457.78,40.32642611,30.0560524
3440,5008057076,33120201354,200,3453.6,38.28865,30.4125
3410,5001309645,33010520903,60,3453.27,40.02817256,29.79179488
3410,5009430127,33010930634,70,3453.11,40.19512,30.22017
3420,5001333060,33060106885,200,3450.8,39.67032548,29.764538
3430,5001435673,33110074169,60,3450.76,37.37489,31.28199
3440,5008565237,33120220073,50,3449.16,38.41896556,30.39280568
3430,5001344721,33110060191,100,3446.97,37.43388746,31.29240553
3440,5001449782,33120100709,200,3446,38.1672,30.4875
3410,5001279390,33010622485,100,3444.5,40.42125973,29.9557072
3410,5011636097,3011133056,70,3439.02,40.18662865,30.20876366
3410,5001849704,33010658719,100,3437.81,40.13945914,29.99246999
3410,5010655352,3011041910,100,3435.89,40.04591277,30.04136985
3410,5008444084,33010727235,50,3434.15,40.08397602,30.14463204
3410,5001299783,33010280422,100,3425.08,40.36384076,30.13244486
3410,5001851468,33010648866,60,3419.04,40.26957053,30.27197806
3440,5001394337,33120158441,100,3418.89,38.20408003,30.46261455
3410,5001218761,33010095344,300,3418.8,40.22803464,30.23228705
3440,5011374021,3120326152,150,3418.58,38.28033,30.47301
3440,5011621361,3120336201,100,3418,38.17553201,30.48750081
3410,5001310597,33010355908,100,3415.79,40.0338,29.9015
3420,5001296494,33060066153,200,3415.6,39.84781849,29.86771122
3410,5001277906,33010453838,150,3413.27,40.14524293,29.93798875
3410,5001317333,33010646404,100,3410.33,40.09818862,29.87622799
3420,5001332480,33060135724,200,3410,39.71184875,29.81512638
3410,5001259512,33010244471,100,3401.92,40.34808707,30.05673757
3410,5001227700,33010096243,100,3401.41,40.07548353,29.93371631
3410,5001308833,33010520341,60,3396.92,40.46653048,29.77235656
3430,5001409588,33110201790,100,3391.33,37.37960598,31.32830044
3410,5001287910,33010263806,100,3389.48,40.3334147,30.16022646
3410,5008512322,33010733107,100,3377.39,39.99536008,29.93966024
3410,5001259171,33010259198,200,3376.4,40.2097,29.99251
3410,5001306853,33010092315,160,3373.99,40.31544554,30.09974287
3410,5009946828,3010968257,50,3370.78,40.1900365,30.23439816
3430,5001435821,33110074249,100,3370.36,37.37533887,31.2857905
3410,5001300998,33010457990,60,3368.47,40.35819215,30.12413757
3430,5001446475,33110356631,60,3368.19,37.39858118,31.27428261
3410,5009480659,33010936315,70,3367.14,40.05260018,29.92632127
3410,5001299995,33010413270,100,3366.86,40.26523811,30.12660019
3410,5001308147,33010643743,60,3365.46,40.36127439,30.06760783
3440,5008824892,33120229364,100,3362.64,38.13948511,30.50610474
3410,5008683090,33010751428,100,3358,40.0942,29.96
3410,5001301581,33010128131,100,3356.72,40.21279752,29.98833625
3430,5001405907,33110297610,100,3353.9,37.64853,31.08403
3410,5001277112,33010104013,100,3352.22,40.14129832,29.98571821
3410,5001302282,33010519251,160,3348.22,40.33567008,30.03891571
3430,5009443251,33110463381,70,3343.24,37.58071142,31.22653676
3410,5001279797,33010379848,100,3342.39,40.084559,29.93333505
3410,5001323871,33010344870,160,3340.89,40.20056983,30.08167098
3410,5009554264,3010939630,100,3340.12,40.39004857,29.87672919
3410,5010573848,3011022208,70,3330.52,40.04572069,30.07514322
3420,5001328602,33060104334,200,3326.8,39.54958051,29.83661587
3440,5001335798,33120101573,60,3325.75,38.3909,30.4323
3410,5001294353,33010487219,100,3325.64,40.33432763,30.02824044
3410,5007987091,33010683168,100,3325.58,40.14436762,29.92119162
3410,5001329412,33010511691,100,3324.62,40.05997234,29.96977246
3420,5001304387,33060096921,200,3322.8,39.74521505,29.87280334
3410,5010983310,3011076263,70,3322.14,40.4454496,29.81252164
3420,5001311158,33060022005,200,3322,39.85679833,29.78924987
3410,5001236608,33010081474,100,3321.61,40.18633562,30.02109578
3420,5001333016,33060106437,150,3320.8,39.68397452,29.8865764
3440,5011020115,3120315604,70,3320.33,38.11998052,30.575028
3410,5010004220,3010971673,100,3315.82,40.11054981,30.10110272
3440,5001855519,33120188664,150,3312.99,37.91444955,30.8486156
3410,5001319314,33010433414,160,3312.51,40.27151448,30.10361536
3410,5001258936,33010259044,60,3312.42,40.32665266,30.14566499
3410,5001306261,33010459850,100,3311.66,40.13913451,29.93139452
3410,5001303432,33010504454,100,3308.53,40.0221667,29.94250561
3420,5001326925,33060042429,200,3305.6,39.854,29.8624
3410,5001268870,33010085491,150,3305.24,40.10294717,30.00663177
3410,5001310656,33010355944,150,3302.69,40.31884536,29.80678584
3440,5008398788,33120213041,150,3295.92,38.14944852,30.48603627
3410,5001319216,33010402786,150,3295.16,40.40754958,29.90913807
3410,5001320382,33010478882,100,3292.1,40.063354,29.92290799
3410,5001318733,33010447948,100,3289.78,40.24107677,30.07448392
3410,5001284755,33010454906,100,3289.05,40.12057324,29.95399485
3410,5001300696,33010457819,150,3288.57,40.32562836,29.82509998
3410,5001324051,33010359649,100,3287.71,40.19166146,30.08713653
3420,5001323032,33060040863,160,3287.33,39.93471748,29.77444429
3410,5001329906,33010619882,60,3281.38,40.29372892,30.13728676
3440,5001357012,33120072023,150,3280.54,38.29022,30.47478
3410,5001292285,33010456295,100,3278.08,40.14134624,30.0780857
3410,5001235756,33010052258,100,3276.88,40.2258,29.9596
3410,5008096048,33010699177,100,3275,40.37913342,29.91456049
3410,5010482365,3011025461,70,3273.63,40.2698,29.9611
3410,5001248440,33010117479,200,3273.2,40.44623946,29.80320131
3420,5001331337,33060029436,200,3269.2,39.8398,29.9361
3410,5001311702,33010355981,100,3268.63,40.20363364,29.81608357
3410,5001328251,33010346927,100,3268.51,40.3756903,30.09353429
3410,5001327753,33010361066,100,3263.24,40.1950648,30.08663151
3430,5009257688,33110454622,70,3262.9,37.56616851,31.24094804
3440,5011370976,3120328961,50,3261.17,37.96280697,30.74448913
3410,5011236042,3011095895,70,3259.93,40.34354861,29.88137072
3410,5001850455,33010651306,60,3259.78,40.18927445,30.23214153
3410,5001313428,33010629216,100,3257.77,40.02970669,29.93348071
3430,5001866829,33110374209,60,3257.71,37.56272607,31.23569755
3410,5001312632,33010254361,100,3257.6,40.23375408,29.89147442
3440,5001419452,33120064872,100,3251.38,38.25937558,30.46466901
3440,5001427482,33120080348,200,3250.4,38.22394825,30.43793864
3410,5008157444,33010703761,70,3246.52,40.28706355,30.14298548
3410,5001309800,33010460171,100,3244.66,40.25510651,30.07624805
3410,5001328521,33010377244,160,3244.53,40.19600759,30.07472988
3440,5001419539,33120096778,60,3243.68,38.30109087,30.46422691
3410,5008085280,33010696335,100,3242.91,40.2841,30.1713
3410,5008070071,33010695884,100,3241.85,40.46258967,29.77229556
3410,5001865606,33010663521,60,3241.52,40.27221,29.79784
3410,5001319057,33010418024,100,3238.13,40.07245575,29.88295328
3420,5001330602,33060043883,200,3222.8,39.81843227,29.86958329
3410,5001290447,33010106297,100,3221.12,40.23290146,29.88563536
3410,5008201650,33010705677,100,3217.69,40.13711339,30.07990393
3410,5001281999,33010123716,100,3212.95,40.0727,29.81518
3410,5001302117,33010324948,100,3212.16,40.0415,29.9097
3420,5001314220,33060022721,200,3207.6,39.7972,29.9259
3410,5001284673,33010454853,100,3207.48,40.0794165,29.86817355
3410,5001210165,33010064141,100,3206.23,40.17335112,29.8515075
3410,5001281045,33010074335,200,3200.4,40.2388715,30.26418224
3410,5010854345,3011063102,100,3199.38,40.05797163,29.91067247
3420,5001316441,33060023568,200,3199.2,39.8091,29.9313
3410,5001286567,33010105674,100,3193.59,40.22016158,29.87236457
3410,5001263002,33010168558,100,3187.83,40.11616172,29.97103213
3410,5008216505,33010707608,100,3187.47,40.11438835,29.91042529
3430,5001397582,33110329240,60,3186.86,37.53050594,31.23035416
3440,5001439455,33120115256,60,3186.55,38.09349822,30.59047593
3410,5001330464,33010391781,100,3184.35,40.02102693,29.82011486
3430,5008834704,33110434405,70,3182.8,37.40504806,31.26405652
3410,5001314078,33010327761,150,3179.1,40.32362568,29.80720013
3410,5001316629,33010328867,100,3178.67,40.14897607,29.87814102
3440,5001431391,33120098281,200,3178,38.14225425,30.56220921
3410,5001304103,33010339726,100,3175.47,40.44039317,29.8148226
3410,5001297982,33010107605,100,3174.56,40.0955,29.9879
3410,5001227077,33010145885,100,3174.13,40.2242404,30.02590191
3420,5001276576,33060062996,100,3172,39.68275615,29.78113006
3420,5001314022,33060022589,200,3169.6,39.80169151,29.93190851
3410,5011312243,3011103020,70,3169.35,40.11615926,29.97103259
3410,5001293333,33010107033,150,3168.27,40.07444892,29.9824115
3410,5001323101,33010603238,100,3165.92,40.30007195,30.04014152
3410,5001299951,33010397981,100,3164.03,40.16332242,30.05325196
3410,5010450878,3011018573,70,3161.28,40.27437968,29.83904318
3440,5001435420,33120067079,160,3157.98,38.08261655,30.62955375
3410,5001287891,33010455529,100,3157.58,40.15699352,30.07555018
3410,5001325568,33010632991,100,3156.94,40.19285255,30.12153091
3410,5001301739,33010413771,100,3150.22,40.28529545,30.29961385
3420,5001866238,33060172254,100,3148.32,39.76082375,29.96921324
3410,5001294342,33010487200,100,3146.64,40.0168,29.9166
3440,5001353657,33120021697,90,3144.63,38.39736439,30.42372629
3430,5001349827,33110177148,100,3143.29,37.66799888,31.02290272
3420,5001326687,33060058401,200,3140.8,39.57545262,29.83694679
3410,5011671521,3011135211,100,3138,40.21743154,30.26104344
3410,5001224577,33010002935,100,3135.07,40.19295044,29.95880382
3440,5001394069,33120093293,200,3132.8,38.21703886,30.42819127
3410,5010530103,3011033186,70,3131.39,40.10463231,29.94848746
3420,5008584719,33060195132,100,3130.11,39.72182993,29.76066956
3410,5001291932,33010336841,150,3123.58,40.23811813,29.80573724
3440,5001385811,33120008800,100,3122.53,38.2142,30.4886
3420,5001315479,33060099619,200,3121.2,39.5639,29.8494
3410,5001304126,33010369064,100,3119.53,40.31389409,30.02426593
3430,5001401305,33110069196,100,3119.07,37.37545113,31.27557067
3410,5009921697,3010966996,100,3118.25,40.3046,30.2363
3410,5009727757,3010954298,100,3110.85,40.6336,29.7102
3410,5008218250,33010708525,100,3109.82,40.29289894,30.0091496
3410,5001305089,33010519822,160,3109.47,40.09847993,29.92553371
3410,5008482387,33010730221,150,3109.06,40.05043767,30.03970353
3410,5001290028,33010138405,100,3105.79,40.42310933,29.84218749
3430,5011458575,3110546063,70,3104.73,37.58542992,31.22636981
3440,5010004387,3120270861,160,3103.94,38.21209,30.43265
3410,5008910002,33010766304,100,3100.9,40.30316598,29.91349143
3440,5011750277,3120338251,40,3098.31,37.9821,30.6808
3410,5001275127,33010261679,150,3096.55,40.23087407,30.11064982
3410,5010737138,3011049097,70,3094.41,40.20143617,30.01154512
3410,5001319640,33010433611,100,3094.13,40.30533836,30.18019592
3410,5009427519,33010932503,70,3088.16,40.32316,29.82317
3410,5001214971,33010001301,200,3086.8,40.2152,29.956
3410,5001316229,33010417475,60,3084.03,40.1383,29.8269
3430,5001337452,33110175733,100,3078.74,37.37151537,31.31575518
3410,5001306484,33010252867,100,3077.51,40.16410207,29.85319178
3440,5009153577,33120239772,70,3076.34,38.26315054,30.53296694
3410,5008432557,33010727226,100,3072.57,40.37562348,30.03815823
3410,5001303903,33010458601,100,3070.82,40.0532528,29.87687262
3410,5001278102,33010334452,100,3070.16,40.17688294,29.84475467
3410,5008330886,33010703350,100,3070.11,40.17656526,30.15194574
3410,5008149769,33010702540,70,3067.56,40.24680847,29.80623138
3430,5001428553,33110089439,60,3066.91,37.38539173,31.33244361
3410,5009233895,33010912073,100,3065.8,40.35672569,30.12882994
3410,5008697678,33010753271,150,3063.73,40.19405119,29.8102202
3440,5011755839,3120343304,70,3062.79,38.10019706,30.61675834
3410,5001303788,33010128294,100,3061.09,40.16911813,29.86682161
3410,5001323535,33010434968,100,3060.79,40.0292854,29.81526702
3410,5001307569,33010145357,100,3057.87,40.06624724,29.98153008
3410,5001292492,33010126100,160,3056.32,40.36283759,30.05650858
3410,5008216048,33010707591,70,3049.8,40.11909348,29.83304161
3410,5001288310,33010158023,60,3049.14,40.1096,30.0068
3410,5001330565,33010452545,160,3048.54,40.33670519,29.96686507
3430,5001418664,33110370012,60,3048.34,37.56032011,31.23331127
3410,5001297355,33010250906,160,3047.62,40.11839382,29.99789958
3440,5010889196,3120309840,100,3047.42,38.15411606,30.47582107
3420,5001323264,33060041047,200,3046.8,39.82781981,29.96630751
3440,5010590839,3120293113,70,3042.08,38.1028,30.5664
3430,5001405453,33110135611,60,3037.16,37.66551247,31.01668266
3410,5001287912,33010455538,100,3036.03,40.21329773,29.81249188
3410,5001291567,33010279584,100,3033.15,40.1186727,29.97555169
3410,5001324621,33010360766,100,3030.26,40.14245539,29.97789228
3410,5008148392,33010703636,160,3029.88,40.18995873,30.10040361
3420,5008403484,33060188559,200,3026.8,39.76322534,29.95691671
3410,5010551446,3011035341,50,3025.63,40.23617678,30.10068904
3410,5001329347,33010650935,100,3024.14,40.15351088,30.0935215
3410,5001287636,33010322498,150,3022.13,40.14148207,30.0063259
3410,5009436782,33010932817,70,3019.69,40.17253563,29.90915709
3410,5001252816,33010133169,100,3017.18,40.17105597,30.02309349
3410,5001307670,33010504712,100,3016.27,40.1995222,30.13277886
3410,5001283103,33010485303,100,3015.41,40.0158,29.9201
3410,5001324858,33010509693,100,3011.46,40.38522873,29.84084359
3420,5001304894,33060067713,300,3006.6,39.57803529,29.84676761
3420,5001327064,33060058714,150,3000.75,39.59673,29.82597
3410,5001268161,33010378223,100,3000.26,40.32896522,29.95675822
3410,5001303309,33010504310,60,2998.17,40.15793929,30.06878605
3410,5001301935,33010383671,100,2996.03,40.2488,30.0182
3430,5001374620,33110325948,30,2995.69,37.53705186,31.25374076
3440,5001361107,33120056487,200,2994.4,37.88234844,30.78663553
3410,5001268080,33010318950,100,2992.42,40.21784416,30.08388502
3410,5001263775,33010318127,100,2991.4,40.15357997,29.98630414
3410,5009131924,33010798513,70,2991.07,39.99691596,29.80115428
3440,5001336126,33120117841,100,2990.64,38.26944326,30.45532538
3410,5001330049,33010421718,100,2990.2,40.0371495,29.84969437
3410,5008164108,33010704901,200,2989.2,40.19467058,30.09973978
3410,5001305407,33010325865,100,2987.89,40.09777642,29.99316675
3410,5009979812,3010970317,100,2987.59,40.12496347,30.03057738
3410,5008176599,33010705962,100,2983.19,40.03184873,29.98741448
3440,5010806470,3120306258,100,2977.64,38.0508,30.6606
3410,5004148187,33010665179,100,2975.77,40.0792,30.0659
3410,5001308502,33010628219,100,2974.1,40.06924585,30.05118701
3410,5008470272,33010729427,100,2970.46,40.37136285,30.15716011
3410,5008556747,33010737975,70,2970.38,40.40898443,29.86095421
3410,5001267988,33010438331,100,2970.19,40.21475003,29.81140607
3410,5009529180,3010938230,100,2970.15,40.34657,30.11184
3430,5001358107,33110128902,100,2969.57,37.4947,31.21975
3410,5001255944,33010118565,100,2969.55,40.10100347,29.9785463
3410,5001285125,33010292531,150,2968.47,40.12056218,30.05940858
3410,5001236232,33010097671,100,2966.02,40.42441174,29.85592677
3420,5001314322,33060022794,50,2965.69,39.77653398,29.91270164
3410,5010282605,3011003436,100,2961.13,40.339194,29.963499
3410,5001325929,33010603828,100,2960.39,40.41834283,29.80965507
3410,5001307689,33010504731,100,2957.56,40.09714387,29.86617012
3410,5001330075,33010421736,150,2957.24,40.23244449,29.83948385
3410,5009392286,33010930625,70,2950.94,40.24518644,29.96792899
3410,5001307601,33010145731,100,2950.88,40.10126195,30.00828113
3410,5001321654,33010648454,100,2948.03,40.27044183,30.30465128
3410,5001284957,33010455019,60,2946.04,40.17443089,29.85609868
3410,5001307408,33010094276,100,2944.16,40.09350028,30.00614245
3410,5001287001,33010411300,100,2942.59,40.11129488,29.95604965
3410,5010524891,3011032492,100,2942.16,40.42077364,29.87045352
3410,5001313729,33010313256,160,2932.85,40.22149862,30.08217073
3410,5001323313,33010434780,100,2932.7,40.13589128,29.95461581
3410,5008585941,33010741145,100,2931.9,40.45335621,29.79064448
3410,5001309686,33010340816,100,2931.32,40.25360274,29.95724458
3410,5001248915,33010082711,160,2930.38,40.09020998,30.00428805
3410,5001248979,33010082749,100,2928.41,40.0774,29.9406
3430,5001434727,33110354565,100,2926.5,37.4370957,31.28739851
3410,5001307281,33010111635,100,2924.02,40.27104491,29.97236255
3410,5004143109,33010669516,100,2922.6,40.26966086,29.83829885
3410,5001282178,33010123823,100,2919.88,40.25159543,29.96899432
3410,5010231501,3010990955,70,2914.19,40.23294449,30.09533894
3410,5001267098,33010121005,100,2908.04,40.42811488,29.8238513
3440,5001401838,33120110198,200,2904.8,38.28474088,30.44765625
3410,5001295515,33010338021,100,2902.93,40.10586292,30.06398615
3410,5007933941,33010680961,100,2901.72,40.10947001,30.08502741
3410,5009042830,33010788769,30,2899.37,40.24842,29.81371
3410,5009486323,33010936754,70,2898.07,40.30306,29.91316
3410,5001301104,33010266263,100,2898.06,40.24348401,30.08746395
3430,5001421122,33110203266,60,2895.56,37.40017395,31.33190875
3410,5001296553,33010517819,100,2893.29,40.09593718,29.86552767
3410,5011287502,3011100298,70,2892.47,40.36544599,30.05341606
3410,5001305323,33010325801,100,2891.58,40.097,29.9925
3440,5009395608,33120246731,40,2889.57,38.71447,30.34267
3440,5001410361,33120144383,60,2889.36,38.21035845,30.52987477
3410,5001296543,33010443125,160,2885.18,40.1880248,30.07216693
3420,5001314307,33060022785,200,2882.8,39.7987,29.9332
3440,5001349396,33120071213,100,2882.66,38.15124934,30.45730351
3410,5001310061,33010237388,100,2877.29,40.4245,29.83283
3440,5001335802,33120085489,150,2876.75,38.11682231,30.57238175
3410,5001302004,33010519063,100,2874.57,40.03686267,29.92671745
3410,5001328634,33010482357,100,2871.87,40.109786,29.93563433
3440,5009509007,3120252891,70,2870.66,38.21909,30.428
3410,5001278242,33010454021,160,2867.91,40.26507996,30.06291091
3410,5008125268,33010692603,100,2867.33,40.39066223,29.91028037
3440,5001335719,33120069331,160,2866.86,38.10199181,30.5936409
3440,5001438848,33120099072,100,2864.39,38.12253372,30.56135993
3410,5009400876,33010931201,100,2858.24,40.2707,30.2809
3410,5001278041,33010201714,160,2857.5,40.0534144,29.81041137
3410,5001301349,33010353799,100,2854.22,40.0498135,29.90273042
3430,5001444594,33110286394,60,2849.3,37.56231367,31.22702765
3410,5001299836,33010324044,200,2849.2,40.02132941,29.79099662
3420,5010947791,3060245987,30,2843.42,39.67717161,29.81325255
3410,5001267131,33010121023,100,2840.4,40.20114725,29.97407995
3420,5010840686,3060243409,200,2840.4,39.8235,29.9749
3410,5001311905,33010253837,100,2839.13,40.09925914,29.94911812
3410,5001285187,33010350877,100,2838.99,40.28369599,29.82276815
3410,5008174429,33010704160,100,2838.95,40.30628524,29.87826487
3420,5001322895,33060025188,160,2838.43,39.8355,29.8916
3420,5001334220,33060091970,200,2836.4,39.7474,29.8489
3440,5007980430,33120197538,100,2836.39,38.13003226,30.42455007
3430,5007888630,33110384493,60,2836.07,37.62743781,31.10710324
3440,5011011053,3120318901,100,2834.31,38.1615118,30.59451433
3410,5001259686,33010317344,100,2833.11,40.30604,30.04652
3410,5001326629,33010618830,100,2832.83,40.1673612,29.86577851
3440,5001430879,33120130207,150,2832.47,38.05670464,30.67194812
3420,5001329895,33060059435,100,2832.31,39.6188,29.8175
3410,5001289061,33010639114,100,2832.23,40.20049283,30.14265495
3410,5007987233,33010683391,70,2830.96,40.19244014,30.09389385
3420,5001322099,33060024681,200,2829.2,39.77095352,29.90583656
3410,5001278954,33010622144,100,2828.56,40.1288832,29.94633783
3440,5011713958,3120338322,40,2828.33,38.25213333,30.5325
3410,5001307369,33010112042,100,2828.31,40.37152084,30.09876816
3410,5010525176,3011032536,100,2825.93,40.06479922,30.00656022
3410,5001251778,33010117737,150,2824.24,40.091975,29.948017
3410,5001335323,33010636883,100,2822.38,40.2381207,29.80573703
3440,5001406250,33120077709,200,2821.6,38.26327234,30.43678946
3410,5001294917,33010174359,100,2821.21,40.22090006,30.02210957
3420,5001314601,33060022981,200,2819.2,39.86895419,29.77573675
3430,5009205348,33110450481,70,2817.74,37.57515763,31.22536168
3410,5001282891,33010500151,100,2817.1,40.05373812,29.94453467
3410,5001305097,33010325641,100,2816.56,40.34967424,30.05740362
3410,5008815378,33010766091,70,2816.29,40.3161611,29.85439195
3410,5009394691,33010931300,70,2815.71,40.20783707,29.9761409
3410,5001330161,33010406435,100,2813.91,40.0376,30.0002
3410,5008015857,33010687748,100,2813.72,40.13626039,30.01693731
3410,5009529319,3010939362,70,2809.99,40.41343,29.89665
3410,5007944175,33010681771,60,2807.88,40.33979261,30.06425957
3430,5001374936,33110164257,150,2807.41,37.52812735,31.19810688
3410,5001299991,33010324151,100,2806.9,40.1612,30.0434
3410,5001239510,33010116097,150,2806.52,40.42159122,29.84612076
3410,5001321372,33010648104,100,2800.83,40.09894217,30.00385192
3410,5001241102,33010098195,150,2789.55,40.17413941,29.87805113
3420,5001305523,33060036397,125,2788.22,39.79290695,29.93458507
3410,5001271382,33010121892,150,2787.8,40.22120758,30.03423831
3440,5001396941,33120093749,100,2787.71,38.27946267,30.49850335
3410,5001253110,33010100060,100,2786.97,40.1327,29.9935
3410,5008697646,33010754411,30,2785.5,40.21166645,30.14579358
3410,5001236303,33010081302,160,2783.49,38.21581913,30.50750856
3410,5001322242,33010329990,100,2783.28,40.18464557,30.04585724
3410,5004167656,33010665867,60,2779.54,39.9691,29.8877
3420,5001318367,33060100273,200,2779.2,39.5255,29.8635
3440,5011263432,3120326733,50,2771.9,38.31356324,30.47066478
3410,5001239601,33010241451,100,2769.15,40.23757073,30.12030893
3430,5001414703,33110351803,100,2767.06,37.3384261,31.29152608
3410,5001291099,33010322818,160,2762.9,40.28374271,29.94092206
3430,5001358159,33110274802,100,2760.25,37.52716227,31.23162217
3410,5001301262,33010353743,160,2751.8,40.28757739,30.02565801
3440,5008166123,33120205836,150,2751.7,38.28015507,30.41909095
3440,5009613754,3120256245,300,2751.6,38.11639731,30.48845443
3410,5001244278,33010116678,60,2751.55,40.28652702,29.96832112
3440,5001851954,33120187925,150,2750.92,38.16243956,30.55481724
3410,5001872576,33010660870,100,2750.34,40.1431,29.84495
3410,5001241395,33010098408,100,2748.3,40.22645654,29.95906963
3410,5008761830,33010760777,100,2747.84,40.15865753,30.03464304
3410,5001215324,33010095095,100,2745.79,40.21298136,29.89956714
3420,5004142073,33060174286,160,2744.43,39.79391166,29.92430246
3410,5001324578,33010360668,100,2743.4,39.9901,29.7986
3410,5001318310,33010462579,100,2739.16,40.18339807,29.85952496
3410,5001315328,33010342660,150,2736.8,40.21465167,30.09764291
3440,5001374436,33120106711,100,2736.13,38.19479046,30.54050853
3410,5001278963,33010484226,60,2733.85,40.18834751,30.13109077
3410,5001268676,33010102645,100,2733.45,40.23104,29.97739
3410,5009160130,33010800971,70,2733.24,40.33784869,29.8532719
3410,5001234822,33010114735,100,2731.62,40.29509775,29.95305494
3410,5009505822,3010937813,70,2731.41,40.03562627,29.96219161
3440,5011618501,3120335616,150,2729.1,38.17903551,30.58887717
3420,5001316791,33060114976,200,2728.8,39.79209732,29.93580218
3410,5001330696,33010406892,100,2727.61,40.45034044,29.80018552
3430,5001374785,33110147784,100,2724.67,37.41467814,31.30512453
3410,5001302445,33010398941,150,2724.56,40.17463788,30.04169425
3410,5001277165,33010104167,200,2722.8,40.22443802,29.81960533
3410,5001266660,33010362813,100,2721.31,40.32079696,30.12507157
3410,5008993691,33010782854,100,2720.57,40.17678,29.96474
3410,5009359454,33010925133,70,2720.55,40.05902719,30.07102915
3410,5009218353,33010911165,100,2719.98,40.21026039,29.94574999
3440,5001426792,33120065637,150,2715.93,38.18065,30.44611
3440,5010703168,3120297239,70,2715.15,38.24112983,30.43771741
3420,5001326918,33060058581,200,2714.8,39.57423789,29.84196835
3410,5001284149,33010515529,100,2714.6,40.08036862,29.8204
3410,5011377930,3011110221,70,2714.54,40.10304631,29.93341496
3420,5010543281,3060237869,125,2714.3,39.8056,29.9333
3410,5001330351,33010421951,150,2713.67,40.38576574,29.81352798
3420,5001318088,33060100068,200,2710.12,39.67017717,29.81632049
3410,5001287408,33010516339,100,2709.79,40.10443354,30.10960282
3420,5011460221,3060259024,100,2709.51,39.7384,29.7763
3410,5001317298,33010507680,100,2708.72,40.37028636,30.10866249
3430,5009439845,33110459932,70,2704.49,37.5086,31.2565
3410,5001327718,33010360981,100,2702.14,40.10470224,30.06913832
3410,5009514265,3010938463,100,2700.04,40.19278457,30.02358208
3410,5001300191,33010324296,100,2698.9,40.2936887,29.94032661
3410,5001215320,33010078693,100,2697.45,40.38118723,30.08213926
3440,5001415057,33120064095,160,2696.93,38.22146041,30.46641384
3410,5001305286,33010519967,100,2696.49,40.25521884,30.24033626
3410,5001285460,33010335960,100,2696,40.25653056,30.11828869
3410,5009659347,3010949153,70,2691.71,40.11440401,30.03243463
3410,5001326310,33010435590,100,2691.63,40.16674142,30.0418169
3430,5001393624,33110232212,60,2690.9,37.53894496,31.26431011
3430,5001381493,33110311030,100,2688.56,37.63240568,31.02447698
3410,5009573092,3010942608,160,2688,40.28577598,30.01185303
3420,5011297560,3060254977,70,2685.65,39.58152105,29.84231289
3430,5011385540,3110542242,100,2683.05,37.59255191,31.07398488
3430,5001366973,33110292103,200,2682,37.57132,31.10426
3410,5001285113,33010350831,150,2677.34,40.10298405,29.9491518
3410,5001295131,33010352595,100,2676.11,40.11763845,30.08441126
3410,5008886772,33010772071,160,2674.75,40.10752632,29.8982866
3420,5001314542,33060022945,200,2671.6,39.7983,29.9307
3410,5001330532,33010452518,160,2671.54,40.35408108,29.96182238
3410,5001239240,33010164316,100,2671.08,40.2355312,30.08809415
3410,5001248780,33010069390,150,2670.46,40.33692565,30.08743456
3410,5007906650,33010676261,100,2661.86,40.33523976,30.17087801
3410,5001330372,33010406604,100,2658.93,40.14535979,29.8997886
3410,5001281253,33010087370,100,2658.55,40.24989185,29.80916284
3410,5001329662,33010436793,150,2651.3,40.0734,29.93
3440,5001339782,33120134331,100,2650.11,38.32415902,30.45735741
3410,5001271046,33010363623,100,2649.91,40.33538923,29.95438794
3410,5001307585,33010145517,100,2646.59,40.12984677,29.98763976
3410,5001296743,33010205034,160,2643.1,40.26173694,29.99071319
3410,5001318335,33010343451,160,2642.96,40.23035991,30.30485009
3440,5001406135,33120110877,160,2641.91,38.2612432,30.52249553
3440,5011022670,3120319158,100,2638.47,38.2389,30.5191
3440,5009420273,33120249680,30,2637.24,38.09169,30.61934
3420,5001319689,33060100522,200,2636.4,39.8477,29.894
3410,5008344623,33010717829,30,2635.28,40.19730839,30.09814643
3410,5001210403,33010064295,100,2634.2,40.16498,29.85497
3410,5001315760,33010417161,160,2633.89,40.31225345,30.01712459
3430,5001344956,33110257042,150,2633.86,37.51687101,31.26684251
3410,5004144214,33010671443,60,2633.19,40.12986984,29.96061037
3410,5001239052,33010115680,100,2633.02,40.43484644,29.80712849
3410,5001296920,33010457363,100,2632.9,40.24533134,30.05687584
3410,5001287742,33010292915,150,2630.33,40.15500127,29.9861352
3410,5001282121,33010350269,160,2628.55,40.15562592,29.88196084
3430,5010895163,3110514810,200,2626,37.74351966,31.00457095
3410,5009359024,33010928476,30,2624.25,40.26901,30.19224
3440,5001419212,33120096606,60,2623.25,38.25660165,30.4620498
3430,5001409148,33110218151,60,2621.27,37.4967,31.2402
3410,5011344797,3011107691,150,2619.24,40.34192504,29.98830581
3410,5001252724,33010083183,100,2614.6,40.25394561,29.98309158
3410,5001268429,33010408510,150,2610.05,40.14304102,30.05463992
3410,5001300872,33010457917,100,2609.88,40.27134288,30.03250132
3410,5001310271,33010298632,160,2606.83,40.17522606,30.04316502
3410,5001290805,33010308523,100,2605.83,40.05869371,29.95137641
3410,5001253086,33010133294,160,2601.84,40.1776,30.0168
3410,5001287592,33010516455,100,2599.41,40.10634533,30.10460266
3410,5007931544,33010679933,150,2599.39,40.38795272,29.9614132
3410,5001269426,33010085802,100,2599.09,40.11897359,30.00309517
3430,5001408932,33110281487,100,2594.48,37.35319836,31.32533682
3410,5001300516,33010413627,160,2593.67,40.26722045,30.29650831
3410,5001332513,33010513060,100,2591.51,40.35682781,29.92556249
3410,5001293995,33010640133,60,2591.35,40.15601882,30.08691803
3410,5008148505,33010702531,100,2589.22,40.36864086,29.86121354
3410,5001305246,33010429921,100,2587.11,40.145101,30.02084498
3410,5001846589,33010654264,100,2586.18,40.0864,30.0271
3410,5001297053,33010127152,100,2584.82,40.16765126,29.99303062
3410,5001248264,33010286542,100,2583.68,40.0317,30.003
3420,5001334935,33060121451,200,2582.8,39.5572,29.8765
3410,5010935130,3011071857,70,2582.48,40.3779,29.884
3410,5001303515,33010504543,100,2582.08,40.13940144,29.93889028
3410,5001323605,33010435016,100,2581.3,40.3093347,29.82389067
3410,5001309703,33010355309,100,2580.73,40.108,29.9551
3410,5010621847,3011040331,150,2580.65,40.40592355,29.87397365
3410,5009040046,33010789130,70,2573.47,40.34721,30.0942
3410,5001326062,33010618393,100,2573.45,40.09037979,30.04174708
3410,5001287092,33010381176,100,2571.94,40.23215994,29.88752202
3410,5009643901,3010948085,70,2565.27,40.32524974,29.81773283
3410,5001328899,33010650283,60,2563.54,40.23556258,30.14761621
3410,5001313900,33010327636,100,2563.47,40.14844432,29.98352243
3410,5001306662,33010091560,100,2561.88,40.2368654,29.81351276
3430,5001409750,33110298091,60,2561.68,37.48338715,31.29935701
3410,5009740110,3010954921,70,2560.61,40.29811754,30.14173359
3410,5001273229,33010103508,160,2560.37,40.1403053,29.85996731
3410,5001319111,33010329210,160,2559.67,40.18384669,30.04589014
3420,5001320949,33060116335,160,2559.43,39.52622913,29.89920584
3420,5001333781,33060045458,200,2554.8,39.806,29.8836
3410,5001268601,33010408618,100,2554.73,40.22357473,29.8147332
3410,5001266823,33010332458,100,2554.54,40.12608536,30.03281462
3410,5001323224,33010404172,100,2554.51,40.13703902,30.05885624
3410,5001291826,33010456043,150,2554.45,40.02154547,29.84028477
3410,5001257039,33010083933,100,2552.18,40.16983192,30.01131944
3430,5001392908,33110167071,60,2550.4,37.52946135,31.19955632
3410,5010276175,3011000720,70,2547.39,40.38163598,30.13762813
3410,5001259272,33010167981,160,2547.38,40.28597961,30.00148671
3410,5001325689,33010331058,100,2546.82,40.14996094,29.96588647
3410,5008615500,33010745313,160,2545.78,40.2818,30.0828
3410,5001322653,33010403774,100,2544.7,40.26265701,29.80963454
3430,5001425312,33110155660,160,2538.91,37.51351169,31.2108551
3430,5001394620,33110328707,60,2538.59,37.39927354,31.31996699
3420,5001326881,33060058554,200,2538.4,39.5725826,29.83974639
3410,5001316549,33010432892,160,2537.89,40.34131855,29.95217202
3440,5001373967,33120058258,200,2537.6,38.26587624,30.48791097
3410,5001289783,33010138254,100,2537.39,40.19619084,29.91667251
3410,5001322844,33010403916,100,2535.47,40.28945057,30.02902654
3440,5001377499,33120107307,160,2535.12,38.19714624,30.51596064
3410,5001315349,33010357180,100,2534.77,40.39642936,30.09879167
3440,5001356667,33120120292,100,2534.15,38.19188476,30.47433116
3410,5001295508,33010234608,100,2529.48,40.24960807,30.13520987
3410,5008193774,33010706791,160,2528.63,40.19607164,30.09909813
3410,5001263029,33010332037,100,2527.65,40.05591133,29.93021881
3410,5001292226,33010125873,100,2525.58,40.39892642,30.11506816
3420,5001287585,33060033232,200,2523.6,39.84198283,29.78347384
3440,5011591558,3120334163,100,2522.44,38.18239828,30.5340152
3430,5001434669,33110318031,100,2521.54,37.34672151,31.29013484
3410,5008148287,33010704061,100,2521.23,40.38634772,30.02123954
3410,5001316088,33010447492,100,2520.04,40.42326359,29.836963
3420,5001314036,33060022598,100,2519.93,39.80238821,29.92965099
3410,5001272309,33010319714,60,2518.63,40.25381955,30.01784835
3410,5001311075,33010446074,100,2516.58,40.10209331,29.89426714
3420,5001308646,33060113718,200,2512.8,39.8571,29.8763
3410,5001275122,33010122325,100,2512.26,40.20460094,29.98582445
3410,5001261235,33010084618,100,2509.88,40.17681488,30.0127151
3430,5001358177,33110128949,100,2507.05,37.49750612,31.22131287
3410,5001260172,33010317667,160,2506.44,40.09938925,30.04716982
3410,5010002462,3010971341,100,2501.79,40.25186669,29.99211665
3410,5011449374,3011116860,150,2501.02,40.28624909,30.13816227
3410,5008373781,33010721222,100,2500.7,40.11158041,29.95098804
3410,5009656243,3010949091,100,2500.57,40.23798607,30.1472697
3410,5009367291,33010929400,100,2500.3,40.2817164,30.24579313
3440,5001380771,33120059353,100,2498.09,38.23069861,30.45128958
3420,5001313721,33060022382,200,2496.4,39.7959,29.9292
3410,5001306713,33010109520,100,2491.57,40.19208,29.84615
3410,5001862284,33010651692,100,2491.29,40.1101,29.9822
3440,5011191553,3120321110,100,2491.17,38.23321581,30.42545607
3410,5008883853,33010771799,100,2489.37,40.23447294,30.15813452
3440,5001426857,33120080025,200,2488.8,38.29704809,30.46986929
3410,5001296858,33010457327,160,2488.57,40.37433,29.81058
3410,5001307575,33010145419,100,2487.98,40.0986,29.9548
3410,5001309868,33010355416,160,2483.16,40.27291676,29.81101524
3410,5001330409,33010406631,100,2480.43,40.02400139,29.7934663
3410,5001297535,33010457711,150,2479.77,40.0256,29.9428
3410,5001299964,33010443411,200,2474,40.43113535,29.8182646
3410,5001284001,33010380535,100,2473.33,39.98615756,29.80200484
3440,5008005669,33120198016,100,2468.64,38.41887984,30.38292233
3410,5001296681,33010457210,100,2466.83,40.22726514,30.12594405
3410,5010287245,3011004451,150,2466.09,40.07303565,29.99839734
3410,5001219358,33010079313,100,2463.82,40.25955897,29.99991323
3410,5009505875,3010937072,70,2459.88,40.12545107,29.86602966
3410,5008521205,33010733143,70,2459.44,40.10253249,30.13633178
3440,5001415446,33120161428,100,2459.03,38.29725159,30.43302605
3410,5001239117,33010115741,100,2457.85,40.42283318,29.8327228
3410,5001252393,33010287209,160,2452.42,40.1172345,30.06247609
3410,5009603368,3010945010,70,2450.67,40.08000844,30.01624972
3410,5001267667,33010423113,100,2447.44,40.22979461,30.25215323
3440,5001344176,33120151261,30,2446.58,38.17234618,30.53614587
3410,5001269358,33010135593,100,2445.18,40.06211486,29.98271737
3420,5001319076,33060055777,100,2444.53,39.805,29.9231
3430,5001443078,33110319397,100,2441.94,37.565405,31.22525107
3440,5001349055,33120119433,60,2441.03,38.20774957,30.54135909
3440,5010689857,3120296376,40,2440.75,38.28124225,30.42776139
3420,5001323355,33060025535,200,2440.4,39.8033,29.9491
3410,5001283835,33010395421,150,2440.02,40.26558194,30.08611684
3410,5001300999,33010353583,100,2439.71,40.10508492,30.07443422
3410,5001278095,33010231517,100,2437.33,40.17981762,29.98173206
3410,5001300336,33010280807,160,2435.01,40.15464,30.04004
3420,5001296642,33060034552,300,2434.2,39.75621433,29.93736924
3410,5009050361,33010789981,70,2433.67,40.38486207,29.80697154
3410,5010326107,3011009055,70,2432.51,40.3005,30.2953
3410,5001281111,33010137201,100,2432.43,40.20438831,29.98411362
3410,5001321582,33010648365,100,2431.92,40.30497922,30.1397533
3440,5001435289,33120164214,100,2429.86,38.32217962,30.42411976
3440,5001336502,33120069734,150,2428.48,38.29400213,30.47387763
3440,5001427335,33120146637,60,2427.26,37.98125817,30.73299995
3410,5001330697,33010422251,100,2426.63,40.42151656,29.87468305
3410,5008682634,33010750476,70,2426.17,40.14334602,29.8439736
3420,5009294773,33060211174,100,2424.47,39.4453,29.83873
3430,5001380852,33110364221,60,2423.52,37.58044231,31.14315229
3410,5001296912,33010353028,160,2422.35,40.21406458,30.04942133
3430,5001428064,33110156095,60,2422.14,37.3711,31.2897
3420,5001316223,33060023414,200,2421.6,39.76837406,29.90585159
3440,5011750584,3120342675,70,2419.18,38.23490811,30.50401514
3410,5010212585,3010996162,70,2418.29,40.34745654,30.15831689
3440,5004141568,33120191258,60,2417.32,38.24888446,30.53909385
3410,5008594992,33010742975,100,2417.26,40.2254162,30.15906178
3410,5001290113,33010028314,60,2416.76,40.20587,29.99788
3410,5001241091,33010081751,100,2416.23,40.17847311,30.00741161
3440,5011801212,3120344698,100,2416.03,38.17829543,30.44291392
3410,5001306181,33010459804,100,2414.21,40.0043,29.9181
3430,5010988881,3110527068,70,2411.78,37.4045643,31.2685357
3440,5001360826,33120137173,60,2410.45,38.13974258,30.5795137
3410,5009435748,33010925607,100,2409.75,40.20454,30.26212
3440,5011706914,3120338082,100,2409.35,38.24543984,30.49658872
3410,5008554968,33010738749,100,2408.31,40.11257201,30.0045989
3410,5001305484,33010384731,100,2407.71,40.31142509,29.95836701
3410,5001235786,33010130739,100,2407.41,40.24627358,30.00710261
3410,5001310194,33010355631,100,2407.23,40.1068179,30.02510006
3410,5001299680,33010517908,100,2406.93,40.37237091,29.82178585
3410,5001287331,33010278747,60,2406.26,40.20401671,29.99568177
3440,5011715980,3120338421,70,2406.14,38.2192968,30.51107738
3440,5011777111,3120343743,70,2404.01,38.0257,30.6898
3410,5001329392,33010634047,60,2402.71,40.06029715,29.85730882
3410,5001253046,33010083343,100,2402.35,40.1053745,29.97037202
3410,5001286502,33010043741,100,2397.26,40.21202525,29.89581752
3410,5001306450,33010459976,100,2397.18,40.37497742,29.81878679
3410,5001249034,33010082794,100,2397.04,40.0979,29.9752
3430,5001440026,33110091043,160,2392.01,37.3710076,31.31156357
3410,5001210213,33010064179,160,2390.59,40.1831,29.8507
3410,5001277857,33010469195,100,2388.9,40.36924809,29.82701693
3410,5001296808,33010126997,100,2387.52,40.11082163,30.00399258
3410,5001308364,33010644071,100,2384.31,40.15377438,30.07983942
3410,5001305959,33010369547,100,2382.53,40.0909,29.9932
3410,5011661967,3011122670,50,2379.63,40.1402,30.083
3440,5009187531,33120240737,70,2379.35,38.0825757,30.62952769
3410,5001223528,33010113157,150,2375.78,40.09504111,30.00667544
3410,5001325565,33010649792,60,2374.86,40.2773794,30.29964271
3410,5001244725,33010131979,100,2372.21,40.38318864,30.12040717
3420,5001284316,33060064051,200,2370.8,39.61930567,29.83204633
3420,5004139749,33060174052,60,2370.35,39.49180412,29.84480823
3410,5001283931,33010440787,150,2370.13,40.25703429,30.07893711
3410,5001238955,33010115616,100,2368.37,40.3112,30.15
3410,5008280536,33010710990,70,2367.46,40.08237053,30.06741754
3410,5001300838,33010457891,100,2366.43,40.15547104,30.0669244
3440,5001373959,33120073423,60,2366.07,38.24609093,30.50195901
3410,5010814811,3011057938,70,2361.95,40.18999882,30.10741565
3410,5001323370,33010389451,100,2361.81,40.14142428,30.01234431
3430,5001389032,33110066971,100,2361.78,37.39428045,31.31416687
3410,5001330678,33010406874,100,2361.44,40.19986146,30.09721529
3410,5001313281,33010629056,100,2361.33,40.11184594,29.94504412
3420,5001299984,33060050681,200,2360.4,39.81271281,29.95798887
3410,5001327924,33010375796,100,2359.39,40.14314583,30.05576215
3410,5001301071,33010127798,160,2359.1,40.23292,29.98805
3410,5008479818,33010729982,100,2355.1,40.4045,29.8567
3410,5009395975,33010931328,70,2352.55,40.3159,30.01979
3410,5008901793,33010773739,70,2352.51,40.17977928,30.02915455
3420,5001329889,33060027843,200,2350.4,39.8003,29.9375
3430,5001397275,33110366790,30,2350.19,37.55877227,31.25493684
3440,5010800608,3120302802,200,2350,38.1658,30.4764
3420,5009360686,33060213473,125,2349.53,39.8301,29.9202
3410,5001306534,33010460028,100,2348.6,40.23002935,30.112349
3440,5011653403,3120336079,200,2344.8,38.1775,30.5309
3410,5001295009,33010472261,100,2342.63,40.37970547,29.82183238
3410,5001268212,33010304954,100,2342.48,40.0141,29.8742
3410,5001317272,33010507652,100,2338.51,40.14021101,29.92196931
3410,5001235744,33010081026,100,2336.77,40.38222103,30.11920821
3410,5001327123,33010436309,160,2336.32,40.12628056,30.06956822
3440,5009626640,3120256684,70,2335.43,38.14813744,30.47404662
3410,5001294836,33010456651,100,2334.63,39.9755,29.8884
3430,5009274200,33110455559,70,2333.43,37.65279503,31.06060666
3410,5001281750,33010454316,200,2330,40.25250693,30.30282608
3410,5008236491,33010708731,70,2327.62,39.99234744,29.94096372
3440,5001377391,33120171863,60,2324.85,38.25797339,30.49662408
3410,5008065194,33010689681,100,2323.4,40.38067422,30.03616576
3410,5001308134,33010505228,100,2323.09,40.29159825,29.83133802
3410,5001299612,33010641801,100,2322.74,40.29503849,30.08967586
3410,5001318334,33010357958,160,2322.33,40.20402476,30.02929196
3440,5008143664,33120204740,30,2318.96,38.28123836,30.42776258
3440,5001367316,33120022907,100,2318.94,38.0641572,30.65269011
3410,5001293476,33010107150,100,2316.52,40.09578334,30.01503996
3430,5009397898,33110459914,70,2315.64,37.59174628,31.08051118
3430,5001374222,33110309757,200,2315.6,37.57683,31.09828
3410,5001244321,33010116702,100,2315.45,40.1029,29.9594
3420,5001279669,33060063044,100,2311.37,39.67989866,29.78236939
3440,5010154924,3120276730,100,2309.58,38.2723,30.5018
3410,5008673705,33010751437,100,2309.15,40.29908508,30.20496026
3440,5001410659,33120144552,100,2308.73,38.27196296,30.50860746
3410,5009920301,3010966243,100,2307.87,40.05837033,30.07107873
3410,5001326506,33010405071,100,2306.98,40.41494761,30.06929767
3410,5001310239,33010355668,60,2306.05,40.07547148,29.91983291
3410,5001323879,33010344889,100,2305.12,40.29354495,30.02290908
3410,5001305358,33010520019,60,2301.18,40.29289932,30.09213685
3440,5001340646,33120134832,100,2300.68,38.19689356,30.54304747
3410,5010914662,3011064146,150,2299.8,40.39533506,30.09232069
3410,5001326223,33010390040,100,2299.62,40.33335414,29.95468221
3410,5001305598,33010399724,160,2298.77,40.20178011,30.03031271
3420,5001289188,33060109081,200,2298,38.80906967,29.71865205
3410,5007895693,33010676172,100,2291.22,39.97116019,29.99235818
3430,5001384841,33110230601,60,2287.43,37.36882897,31.3130619
3410,5001324336,33010345616,160,2285.44,40.35148,30.051
3410,5001288101,33010125111,100,2284.39,40.24220755,29.99344
3410,5009975105,3010969325,70,2282.88,40.34277,29.88052
3410,5007919184,33010680934,100,2281.72,40.19565046,30.0933274
3410,5001301005,33010251289,100,2280.6,40.08355372,30.01271405
3430,5007999580,33110388447,30,2278.5,37.64465863,31.04228954
3410,5001287566,33010278891,100,2278.3,40.17242911,30.03317661
3410,5010878241,3011066141,70,2275.92,40.11003072,30.16981969
3410,5010677206,3011028696,100,2274.51,40.31765397,29.94487295
3410,5001270745,33010121453,100,2271.17,40.22756896,29.87638348
3410,5004141031,33010652500,100,2270.01,40.15994395,29.95564006
3410,5010528216,3011032840,100,2266.31,40.4019,29.9687
3440,5001422874,33120065118,100,2265.81,38.2196556,30.52520424
3410,5010124809,3010982210,100,2263.95,40.24318022,30.08752116
3410,5001306059,33010459724,100,2263.84,40.18042458,29.81075307
3410,5001275870,33010514129,60,2262.57,40.0398,29.8997
3430,5001361084,33110340041,150,2261.75,37.15269458,31.44484633
3410,5001321256,33010493762,100,2260.94,40.28747714,29.85203235
3410,5001266905,33010347844,100,2256.65,40.1916503,30.08700124
3410,5001282068,33010123761,100,2253.54,40.20949408,29.97720727
3410,5008525438,33010733116,100,2248.91,40.30411105,29.84558077
3410,5008992434,33010784760,160,2247.08,40.3056974,29.87377776
3410,5001276643,33010514620,100,2244.48,40.08198753,29.96363443
3420,5001309580,33060037278,200,2244,39.83226427,29.96532285
3440,5001414934,33120176618,70,2243.35,38.39960071,30.38775352
3410,5001304892,33010325490,150,2243.04,40.0541,29.9396
3440,5008877638,33120230356,100,2242.65,38.20352571,30.45885079
3410,5001288158,33010336386,150,2242.04,40.15164002,29.95485483
3410,5001248422,33010117451,200,2240.8,40.44380231,29.80259082
3410,5001259263,33010288233,160,2240.41,40.10637,30.06358
3430,5001393516,33110084138,100,2238.62,37.35194126,31.30090952
3410,5001318278,33010224817,200,2238,40.20103898,29.93796662
3410,5001258707,33010228370,100,2237.14,40.1979761,29.85311463
3440,5001446316,33120100413,60,2237.11,37.85147308,30.81507315
3440,5008048180,33120200965,150,2235.24,38.38668827,30.39095577
3440,5010647494,3120293409,200,2234.8,38.23465226,30.5516509
3410,5001275961,33010320223,60,2233.8,40.2494,30.0331
3410,5001287800,33010124910,200,2231.6,40.07811263,29.92833323
3410,5001322649,33010434270,150,2231.34,40.13484005,30.11381204
3410,5008414361,33010726013,70,2231.1,40.15786467,29.9810347
3410,5009642439,3010948076,70,2229.84,40.1608696,30.04549452
3410,5001295413,33010337955,160,2229.13,40.31559594,30.01927975
3410,5001310195,33010237477,100,2225.72,40.1021,29.9962
3440,5001374514,33120058599,100,2225.62,38.26295091,30.46039546
3410,5001329683,33010436819,100,2221,40.14585524,30.06156436
3440,5001402572,33120062715,100,2220.76,38.307413,30.46818472
3410,5007960224,33010681305,60,2220.68,40.44603827,29.79006379
3410,5001267397,33010245728,100,2218.78,40.23639902,30.07470417
3410,5001286163,33010075074,160,2218.06,40.32349178,30.06234064
3410,5001290816,33010426901,60,2218,40.31570743,29.9566381
3410,5001279775,33010320733,100,2213.94,40.15284921,29.95636953
3410,5001263325,33010362573,100,2213.13,40.30840644,30.22805825
3410,5001308057,33010627721,100,2211.43,39.9875,29.8053
3410,5001329951,33010619926,60,2211.21,40.14457827,30.10015451
3440,5001352907,33120136069,100,2210.86,38.26937959,30.47103614
3440,5011606470,3120334996,40,2209.8,38.18563299,30.473631
3410,5001332292,33010635151,30,2208.35,40.33660256,30.10380196
3410,5001317586,33010508041,150,2207.02,40.3884,29.82492
3440,5008331732,33120210541,160,2205.93,38.19739165,30.57695
3410,5001328222,33010346883,200,2203.2,40.1667801,29.90555604
3440,5008137318,33120203804,50,2198.42,38.19815487,30.50735368
3420,5001328869,33060133659,300,2198.4,39.4667,29.9021
3430,5001875529,33110377265,160,2197.5,37.6860633,31.0313147
3430,5001439746,33110173944,100,2196.33,37.4804108,31.24253993
3430,5011220482,3110537761,100,2191.06,37.43690995,31.27889702
3410,5001277843,33010122782,100,2190.45,40.08890638,29.95001058
3440,5009257120,33120243944,100,2189.96,38.66517,30.35486
3410,5004143122,33010672404,100,2189.2,40.10850001,29.91211457
3410,5001328628,33010482339,100,2187.91,40.31834738,30.02755725
3440,5001443218,33120082235,60,2187.59,38.28037473,30.47846715
3410,5008443787,33010727549,70,2187.42,40.2707,30.2809
3410,5001248816,33010132573,200,2187.2,40.3842421,30.07746777
3420,5009082682,33060207298,70,2185.86,39.44486,29.83723
3430,5001425362,33110171940,100,2185.11,37.47255893,31.24283997
3410,5008594959,33010741996,100,2184.38,40.3780621,30.09388733
3410,5001290755,33010396562,100,2184.34,40.11887093,30.0775222
3440,5011670528,3120336195,70,2181.6,38.1373,30.5949
3430,5001443546,33110356121,100,2181.41,37.51085955,31.2763244
3410,5001298400,33010108353,200,2179.2,40.17764782,30.01655017
3420,5001311421,33060022177,200,2175.2,39.7971,29.9318
3410,5009371415,33010929802,70,2173.77,40.33234426,29.8546557
3440,5001380847,33120024788,90,2171.97,38.24427786,30.47506998
3410,5001326556,33010420532,100,2169.96,40.23044523,30.1301788
3410,5001293827,33010624532,100,2169.21,40.40887958,29.93381573
3410,5008168068,33010702924,100,2168.2,40.02929618,29.86339062
3410,5001239228,33010115859,100,2168.12,40.10112787,29.98225389
3410,5009421154,33010929464,100,2165.57,40.07807,29.88897
3440,5011516217,3120331288,70,2164.87,38.39584977,30.43179028
3440,5001373741,33120138930,60,2164.73,38.25685505,30.52078232
3410,5001281356,33010137373,100,2164.61,40.23469903,29.87717658
3410,5001239162,33010115797,100,2163.41,40.42094292,29.83571428
3410,5009068282,33010794265,100,2163.13,40.13183476,29.98593428
3410,5001322908,33010449405,100,2162.04,40.42061381,29.87928389
3410,5001312392,33010299461,100,2158.35,40.13926043,30.0536395
3410,5004134194,33010670894,60,2154.04,40.34949137,30.10744831
3410,5001327727,33010361001,100,2153.81,40.14082153,29.97207751
3430,5011089580,3110526015,150,2153.74,37.41249828,31.27627557
3440,5001431543,33120016491,100,2151.87,38.21706479,30.46616313
3440,5001846912,33120187219,60,2149.75,38.40659135,30.41053525
3410,5007977869,33010682133,100,2149.31,40.33659611,30.17039761
3410,5001321710,33010418516,100,2149.16,40.35555582,30.05193861
3440,5001361450,33120072696,150,2148.3,38.16332367,30.46727922
3410,5001292362,33010456348,100,2146.75,40.32850325,30.02598847
3420,5001314364,33060022829,200,2145.6,39.7771,29.9228
3440,5001445679,33120100066,60,2144.95,38.22048096,30.50968632
3420,5001291162,33060049475,200,2142.4,39.82199665,29.86562492
3410,5008534659,33010736548,100,2139.95,40.1198,30.1396
3410,5001328458,33010377039,100,2139.7,40.29915894,30.0048666
3410,5001289871,33010138307,100,2138.52,40.17959,30.00453
3410,5010717144,3011042158,70,2137.61,39.9898,29.8058
3440,5001422732,33120065038,100,2136.62,38.21478329,30.51970563
3410,5009117139,33010797098,50,2135.72,40.311,29.8654
3410,5001263914,33010407586,150,2135.46,40.08014541,29.97292864
3410,5008809814,33010766117,150,2135.1,40.07905411,30.00564846
3410,5010500214,3011030219,150,2132.65,40.26751778,30.09856227
3410,5009423345,33010932700,70,2131.8,40.07906852,29.89184236
3410,5001326594,33010435830,60,2130.35,40.31134573,30.10557733
3410,5009275334,33010919904,100,2129.93,40.32464,29.9223
3410,5008659429,33010747597,30,2129.66,40.23982606,29.82881201
3420,5010893895,3060244077,100,2129.24,39.87706483,29.83040705
3410,5001323365,33010330801,100,2129.22,40.21402258,30.0960679
3410,5001278024,33010364658,100,2128.79,40.17621189,30.01834704
3440,5001385750,33120092026,100,2127.4,38.1633215,30.46727798
3430,5001388739,33110083088,100,2127.35,37.38879224,31.28782426
3420,5001280218,33060063358,100,2125.16,39.68522413,29.78739215
3440,5009102167,33120238256,160,2124.66,38.41885713,30.37815595
3410,5010255768,3011000532,100,2122.55,40.23296798,30.13195697
3410,5008243184,33010708712,100,2122.07,40.19685117,30.09842729
3430,5001337132,33110175546,200,2120.4,37.58280567,31.12280122
3410,5009847136,3010960633,100,2119.89,40.1904,30.1025
3420,5001330126,33060028072,200,2119.6,39.8334,29.9417
3410,5001308192,33010643799,100,2111.63,40.35291,30.16534
3410,5001272400,33010378949,150,2111.07,40.42626231,30.04671031
3410,5001294710,33010126244,150,2110.75,40.23739189,29.81462572
3440,5001386152,33120009001,100,2110.49,38.10925202,30.57727135
3410,5008638524,33010746179,70,2110.39,40.18764317,30.04450966
3440,5010847345,3120304656,70,2110.18,38.7108,30.3169
3410,5001310955,33010431071,100,2110,40.35366802,30.05260157
3410,5001231855,33010130265,160,2109.12,40.41740721,29.85811627
3440,5001361543,33120022685,60,2108.41,38.23178714,30.47715563
3410,5011265395,3011093999,70,2106.89,40.33479165,30.13413521
3420,5001331602,33060029893,200,2106.8,39.7787,29.9029
3430,5001436560,33110140630,100,2104.43,37.3607525,31.2730774
3440,5011061145,3120320801,100,2101.7,38.17683088,30.41396832
3440,5001414692,33120078420,200,2101.6,38.27376085,30.43946963
3440,5008886811,33120230875,50,2099.89,38.20914123,30.51824658
3410,5001300669,33010251082,100,2098.56,40.12465,29.96351
3440,5001431145,33120016230,100,2097.09,38.25771155,30.48451008
3410,5001329822,33010451861,100,2094.83,40.29689379,30.08333731
3420,5001331531,33060090749,200,2093.2,39.73115728,29.85829165
3410,5001307548,33010145099,100,2092.69,40.1693402,29.87166574
3410,5004129930,33010667914,100,2090.13,40.28252993,29.84660816
3410,5001279856,33010410026,100,2085.44,40.12386385,30.1143327
3420,5001333089,33060107176,200,2083.6,39.83553295,29.93663139
3410,5001297665,33010089759,160,2083.42,40.1301,29.9874
3420,5001382032,33060167700,60,2082.29,39.7781,29.9109
3440,5001344650,33120020500,100,2081.63,38.12361532,30.55374392
3410,5001317990,33010357681,150,2078.31,40.04481622,29.94789982
3410,5001279159,33010637399,100,2076.91,40.0638,30.0261
3410,5001318576,33010358141,100,2076.54,40.10717741,30.03264485
3410,5001330228,33010437315,100,2074.97,40.24467427,29.82297672
3410,5010781720,3011054275,100,2074.84,40.28404293,29.83051872
3410,5001332443,33010497780,150,2074.03,40.19503147,30.28777564
3410,5001263016,33010259788,100,2072.63,40.37573455,30.09536746
3430,5001413207,33110218741,125,2072.61,37.59206109,31.09907684
3410,5004087452,33010664494,100,2072.29,40.29870475,30.10481286
3410,5001326669,33010331844,100,2068.96,40.22750027,30.07507872
3440,5011044901,3120313889,40,2064.76,37.93906013,30.71453769
3410,5010847364,3011059988,100,2064.11,40.15841708,29.92313946
3410,5001253520,33010083666,100,2058.81,40.09973707,30.01791553
3440,5001389688,33120141167,200,2057.2,38.24055621,30.55085774
3440,5001410030,33120013111,100,2056.57,38.20268355,30.50629596
3410,5001332653,33010635607,100,2054.96,40.41930174,29.86341672
3440,5001431114,33120016211,90,2053.85,38.25963146,30.48402732
3430,5008467158,33110413371,200,2051.6,37.51248726,31.224847
3410,5001307560,33010145221,150,2050.42,40.21826274,30.258388
3410,5001293201,33010106921,100,2049.61,40.16081101,30.00878946
3410,5001322851,33010316042,100,2046.95,40.12647577,30.07412488
3420,5001316301,33060023479,200,2044.8,39.7728,29.9107
3410,5001274976,33010364111,150,2043.07,40.3046,30.2363
3410,5011874357,3011159992,100,2042.73,40.4071,29.8138
3410,5009500788,3010937519,100,2042.3,40.29712,30.08271
3410,5001318617,33010301255,100,2041.49,40.14660695,30.00351952
3410,5001317865,33010343086,160,2036.71,40.1599391,29.9006533
3410,5001305472,33010520091,100,2036.16,40.0362,29.9082
3420,5001313958,33060022542,80,2033.97,39.78110867,29.91244856
3410,5001297164,33010457505,100,2030.53,40.31739448,29.94691254
3440,5011700742,3120338270,70,2030.53,38.30357201,30.45529929
3410,5001279019,33010637281,100,2030.2,40.34232398,30.0375588
3440,5007977704,33120196989,200,2029.6,38.28981874,30.40756295
3410,5008413794,33010725992,70,2029.39,40.34794644,29.97605348
3410,5001304160,33010354286,100,2028.47,40.12770557,30.08878766
3410,5001328091,33010481270,60,2028.19,40.24888386,29.82826784
3440,5011651915,3120336266,70,2027.4,38.0637,30.6465
3420,5001276135,33060047050,200,2025.2,39.81352725,29.8745779
3430,5001397791,33110151311,100,2025.16,37.51015908,31.25502155
3410,5010726545,3011048250,150,2023.24,40.23684937,30.17459545
3440,5001435440,33120017406,100,2022.23,38.23616964,30.47345355
3410,5001265041,33010040266,100,2021.9,40.23548444,29.97731997
3410,5007874012,33010675809,60,2019.94,40.29627548,29.87229567
3410,5001305257,33010519949,100,2014.63,40.32796634,29.95543926
3410,5001259672,33010317335,100,2012.81,40.29893116,30.03039417
3410,5001331473,33010621451,100,2012.08,40.07383969,30.04959128
3420,5001321132,33060131449,160,2012.05,39.8315,29.9767
3410,5009439062,33010923184,70,2010.68,40.3562296,30.03371297
3430,5001374400,33110325821,30,2010.61,37.65312363,31.07274126
3410,5001282056,33010454497,100,2004.53,40.13964152,29.94514263
3440,5001377129,33120073998,160,2002.02,38.11053954,30.58373048
3410,5009664896,3010948432,50,2001.25,40.1958,30.0953
3410,5009523485,3010938580,100,1998.92,40.14618517,29.97755379
3420,5001326829,33060026757,100,1998.91,39.86368684,29.7776377
3410,5001330400,33010437478,100,1996.23,40.04815671,29.90433411
3410,5001253310,33010070318,100,1996.2,40.39456113,30.05545961
3410,5001236577,33010097868,100,1995.68,40.1204379,29.98292834
3410,5008157336,33010702521,100,1995.2,40.36895653,29.86050674
3410,5001326754,33010420668,160,1990.75,40.11176455,30.04367947
3410,5010507937,3011030504,70,1990.36,40.29482279,29.94442291
3410,5001305410,33010613323,100,1988.29,40.08622035,30.13879326
3410,5010690970,3011045445,70,1987.85,40.42077313,29.87186367
3440,5008381767,33120211637,70,1986.92,38.1602545,30.52244418
3410,5001299671,33010397800,100,1982.47,40.30667034,30.0202111
3410,5001224270,33010066093,160,1982.46,40.33602007,30.14743243
3410,5010034112,3010974423,70,1981.25,40.31386429,29.87047638
3430,5009388016,33110460871,100,1979,37.47968369,31.24438778
3430,5001424766,33110054611,100,1977.97,37.37514971,31.30920046
3440,5011638132,3120336542,70,1976.7,38.19076769,30.48105198
3410,5001299980,33010383045,100,1976.33,40.24558975,30.26611967
3410,5008043007,33010688413,70,1973.88,40.15675501,30.0553477
3410,5001303214,33010642620,60,1972.26,40.35925287,30.030649
3410,5009396100,33010931542,100,1971.17,40.368961,30.107025
3420,5001322114,33060040175,200,1968,39.79332747,29.95392083
3410,5001268009,33010423356,100,1965.91,40.1573826,30.02311873
3410,5001295066,33010294464,100,1965.19,40.16696093,30.05083251
3420,5001318730,33060070933,100,1961,39.7783,29.9099
3410,5001266917,33010215381,100,1960.96,40.08739725,29.97161864
3410,5001284708,33010454871,100,1957.55,40.41619188,30.05294947
3430,5001386617,33110327601,100,1954.76,37.41974753,31.28910108
3410,5001295578,33010457149,100,1954.69,40.02812387,29.79809748
3410,5001305270,33010384599,100,1954.08,40.19994178,29.98926336
3430,5001390383,33110343759,160,1952.4,37.36929162,31.30738864
3410,5001239186,33010115812,100,1951.47,40.28748312,29.96574674
3430,5004129974,33110377917,60,1950.96,37.53569933,31.23101299
3410,5001293231,33010089409,100,1950.32,40.23825635,29.98215292
3410,5001288035,33010157868,160,1947.9,40.11165563,29.98707882
3410,5001325207,33010632543,60,1947.09,40.08993132,30.13616383
3410,5001267785,33010408117,160,1946.93,40.21303453,29.81040177
3430,5001365708,33110129777,100,1946.93,37.52185777,31.28741417
3440,5011709925,3120338304,100,1946.64,38.29346687,30.48031387
3420,5001316396,33060023531,200,1944.4,39.76732635,29.90892958
3410,5001276546,33010424943,160,1944.18,40.13379,30.06875
3440,5011005128,3120318642,70,1943.2,38.17832487,30.4442763
3410,5001330709,33010391987,100,1943.19,40.44002257,29.81473949
3440,5001427501,33120080357,100,1943.08,38.09799983,30.57781854
3430,5001345337,33110176857,100,1942.74,37.49174457,31.22224631
3410,5001870732,33010660833,60,1942.69,40.0577192,30.04063004
3410,5008840014,33010768247,100,1941.46,40.23754,30.13367
3410,5001294786,33010456624,160,1938.92,40.21796842,30.25758146
3410,5001284762,33010335469,100,1938.91,40.0333,29.9984
3410,5001248861,33010005991,100,1936.63,40.2027,29.9767
3410,5001286792,33010441309,100,1936.48,40.34645883,30.13796944
3420,5009001936,33060205364,160,1933.5,39.5978,29.8245
3410,5001313307,33010491472,100,1932.78,40.23727281,30.17633628
3420,5001331312,33060044693,200,1932.4,39.88461605,29.77077931
3410,5001279812,33010514728,100,1930.73,40.18214219,30.08893041
3410,5010425469,3011022469,70,1929.8,40.0106,29.9757
3410,5001281894,33010350142,100,1929.55,40.23714144,29.87498673
3410,5001322829,33010389085,100,1929.55,40.11813228,29.95740327
3410,5001247802,33010117030,100,1929.46,40.14577317,29.98794708
3410,5001325993,33010618339,100,1928.94,40.00014555,29.7955092
3410,5001322919,33010330453,150,1928.71,40.05920721,29.95175283
3440,5011638308,3120336041,70,1928.5,38.20362334,30.51939319
3410,5009345811,33010927746,70,1924.6,40.4076955,29.91932135
3410,5001330185,33010620121,100,1924.55,40.23392962,30.18218223
3440,5001410151,33120078152,150,1922,38.24197467,30.49867605
3440,5009413015,33120249779,70,1920.68,38.2186,30.5175
3410,5001274785,33010122129,100,1920.61,40.254,29.9684
3410,5001316443,33010615981,100,1920.04,40.12012152,29.90821844
3420,5001340762,33060162150,100,1916.67,39.45621645,29.83572607
3420,5001321284,33060116756,200,1916,39.48340677,29.94256355
3410,5008843351,33010769656,100,1915.95,40.07273051,30.06873606
3410,5008416666,33010725052,100,1914.5,40.1533042,30.09237264
3410,5001307098,33010110914,100,1914.23,40.17614,29.99936
3410,5001326178,33010404833,100,1912.84,40.08995634,29.93130375
3410,5011000941,3011076272,70,1912.17,40.16105157,30.04158703
3410,5001267655,33010348289,160,1909.65,40.22965018,29.82513929
3420,5001313557,33060114724,100,1907.02,39.42134143,29.84690298
3410,5011687568,3011138796,125,1905.92,40.21017958,30.1221891
3440,5001353117,33120136185,200,1904.8,38.14885637,30.54630088
3410,5001272003,33010275941,100,1904.56,40.10213951,29.99698215
3410,5001845928,33010658601,100,1903.61,40.07859127,30.03299833
3420,5001295148,33060094981,160,1902.99,39.79879524,29.85433109
3410,5001301014,33010458001,100,1902.33,40.36166101,30.12167274
3430,5009685590,3110468987,70,1900.53,37.4075,31.3106
3410,5009185725,33010900626,70,1897.28,40.47260044,29.77078343
3440,5001390622,33120061011,100,1895.85,38.19300541,30.51669923
3410,5010389553,3011010477,100,1895.54,40.33613707,29.95298492
3410,5001271116,33010452803,100,1895.4,40.06756491,29.91755138
3420,5001322989,33060025259,200,1895.2,39.84734646,29.8188662
3410,5001291679,33010336690,200,1895.2,40.07051835,29.9649542
3410,5001298367,33010090606,100,1893.8,40.09809451,30.01199246
3440,5001426767,33120146314,100,1890.35,38.29487488,30.43946018
3410,5001281734,33010334828,100,1889.21,40.0498,29.9168
3410,5007994893,33010683721,100,1888.37,40.08458113,29.930682
3440,5011221689,3120325235,70,1884.95,38.71396937,30.36171766
3420,5001327373,33060027253,200,1880.8,39.78695807,29.91673963
3410,5001286231,33010105469,100,1879.85,40.39638502,30.06327369
3410,5001305083,33010399377,100,1879.2,40.10459013,30.07803489
3410,5001287643,33010610143,200,1878.8,40.38573052,29.83729454
3410,5009815156,3010958635,200,1878.8,40.33104,30.06995
3410,5010668361,3011043253,70,1878.62,40.11384486,30.04544907
3440,5001343849,33120118777,60,1877.83,38.40612801,30.43981509
3420,5008037150,33060179390,400,1877.6,39.587,29.8718
3410,5001327670,33010360873,150,1877.44,40.4595516,29.78370227
3410,5001286643,33010088214,100,1874.68,40.1109,29.9738
3410,5001267068,33010260475,100,1874.06,40.19134339,29.84686399
3410,5011621537,3011127836,70,1871.47,40.0310618,29.82183797
3410,5001276533,33010277042,160,1870.75,40.12555178,30.02748828
3410,5001288289,33010125247,100,1870.6,40.25662786,29.98135559
3410,5001327594,33010436739,160,1869.83,40.39533072,30.09582079
3410,5001321064,33010508650,60,1867.28,40.26022064,30.11099034
3410,5001270972,33010452714,160,1866.19,40.27256071,30.06696487
3410,5009371405,33010925591,100,1864.54,40.0427,29.9597
3420,5011076192,3060249028,70,1860.75,39.89794192,29.7988111
3420,5001313624,33060114798,100,1858.49,38.79482742,29.70305383
3410,5001312953,33010628694,100,1858.41,40.04149869,29.92802287
3410,5001298418,33010140501,100,1855.56,40.42639966,29.82719716
3410,5011367418,3011090450,125,1853.8,40.00369565,29.79134762
3420,5001327651,33060027629,400,1853.6,39.82835368,29.93416768
3410,5001282162,33010123814,100,1849.51,40.10211096,29.99835647
3440,5001410391,33120095627,150,1848.94,38.39569179,30.41415282
3410,5001223270,33010112973,100,1848.42,40.11337715,30.00775115
3410,5001321818,33010433737,100,1847.75,40.37866066,29.8095471
3410,5001234923,33010114806,100,1843.95,40.0725,29.9439
3410,5008547928,33010737634,100,1843.59,40.3987,30.1122
3410,5008219910,33010708338,70,1841.39,40.31591983,29.87058205
3430,5001370499,33110325330,60,1840.89,37.42143469,31.28098862
3410,5008174372,33010705452,100,1839.41,40.30659036,29.8781409
3420,5001331513,33060044998,200,1834.4,39.953685,29.79028294
3440,5001453745,33120083896,100,1834.09,38.25206574,30.51058895
3410,5008174449,33010704071,70,1832.98,40.10945401,30.13345774
3410,5001297713,33010089795,100,1832.45,40.16785,30.00542
3410,5001284495,33010411005,150,1830.88,40.24920255,29.82321723
3410,5001278189,33010334505,100,1830.66,40.24597238,30.14457314
3410,5001331691,33010634412,100,1829.95,40.36716827,30.11729417
3410,5001315751,33010447269,200,1829.2,40.0766,29.8636
3410,5001311240,33010446181,100,1825.81,40.07163796,29.87777928
3440,5011163727,3120316906,40,1824.85,38.2467,30.5213
3410,5009095569,33010795333,100,1824.82,40.346434,30.03584494
3420,5001317542,33060115811,100,1823.13,38.85142275,29.74219345
3410,5001313265,33010645201,100,1822.51,40.10532802,30.10473298
3420,5001334334,33060046778,200,1821.2,39.76144633,29.96141869
3410,5001264568,33010318600,100,1819.69,40.09420679,30.04938589
3410,5011722648,3011144041,70,1817.26,40.20578876,30.08849428
3410,5001294705,33010456571,100,1816.16,40.05157897,29.88195767
3410,5010019465,3010973453,100,1815.53,40.17647806,29.99979035
3410,5001284263,33010515592,100,1815.52,40.3111379,29.93717921
3410,5001309753,33010460144,100,1815.09,40.2695,30.0891
3410,5001313606,33010645588,100,1814.33,40.29722363,29.87678375
3410,5001848897,33010655735,100,1814.16,40.1769359,29.80221039
3410,5009067545,33010786209,100,1814.01,40.3584971,29.85997765
3420,5001313943,33060022533,200,1813.6,39.7741,29.9077
3410,5001302607,33010429485,100,1811.74,40.32107601,29.95926778
3410,5008256504,33010708919,100,1811.42,40.3227234,30.20096498
3410,5008824211,33010764570,200,1811.2,40.2707,30.2809
3440,5009437134,33120249760,70,1810.96,38.41448012,30.39654935
3410,5007993800,33010677349,30,1809.79,40.0538366,30.04088922
3410,5010424864,3011022594,100,1806.87,40.1007,30.008
3410,5009654678,3010948755,150,1806.86,40.32490202,29.81820864
3410,5001290505,33010138719,100,1806.64,40.08926206,29.97959854
3410,5001324151,33010359818,100,1802.97,40.2509065,30.00149522
3440,5008260839,33120208883,70,1802.93,38.48247366,30.41893571
3410,5001285850,33010087745,100,1802.25,40.26002285,29.98254262
3410,5010983305,3011075284,100,1797.63,39.99929645,29.86637184
3440,5001396830,33120076499,100,1796.19,38.1829722,30.51505484
3430,5001425164,33110203892,160,1793.79,37.68236322,31.02347027
3410,5001282629,33010335370,100,1791.73,40.1877483,30.04474541
3410,5001305206,33010325721,100,1791.63,40.19180532,30.04441503
3410,5001248316,33010242477,100,1790.41,40.20303,30.01173
3410,5010676412,3011042720,70,1789.38,40.2287753,30.0610926
3440,5008488558,33120215304,100,1788.93,38.31692966,30.46881377
3410,5001304011,33010458683,100,1788.06,40.24983468,30.24227338
3410,5008523840,33010732558,100,1785.52,40.03844985,30.00097
3410,5001298508,33010140842,60,1784.94,40.20774859,29.97809544
3410,5008278238,33010711709,160,1784.88,40.19662452,30.09876932
3410,5001300461,33010324483,100,1779.44,40.16118,30.04345
3410,5001228167,33010129891,100,1778.62,40.4045,30.0637
3440,5011842697,3120345471,70,1778.52,38.25074028,30.53351312
3430,5001393702,33110312350,160,1776.17,37.47075718,31.25476923
3410,5007966562,33010680952,60,1775.58,40.29348427,29.94103066
3410,5008078272,33010696157,70,1773.39,40.03535138,30.02346572
3440,5001415149,33120064148,150,1771.07,38.26361097,30.46640216
3410,5001306630,33010460082,100,1770.56,40.28471789,30.05990022
3410,5008172747,33010704357,100,1769.7,40.22266673,30.20389128
3440,5010447873,3120289040,40,1768.79,38.28672041,30.47639001
3410,5001298163,33010140074,100,1768.04,40.42895996,29.82280415
3410,5001294689,33010337436,100,1767.38,40.28593918,30.04032343
3420,5008863155,33060201866,100,1767.29,39.80000543,29.92541817
3410,5001298385,33010090633,150,1765.71,40.23721429,29.8134725
3410,5001315421,33010342731,160,1764.77,40.27518538,29.81400889
3410,5001298292,33010090473,100,1763.01,40.25559581,29.98395528
3430,5001428429,33110122856,100,1761.95,37.37565325,31.28472067
3430,5010359332,3110501670,150,1760.95,37.36801774,31.30003989
3430,5001345641,33110209205,60,1760.45,37.59457187,31.10368413
3410,5001261313,33010101719,100,1759.37,40.2569,30.002
3410,5001267252,33010260582,60,1758.24,40.3769019,30.12523634
3410,5010328788,3011005360,70,1758.19,40.44446,29.79072
3410,5001284440,33010426035,200,1757.2,40.28336005,30.29659087
3430,5001353815,33110161371,60,1757.14,37.58264227,31.36158026
3440,5001348782,33120151628,60,1756.7,38.21067717,30.52401333
3410,5001248773,33010132537,160,1754.82,40.1523516,29.85979037
3410,5001307497,33010094679,100,1752.53,40.20769387,29.98806295
3440,5009682472,3120258437,40,1751.35,38.25320404,30.53806029
3410,5001327061,33010604692,100,1747.74,40.11266554,29.98663725
3410,5008924767,33010774674,70,1746.85,40.13656706,29.95439316
3440,5011731672,3120342058,70,1746.48,38.17787868,30.51113378
3410,5001269189,33010085661,100,1745.84,40.1607069,29.99439531
3440,5001360851,33120185869,100,1740.57,38.41896815,30.39280546
3410,5001276659,33010514639,100,1738.88,40.06707543,30.01496487
3410,5008521602,33010732905,70,1738.03,40.07064354,29.9863233
3410,5001312193,33010341841,100,1737.74,40.43478148,29.81208741
3420,5001279905,33060063170,100,1734.55,39.68486101,29.7825679
3410,5010925007,3011071258,70,1733.65,40.06397619,30.15454225
3410,5001307807,33010504857,60,1733.15,40.41990001,29.86596555
3410,5001280039,33010394970,100,1730.91,40.32696947,29.94603032
3410,5008107725,33010697691,100,1730.36,40.31914957,30.17783129
3410,5001305686,33010267162,100,1729.62,40.42363917,29.83492345
3410,5010163587,3010989561,70,1728.85,40.32206502,30.04897008
3420,5009521095,3060216288,150,1723.94,39.9515,29.774
3410,5001295478,33010219719,100,1722.05,40.31500719,30.11864455
3410,5001271138,33010348565,100,1722.04,40.0485,29.9433
3410,5001322566,33010419139,160,1718.39,40.27258572,30.08545286
3440,5012041642,3120351692,500,1718,38.1296,30.3855
3410,5001331782,33010512151,100,1717.53,40.0906802,29.96874971
3410,5001263208,33010120311,100,1717.09,40.08946402,29.95183413
3410,5009315292,33010923166,30,1716.3,40.30413049,29.84559047
3410,5001311884,33010356119,100,1715.98,40.1076367,29.94699389
3420,5001327027,33060058671,160,1713.13,39.56987407,29.84011069
3410,5001268842,33010102734,100,1712.7,40.16474959,30.0084322
3440,5001357364,33120104557,160,1711.64,38.18833661,30.48036788
3430,5001340679,33110126425,100,1709.74,37.62221986,31.38448251
3410,5001272343,33010439150,100,1708.88,40.3696,30.0702
3410,5001267082,33010120993,160,1708.31,40.43546718,29.80509059
3410,5001292986,33010044882,160,1707.98,40.23616714,29.97468262
3420,5001319226,33060024108,160,1707.84,39.8247,29.949
3410,5008567821,33010737643,70,1706.06,40.22615705,30.06185294
3410,5001232159,33010097090,100,1705.24,40.2257,29.8818
3410,5001308741,33010282436,100,1703.91,40.17339383,30.03599014
3410,5008556740,33010736682,100,1703.74,40.12285694,29.90496133
3410,5008379844,33010721625,70,1702.28,40.33207688,29.94267733
3410,5001232398,33010130514,100,1699.73,40.42263563,29.84019073
3410,5001302097,33010281321,100,1698.73,40.31305426,30.03657302
3410,5001215250,33010095059,200,1698,40.13426129,29.98760693
3410,5001248837,33010082678,100,1695.89,40.08206,29.94319
3410,5001306420,33010459958,100,1694.3,40.14121152,29.95674291
3410,5001282466,33010454737,100,1691.99,40.35907315,29.82580855
3430,5001444596,33110207194,60,1690.26,37.40071006,31.33177598
3430,5001337317,33110256232,100,1690.19,37.59045213,31.09050458
3410,5001227993,33010066521,150,1689.89,40.3325,30.1516
3410,5001291995,33010456132,100,1687.86,40.27873513,30.09843891
3410,5001305836,33010221682,150,1687.76,40.3343923,30.09138404
3430,5001412855,33110103707,60,1687.6,37.3754,31.2752
3410,5001274795,33010290456,160,1687.58,40.35202827,30.14494912
3440,5001340593,33120134805,60,1686.04,38.17831559,30.46520956
3410,5010892961,3011067621,100,1684.89,40.23366439,29.81258953
3440,5001443371,33120068147,160,1684.64,38.27446582,30.49202259
3410,5001240815,33010098041,100,1683.46,40.23192,29.97525
3440,5001344303,33120070655,160,1683.15,38.09557683,30.57295628
3410,5010347867,3011009046,100,1682.14,40.2730424,30.16882471
3430,5001420670,33110053973,60,1681.24,37.38866698,31.32574545
3430,5001401532,33110102281,60,1680.63,37.37097802,31.29695193
3440,5008091726,33120201111,50,1679.95,38.40653772,30.42530317
3410,5008089362,33010695768,100,1678.94,40.38790728,29.80906071
3410,5001309571,33010520851,100,1678.42,40.25709259,29.79083916
3410,5001319046,33010387803,100,1677.93,40.41064719,30.0533169
3440,5001344217,33120102884,100,1676.33,38.26347493,30.46414901
3440,5008400685,33120212895,50,1676.15,38.2739019,30.49229276
3410,5001283914,33010440778,100,1675.8,40.31922213,30.02198367
3440,5001380927,33120172163,160,1673.07,38.13440954,30.51339983
3440,5009103664,33120238372,125,1672.2,38.30506052,30.51081081
3410,5001248817,33010082669,100,1671.74,40.07887416,29.94225063
3410,5001322965,33010389183,60,1671.68,40.31540081,30.11590475
3410,5001302654,33010325328,100,1671.64,40.28957124,29.99652549
3410,5001296326,33010280119,160,1667.28,40.17326372,30.03823378
3410,5001267093,33010215498,100,1666.47,40.37357733,30.13886256
3420,5010413100,3060234366,50,1666.32,39.88159333,29.8680464
3440,5001357215,33120055971,100,1664.85,38.25645537,30.48988607
3440,5009395183,33120249456,40,1664.56,38.20449,30.54471
3410,5001281666,33010454263,100,1664.5,40.28710703,29.83599003
3410,5001309054,33010326316,100,1664.31,40.14073694,29.96941895
3410,5001276316,33010276911,100,1662.8,40.0072,29.7864
3410,5001276385,33010379614,100,1661.26,40.11986726,30.02250674
3410,5001293344,33010107042,100,1658.79,40.0694,29.9834
3410,5001313010,33010506207,100,1656.32,40.12626975,29.91846926
3410,5008418539,33010726659,30,1654.88,40.16706073,30.04447512
3410,5001263118,33010229331,100,1653.44,40.08686277,29.96753882
3410,5001280989,33010104711,100,1652.2,40.0977,29.9589
3410,5001299724,33010280389,100,1651.28,40.08955754,29.94564897
3440,5001397470,33120142763,100,1651.06,38.25546144,30.50208557
3410,5001223406,33010113077,100,1650.69,40.09023699,29.95677504
3410,5001308464,33010505602,150,1650.58,40.38870229,29.83229685
3410,5001244590,33010116892,100,1649.2,40.08754172,30.00082415
3410,5001278048,33010453918,100,1646.35,40.24737675,30.28861539
3410,5001277095,33010086757,100,1645.81,40.16879219,30.00883453
3440,5001419270,33120096633,200,1644.4,38.22696,30.54815
3410,5001249220,33010082883,100,1644.3,40.0922,30.0065
3410,5001270759,33010121462,100,1643.97,40.42691749,29.83042065
3410,5009222086,33010913787,70,1643.42,40.36534685,29.87405771
3410,5001215546,33010078817,100,1642.04,40.41492916,29.85825145
3410,5001328649,33010482400,100,1639.79,40.1322,29.9336
3440,5011510510,3120332221,300,1639.2,38.22011382,30.55244402
3410,5010500277,3011013737,100,1637.37,40.43715309,30.004078
3410,5001311841,33010299031,100,1636.04,40.2263,29.8784
3440,5001442950,33120165178,160,1635.04,38.29576471,30.41677558
3410,5001285097,33010263332,160,1631.88,40.3141187,30.03732589
3410,5001295774,33010427561,100,1630.98,40.34036688,30.14021956
3440,5001377149,33120074000,150,1630.79,38.18962169,30.45393811
3410,5008873031,33010771903,160,1629.96,40.31667257,29.86191089
3410,5010704781,3011045230,200,1628.8,40.05990388,29.86805267
3410,5001289797,33010088303,100,1628.19,40.22492432,29.87679417
3410,5001282022,33010454479,150,1627.03,40.0321,29.9679
3430,5001377083,33110293862,60,1624.18,37.49759707,31.27989539
3410,5001307429,33010094347,100,1622.72,40.20668428,29.99366496
3410,5001277861,33010122791,100,1622.16,40.08890466,29.95000889
3410,5001287308,33010308185,160,1621.68,40.29717347,30.01823901
3440,5001357020,33120055864,100,1620.41,38.2428,30.4783
3430,5001848021,33110372788,150,1620.11,37.5714,31.1608
3410,5001292418,33010456384,150,1619.01,40.25393801,30.07404229
3440,5001434694,33120016623,70,1618.48,38.10315232,30.57293318
3430,5004140640,33110378709,60,1615.7,37.58261273,31.22385726
3410,5001307023,33010142794,100,1613.83,40.37568,30.09349
3440,5001353332,33120055480,100,1609.69,38.19525647,30.47490521
3410,5009114316,33010795567,50,1609.28,40.08908979,29.94378833
3440,5001360729,33120072391,100,1608.84,38.21928852,30.53013724
3420,5001333023,33060106508,160,1606.24,39.59239769,29.83497324
3410,5001305109,33010325650,50,1604.58,40.35071542,30.05695907
3430,5001427940,33110139011,100,1603.3,37.4045,31.3043
3430,5009568341,3110466338,70,1602.96,37.65669,31.02449
3440,5001349024,33120167842,100,1602.67,38.13764255,30.58492727
3410,5001280602,33010515181,60,1602.22,40.09863323,30.12912414
3430,5001381730,33110277742,100,1601.26,37.36899764,31.31564344
3430,5001443918,33110174647,60,1598.5,37.68820082,30.99557914
3410,5001317050,33010646075,60,1596,40.11147431,30.04384037
3440,5001367280,33120138091,100,1593.88,38.23038208,30.42127115
3410,5007985832,33010683801,100,1592.67,40.22730067,30.15974611
3410,5010267941,3011000990,70,1591.66,40.19786188,30.10216379
3410,5001308877,33010520378,100,1590.83,40.25956372,30.09825078
3430,5008043390,33110389201,50,1587.68,37.56919126,31.22407094
3410,5010094321,3010980251,100,1586.81,40.23013894,30.08842917
3410,5001263740,33010422546,100,1584.61,40.27591899,30.16304713
3410,5001277509,33010136868,100,1584.38,40.23122,29.88542
3440,5001410413,33120047058,100,1584.28,38.24584696,30.47301864
3410,5004168300,33010676913,160,1583.65,40.19264738,30.09993366
3440,5001353438,33120184861,160,1583.48,38.20345516,30.54002124
3410,5001310063,33010460331,100,1582.58,40.27182975,30.1045896
3430,5001385248,33110082803,100,1582.26,37.39635944,31.32190006
3410,5001243974,33010116408,100,1581.49,40.2569,29.9929
3410,5008116994,33010702138,100,1579.04,40.12756,30.03031
3410,5010120642,3010984027,70,1578.73,40.42748601,30.05870486
3410,5001871956,33010658611,150,1578.59,40.17558498,30.28248122
3410,5009809215,3010959580,70,1578.47,40.05798576,30.04318481
3410,5008988591,33010781392,40,1578.37,40.3496,30.10701
3410,5001310486,33010237664,100,1578.33,40.28458971,30.15782152
3440,5001423619,33120065539,160,1573.55,38.27220631,30.48290855
3410,5001332577,33010513140,100,1573.12,40.13035366,29.92928187
3420,5001291146,33060033617,160,1570.92,39.7888,29.907
3410,5001304159,33010128543,100,1570.52,40.16517284,29.99382313
3410,5001291314,33010427248,150,1570.38,40.24177521,30.0825573
3410,5001327543,33010391056,100,1568.93,40.12874152,29.98039019
3410,5009523446,3010938221,50,1567.79,40.38527892,29.82754467
3410,5008258230,33010708937,100,1567.62,40.16832574,30.0108047
3430,5001369689,33110292542,100,1567.43,37.51911673,31.30115572
3410,5001308749,33010520289,100,1567.23,40.12396016,29.91875146
3420,5011195020,3060252604,70,1564.6,39.7036,29.8377
3410,5001327507,33010436659,100,1562.21,40.16342751,30.05223561
3410,5001292529,33010456464,150,1559.37,40.08726991,29.88447408
3410,5001235016,33010147173,100,1557.92,40.18893416,29.9759925
3410,5001287141,33010381201,60,1556.91,40.32039,29.95668579
3410,5001287414,33010441701,100,1556.16,40.4224083,30.06524583
3410,5008839781,33010768158,100,1555.89,40.30786,30.13671
3410,5009417736,33010930241,70,1554.85,40.03502139,29.90616695
3430,5001409267,33110153351,60,1554.83,37.52217414,31.25552253
3410,5001272009,33010319527,160,1553.94,40.05568815,29.9317042
3440,5011573995,3120334261,40,1553.13,38.16834507,30.53183707
3430,5001389597,33110199154,60,1552.63,37.49127259,31.22910727
3410,5001862011,33010660172,100,1551.76,40.20354142,30.19360714
3410,5008555226,33010738097,100,1551.72,40.37739302,29.82022049
3410,5008350971,33010721732,70,1551.3,40.19350094,30.10065824
3410,5001306620,33010355247,100,1550.34,40.15651312,30.05524071
3440,5001406215,33120160091,200,1549.6,38.28324163,30.43690472
3410,5001262975,33010229241,100,1548.38,40.4343784,29.81218968
3410,5001291154,33010396821,100,1547.77,40.1194274,30.08075772
3410,5001283943,33010410661,100,1546.86,40.17858163,30.0320307
3430,5001421390,33110171350,100,1545.14,37.51961015,31.28829409
3410,5001259923,33010273901,100,1544.98,40.2438565,30.09926113
3420,5001289116,33060109027,300,1544.4,39.53872665,29.83435827
3410,5008093493,33010698142,100,1543.88,40.3068752,29.89990477
3410,5001209730,33010063851,60,1543.61,40.2074157,29.98804825
3440,5001402636,33120094675,200,1543.6,38.10920833,30.56299015
3440,5001414835,33120144651,50,1542.48,38.25480435,30.45258331
3410,5001296931,33010250657,100,1542.09,40.15461789,30.02382409
3410,5009769878,3010953998,30,1542.07,40.18017,30.22724
3410,5001239632,33010116168,200,1541.6,40.0513,29.9911
3410,5001313901,33010416594,100,1541.49,40.28244403,29.82801999
3410,5007976347,33010682868,100,1541.08,40.19733707,30.2011627
3440,5001419470,33120064881,100,1539.82,38.20260775,30.51385684
3410,5009682487,3010950833,70,1538.93,40.25125,30.20549
3410,5001264765,33010084897,100,1538.25,40.24130215,29.81151336
3410,5001311942,33010341662,100,1537.18,40.2257432,30.09340812
3410,5009268534,33010918783,100,1535.4,40.11210007,30.02090461
3410,5001308431,33010628139,100,1535.08,40.24733523,29.99259903
3420,5004167810,33060175078,60,1534.53,39.7951,29.9263
3410,5009832664,3010960849,50,1534.4,40.0512,29.9468
3410,5001252169,33010287085,200,1533.6,40.3057343,30.02610329
3440,5001393715,33120141784,160,1532.34,38.14844923,30.5582577
3410,5004084382,33010664565,100,1531.73,40.15362095,30.09734149
3420,5001276537,33060031425,200,1530.8,39.7745,29.9231
3410,5001329722,33010421450,60,1529.87,40.27538964,29.96026623
3410,5001264319,33010392741,100,1529.81,40.11078469,30.07354255
3410,5001245278,33010082382,160,1528.92,40.10451317,29.97274259
3410,5001299557,33010488421,60,1528.68,40.03089081,29.87331414
3410,5010375828,3011015624,100,1526.9,40.3178947,29.82354329
3410,5001258868,33010119311,100,1525.88,40.39206642,30.07038484
3440,5008314952,33120210175,300,1524.6,38.21837574,30.35167382
3410,5001236289,33010097705,100,1524.55,40.25622894,29.99890004
3410,5001329079,33010511280,150,1523.16,40.3884,29.82492
3440,5001431497,33120130539,160,1523.04,38.11834733,30.58926141
3410,5001297957,33010090071,100,1522.38,40.38292,30.11666
3440,5001409946,33120013069,160,1522.31,38.10560395,30.58103581
3440,5001360691,33120169284,100,1521.56,38.20902605,30.54944677
3430,5001394067,33110328430,100,1519.84,37.34553353,31.29024476
3410,5004146938,33010669301,100,1519.34,40.07505716,30.05947978
3440,5001427100,33120178327,60,1518.07,38.28355622,30.50708098
3420,5001325421,33060133087,150,1513.75,39.69750071,29.84421323
3410,5001295389,33010337937,100,1513.57,40.31465217,30.0248618
3410,5001292098,33010293761,60,1513.06,40.03900259,29.99450616
3430,5001405791,33110329929,100,1512.96,37.61142887,31.06972128
3430,5001384897,33110165942,60,1507.9,37.41005365,31.29777171
3430,5001427674,33110204209,60,1507.46,37.39768708,31.3281548
3430,5001337635,33110126391,100,1504.49,37.62787608,31.38659157
3440,5001410381,33120144392,60,1504.08,38.31213123,30.48064022
3410,5007980854,33010683060,70,1501.32,40.27286754,30.13156878
3410,5001291031,33010279216,100,1500.97,40.17190597,30.04927492
3410,5001299811,33010428263,100,1499.67,40.07492776,29.91213991
3440,5011805909,3120344787,100,1498,38.20110374,30.45824819
3410,5001291580,33010397096,160,1497.45,40.43956549,29.81624917
3430,5001854281,33110377757,30,1497.42,37.58390923,31.22239917
3410,5001238818,33010115465,300,1494.6,40.25125,30.20549
3410,5010685552,3011039439,70,1492.36,40.3046,30.2363
3430,5001375319,33110047635,100,1490.79,37.37764981,31.32593351
3410,5001297472,33010457677,160,1490.01,40.0548,29.904
3410,5001318033,33010239506,100,1488.88,40.0032893,29.86913174
3410,5010951938,3011070751,100,1488.36,40.07435474,29.92876328
3410,5001320842,33010508373,100,1485.57,40.24252968,30.07973976
3440,5001406245,33120143761,100,1484.79,38.2562,30.5331
3410,5008015765,33010681360,60,1483.19,40.26455755,29.99235288
3410,5001325662,33010419891,100,1483.06,40.27737682,30.29964243
3420,5004167673,33060174796,60,1482.29,39.43896045,29.83622617
3410,5001313780,33010283836,100,1481.94,40.0774,29.9429
3410,5008597459,33010741029,100,1481.68,40.31639,29.8585
3420,5001315825,33060023147,200,1481.6,39.78617,29.9115
3410,5001845378,33010654255,100,1481.07,40.3013251,29.8676964
3410,5001300122,33010428479,60,1480.7,40.09147772,29.97444089
3430,5008075536,33110390795,30,1480.69,37.56019903,31.23373395
3410,5009355252,33010928055,50,1480.53,40.18174,29.92079
3430,5010944333,3110515970,250,1480.5,37.4981,31.2005
3410,5001287389,33010609984,60,1480.34,40.40374709,30.09197074
3430,5001423459,33110300199,60,1478.48,37.3533,31.2714
3420,5001331547,33060090776,250,1478,39.7288,29.8101
3410,5001310413,33010341303,160,1476.88,40.13594046,30.06003487
3430,5001356771,33110323175,60,1476.67,37.56919352,31.2240699
3410,5001300169,33010398128,100,1474.23,40.41973113,29.87963386
3430,5010096391,3110485576,70,1474.07,37.53957797,31.22171071
3410,5008089988,33010698035,100,1472.98,40.19198198,30.09695752
3410,5008874935,33010772259,50,1472.91,40.17567,30.04361
3420,5001319072,33060023998,100,1472.15,39.80985157,29.91841487
3420,5010645920,3060240022,200,1470.8,39.9209,29.7643
3410,5001300951,33010457962,100,1468.13,40.14820731,30.13210523
3420,5001875813,33060173494,400,1468,39.62256593,29.82388157
3420,5001330258,33060043589,200,1466.8,39.82345658,29.91179095
3430,5001379175,33110261152,150,1464.91,37.68660004,30.98928893
3410,5009374611,33010927871,70,1464.86,40.09606,30.14668
3410,5001215139,33010094991,100,1464.23,40.19734451,29.96742884
3410,5001313437,33010629225,100,1463.47,40.058,29.8416
3410,5001324130,33010345278,100,1463.15,40.18249435,29.86087463
3430,5001398244,33110050962,60,1461.88,37.3882682,31.32573722
3410,5001310612,33010355917,100,1461.22,39.99426912,30.00067545
3440,5001367525,33120138232,100,1461.2,38.24612742,30.52079602
3440,5001353613,33120055631,150,1459.58,38.1397426,30.57951145
3410,5008475943,33010729365,70,1459.18,40.32291819,29.82308444
3410,5001271970,33010393702,100,1457.16,40.23375365,30.13360104
3410,5001310461,33010162957,100,1457.05,40.41881473,29.8580367
3440,5001446354,33120034953,200,1456.4,38.20702325,30.45702973
3410,5008112863,33010700401,70,1456.34,40.22719345,30.15994296
3410,5008988618,33010775822,100,1455.87,40.34797,30.10987
3440,5001446098,33120132471,160,1453.42,37.87988101,30.84716973
3440,5001410093,33120063561,160,1451.42,38.27925557,30.44943476
3420,5001329573,33060119604,150,1449.5,39.8565,29.8704
3440,5001401777,33120126438,200,1448,38.26434981,30.43844894
3420,5001301974,33060035390,200,1447.6,39.80003323,29.92158045
3410,5001284541,33010321786,100,1447.09,40.04516662,29.93341755
3410,5008594880,33010737170,70,1445.08,40.12153362,29.94707884
3410,5009718937,3010951278,70,1444.54,40.40463004,29.96495763
3440,5001390279,33120157864,200,1443.6,38.13776207,30.41260029
3430,5001361919,33110227203,60,1442.66,37.47962322,31.24454786
3410,5001314033,33010431840,100,1442.18,40.112332,29.88221349
3410,5008636149,33010747176,100,1441.84,40.18955155,30.05326991
3420,5001318953,33060039479,200,1440,39.9532255,29.77562418
3440,5001394205,33120010423,100,1437.78,38.22409847,30.48057418
3410,5001266793,33010332430,100,1437.06,40.14188778,29.99576161
3440,5001348670,33120020519,100,1436.99,38.12504163,30.55564125
3430,5001339719,33110288657,60,1436.87,37.67878084,31.02237469
3410,5001295319,33010126683,100,1436.71,40.25380383,29.99427977
3410,5010932490,3011071768,70,1435.99,40.03564374,29.81667764
3410,5001297541,33010353350,100,1435.55,40.03816311,29.90561145
3430,5001449747,33110356864,160,1434.86,37.47259717,31.25009453
3410,5001281523,33010105020,100,1432.97,40.1135,30.004
3410,5001210243,33010064197,100,1431.81,40.13608274,29.86358571
3430,5001408830,33110217978,60,1431.8,37.45974407,31.22922643
3430,5001348773,33110322051,150,1431.54,37.5864,31.1051
3420,5001279952,33060047523,200,1430.4,39.84561205,29.86872788
3410,5010449100,3011023027,40,1429.18,40.18505721,30.11183572
3430,5001432100,33110073822,60,1429.14,37.40467545,31.32534031
3410,5001287665,33010292862,160,1428.02,40.25672242,30.14464403
3410,5001275006,33010349025,100,1427.05,40.2621696,30.08380353
3410,5001298641,33010091499,100,1426.43,40.07991129,29.93803528
3410,5001227942,33010051107,200,1425.6,40.17760535,29.85087756
3440,5011751453,3120343144,70,1425.59,38.1784769,30.50393563
3440,5001340020,33120086136,150,1424.15,38.17840614,30.47432874
3440,5011621297,3120335581,70,1424.07,38.1407,30.5462
3440,5011580528,3120333710,70,1423.82,38.11052519,30.56012979
3410,5001317555,33010646709,30,1423.08,40.26897688,30.29564891
3420,5001859272,33060171883,200,1422.8,39.61245233,29.83044762
3440,5010312825,3120283986,160,1422.53,38.27281,30.45288
3410,5008469968,33010729383,160,1421.62,40.36488233,29.96801259
3420,5001290825,33060033401,200,1421.6,39.8354,29.9339
3410,5001276993,33010086701,100,1420.89,40.0709,29.9385
3410,5008699619,33010750977,100,1419.47,40.09985883,29.9496351
3430,5008547842,33110417843,100,1418.96,37.51716348,31.22248126
3420,5011724209,3060269272,100,1416.79,39.77922055,29.90720483
3440,5009565992,3120255121,40,1416.43,38.32083024,30.41071777
3410,5001288095,33010233191,160,1414.53,40.1621063,29.86866006
3410,5001310090,33010253283,100,1414.47,40.15298741,30.018767
3440,5001410372,33120095618,100,1413.49,38.18831638,30.52396569
3410,5008319709,33010698948,100,1411.86,40.21026416,29.94576079
3410,5001227128,33010145910,100,1411.52,40.08748646,29.94598523
3420,5001326676,33060058394,200,1410.8,39.57209893,29.84328977
3440,5001442944,33120099662,60,1410.63,38.26830164,30.48136986
3410,5001312737,33010628461,100,1410.61,40.42904449,30.02425671
3410,5001322044,33010418731,160,1409.95,40.10505,29.82859
3420,5001326736,33060058447,160,1409.25,39.58662,29.8274
3410,5001202159,33010015227,100,1408.79,40.2170119,29.99064588
3440,5011701888,3120337915,70,1408.2,38.1357349,30.57767648
3440,5001376978,33120058875,100,1406.13,38.21366238,30.51860422
3410,5010389780,3011016711,70,1404.6,40.11113789,30.0084209
3410,5009250791,33010916896,100,1402,40.2858,29.8334
3410,5007924454,33010676781,100,1401.31,40.29582386,30.26377732
3430,5001353703,33110061367,60,1401.11,37.38745317,31.29468518
3430,5001401486,33110249659,40,1400.87,37.51229,31.18
3410,5010694555,3011041132,70,1397.13,40.33995565,30.08664446
3410,5001325167,33010632491,100,1396.93,40.0807,29.7976
3440,5001386541,33120092456,200,1396.4,37.98397976,30.69914322
3420,5010777493,3060242279,50,1394.64,39.66288525,29.86401642
3430,5001409073,33110234226,100,1390.6,37.47616424,31.23993847
3440,5001431033,33120016169,100,1390.07,38.23613,30.49929
3410,5001307264,33010093706,100,1388.99,40.22495081,29.86871372
3410,5001329242,33010650800,100,1386.7,40.02503556,29.8579181
3430,5001370464,33110341361,60,1386.19,37.3293,31.316
3430,5001863684,33110370326,60,1385.91,37.48352415,31.25627418
3410,5001307375,33010112061,100,1384.45,40.37186,30.09838
3410,5001251871,33010166203,100,1383.77,40.13597607,29.98810121
3420,5001299596,33060111357,200,1382.4,39.56563623,29.8497262
3410,5001315995,33010328419,100,1381.83,40.09581909,29.93377353
3420,5001330513,33060059972,100,1381.33,39.67560766,29.66268877
3440,5001396849,33120076505,160,1380.63,38.18466928,30.52868348
3440,5011666913,3120335062,70,1380.21,37.9842,30.6738
3410,5001256062,33010287559,100,1379.68,40.11591208,30.06287039
3410,5001323581,33010330972,100,1379.52,40.11231992,30.02513115
3410,5001282292,33010454639,150,1378.38,40.0458,29.9629
3410,5010177866,3010990928,70,1377.54,40.19952054,30.13236433
3410,5001271438,33010348725,100,1376.87,40.0406,29.9394
3420,5001331495,33060044961,200,1376,39.8295,29.944
3430,5001380680,33110342653,60,1375.92,37.3998035,31.26924739
3410,5008400408,33010723719,100,1374.24,40.11823783,29.98614956
3430,5001381735,33110229960,60,1373.78,37.64445434,31.02442338
3410,5001287314,33010516277,100,1372.83,40.01740604,30.00008868
3410,5001295917,33010442727,100,1371.98,40.39415033,30.03453687
3430,5001374415,33110325831,30,1371.78,37.34275675,31.3276223
3410,5011094740,3011081334,70,1370.86,40.08961186,30.14138671
3410,5001227012,33010145849,100,1370.56,40.09478901,29.98480016
3420,5001313767,33060022417,200,1367.6,39.80440998,29.91714348
3410,5001308773,33010311879,100,1367.17,40.051,29.9429
3440,5009628165,3120256700,200,1366.8,38.75558364,30.33417346
3420,5009089921,33060207350,70,1365.06,39.43824,29.83371
3410,5010117795,3010983039,70,1364.7,40.31091123,30.19905239
3410,5001326912,33010436111,150,1362.65,40.35254742,30.0902475
3440,5011651850,3120336972,70,1360.97,38.17734875,30.50312155
3410,5001272482,33010319831,100,1358.83,40.22606227,29.99876685
3410,5001285652,33010455396,100,1357.29,40.24605671,30.24392499
3440,5004154694,33120193038,100,1356.86,38.41888562,30.37552891
3410,5001305781,33010354689,100,1356.8,40.43980062,29.81882645
3410,5001303578,33010643055,100,1356.69,40.07828848,30.03955199
3410,5001303765,33010458502,100,1356.06,40.35105763,29.93604311
3440,5001390585,33120010067,100,1355.1,37.93032629,30.72277807
3440,5001450196,33120116852,160,1354.79,38.15881114,30.54193675
3410,5001264828,33010040140,60,1353.28,40.21522222,29.95599562
3410,5001872593,33010664028,100,1352.63,40.0319,29.9378
3410,5001272059,33010408879,100,1351.55,40.153733,29.98642107
3410,5008257611,33010711781,100,1351.42,40.3234,30.1529
3410,5001307422,33010112230,100,1350.58,40.17339118,30.02113747
3410,5010801589,3011053302,30,1346.53,40.18149694,29.9910275
3410,5001245356,33010082426,200,1345.6,40.07,29.936
3430,5009241040,33110453170,70,1345.27,37.55075283,31.19706118
3410,5001332748,33010482741,100,1344.58,40.01315586,29.91079107
3410,5001258857,33010119301,100,1343.7,40.39506952,30.06440056
3410,5001265416,33010135065,150,1343.22,40.3013,30.1882
3420,5010046031,3060225429,70,1341.83,39.39293895,29.86870116
3410,5001301459,33010458290,100,1341.81,40.06375163,29.8821892
3430,5001876489,33110379072,100,1341.68,37.52497417,31.20881295
3410,5001266868,33010120859,100,1340.76,40.09357173,30.01282007
3410,5001266750,33010229761,100,1339.85,40.19423198,29.91067118
3410,5001227043,33010145867,100,1338.79,40.30277959,30.15714038
3410,5009427634,33010932719,100,1338.77,40.33062434,30.06990429
3410,5001272593,33010319911,100,1337.49,40.19647014,29.91705652
3430,5001335667,33110320290,60,1336.75,37.44126309,31.29655905
3410,5001307101,33010110923,100,1334.86,40.26069329,29.99740149
3410,5001261074,33010084538,100,1334.74,40.1044167,30.00406078
3410,5001296511,33010517784,100,1333.9,40.05317098,30.01318129
3410,5001305049,33010414670,100,1333.81,40.1916776,29.93938113
3410,5001307295,33010093804,100,1333.18,40.20047593,30.00063406
3410,5009409087,33010930250,70,1332.96,40.05977423,29.94425312
3410,5001241138,33010098275,150,1331.37,40.09930279,30.0155912
3410,5001272604,33010513927,150,1329.75,40.13459576,29.93013931
3410,5001292475,33010126066,100,1329.36,40.2555,29.9789
3430,5001362362,33110211366,100,1328.8,37.5109,31.22839
3410,5001291864,33010456061,100,1326.13,40.45503,29.77931
3420,5001326436,33060041950,160,1325.71,39.8357,29.8918
3410,5001322413,33010617251,100,1325.07,40.3233237,29.97426097
3430,5001356685,33110323120,60,1324.81,37.50461115,31.22152356
3410,5001267544,33010230251,70,1323.99,40.08410611,29.96836885
3440,5001422681,33120079427,100,1322.97,38.28335542,30.47709619
3410,5008993935,33010783261,70,1322.26,40.1169,29.8967
3410,5001234804,33010146981,100,1320.28,40.24090987,30.10935461
3440,5001414694,33120160986,200,1320,38.11530197,30.57812179
3420,5001313914,33060022515,200,1319.6,39.8035,29.9296
3430,5008328875,33110405118,70,1319.05,37.68962286,30.99107494
3430,5001425315,33110220605,60,1318.53,37.6605744,31.02294046
3440,5001389737,33120141194,200,1318.4,38.18042,30.5246
3430,5007903008,33110385329,30,1317.92,37.53089083,31.21278475
3410,5001290927,33010442048,100,1317.74,40.27182975,30.1045896
3410,5001249086,33010069587,100,1317.72,40.3583,30.0861
3410,5001298649,33010109305,100,1317.71,40.21198,29.86611
3410,5001256156,33010118752,160,1316.75,40.10281231,29.82096001
3420,5001319180,33060024064,100,1316.39,39.83456905,29.93711314
3430,5001401633,33110152425,60,1314.15,37.53638555,31.2749203
3410,5008482527,33010730203,50,1313.39,40.23668757,29.87899326
3410,5001240922,33010081643,150,1313.35,40.28839,29.95035
3410,5001282043,33010291856,100,1313.35,40.10421,30.06484
3410,5001326354,33010435633,100,1313.3,40.12165925,30.02229591
3420,5001310008,33060097955,150,1312.96,39.69549673,29.86007227
3410,5001320408,33010358820,100,1312.57,40.28976938,29.8130226
3410,5001293584,33010078281,100,1311.37,40.22568278,29.8760828
3410,5001316700,33010491928,100,1310.1,40.26697456,30.03950223
3410,5001323767,33010479281,60,1308.9,40.00940397,29.91542334
3420,5001289077,33060108997,100,1308.36,39.75607555,29.78785708
3410,5001848788,33010653374,160,1305.19,40.37654233,29.95462893
3410,5001284040,33010321481,100,1304.47,40.2589,30.0856
3410,5001294350,33010502333,100,1303.49,40.14710511,30.02718765
3420,5009381598,33060213670,250,1303,39.70717635,29.83905401
3410,5001223573,33010113184,100,1302.05,40.20393024,29.99793698
3410,5010325288,3011002411,70,1301.62,40.21026184,29.94575432
3420,5001306126,33060097392,200,1300.8,39.71911011,29.86847258
3410,5010576262,3011034503,150,1300.52,40.1923,30.0732
3440,5001426788,33120049151,60,1299.98,37.96883497,30.73917735
3440,5008465058,33120214826,70,1299.78,38.20437064,30.58148516
3410,5001263135,33010229340,100,1295.64,40.08807549,29.96860417
3430,5001430733,33110371762,150,1295.06,37.66650553,31.07731781
3440,5001353541,33120055597,100,1295.04,38.21742094,30.52912386
3410,5008102312,33010697806,70,1293.75,40.2590802,29.84807618
3410,5009364410,33010928190,50,1289.76,40.1843,29.92942
3420,5001334331,33060046769,200,1288.8,39.79490599,29.92470037
3440,5001418723,33120145166,60,1288.41,38.27430813,30.43894999
3440,5001396923,33120093730,60,1288.18,38.20666812,30.47376299
3410,5008682565,33010753315,150,1287.48,40.05919798,30.03801028
3440,5001370165,33120023431,90,1286.54,38.26198163,30.49123742
3440,5011528290,3120332211,40,1285.07,38.18743613,30.53330923
3410,5009242742,33010915370,100,1284.3,40.26208839,30.15692709
3410,5010412222,3011018045,70,1283.3,40.04612917,30.04117762
3430,5010401739,3110504241,100,1282.92,37.37859421,31.30716905
3440,5001366671,33120121389,100,1282.78,38.27403866,30.49222205
3410,5008071755,33010695599,70,1281.11,40.31274627,30.12491341
3420,5001302105,33060035470,200,1280.8,39.78774751,29.9338028
3410,5001327645,33010391136,100,1279.79,40.1092,30.0502
3410,5001277656,33010026525,100,1279.4,40.22979361,29.87240317
3440,5011823000,3120344929,100,1279.32,38.1974,30.5379
3410,5001253460,33010083611,100,1277.91,40.10410522,30.002838
3430,5001447853,33110058281,100,1277.35,37.37134071,31.29767284
3410,5010285092,3011003937,100,1277.2,40.0915626,30.16160619
3410,5001306926,33010092558,160,1275.96,40.42516291,29.85460608
3430,5001393501,33110184151,60,1274.99,37.37767136,31.30400276
3430,5001377340,33110363949,60,1274.71,37.48646749,31.25125247
3410,5001311329,33010614563,100,1273.83,40.1249,29.9409
3440,5001369697,33120105779,160,1272.87,38.2289279,30.54587198
3410,5001304835,33010384294,60,1272.25,40.43586903,29.81005654
3410,5001224588,33010129587,200,1270.4,40.10591897,29.99104699
3440,5008202654,33120207321,50,1269.97,38.13246359,30.42564271
3410,5001284274,33010410877,100,1269.85,40.17518523,30.0153135
3410,5001192544,33010046519,100,1267.41,40.18289941,29.98201208
3410,5010655567,3011037345,70,1265.14,40.22660251,30.2571202
3410,5008065155,33010691517,100,1262.79,40.20712858,30.20060175
3420,5001326512,33060026480,30,1262.16,39.7985,29.928
3410,5001256363,33010228128,100,1260.62,40.23677559,30.09759396
3440,5008476898,33120215977,100,1260.43,38.29808152,30.4886921
3410,5001324028,33010345106,100,1258.61,40.04865626,29.94229049
3420,5011255674,3060253675,30,1258.59,39.59440093,29.82940723
3420,5001304840,33060035952,400,1257.6,39.8519765,29.89972447
3410,5008768760,33010761522,70,1256.82,40.25431303,30.25105317
3440,5010914506,3120312068,100,1256.11,37.85944273,30.80136781
3410,5001319327,33010329363,100,1254.73,40.24616646,30.14460455
3410,5007977870,33010683177,100,1252.75,40.30189101,30.10763125
3410,5008148283,33010703752,100,1252.04,40.16278108,30.04179931
3440,5001426791,33120031531,60,1251.89,37.96713557,30.73547513
3440,5001409973,33120078063,200,1250,38.39393315,30.44085122
3440,5007960769,33120197190,150,1249.47,37.91467159,30.84341827
3420,5001326884,33060026800,200,1248.4,39.87827463,29.77475762
3410,5001289537,33010486463,200,1246.8,40.22285409,29.81145957
3440,5008107504,33120201837,200,1246.8,38.2039,30.5526
3410,5001297873,33010089973,100,1245.74,40.09214932,30.00962511
3440,5001402482,33120110536,100,1244.87,38.16701441,30.47357454
3410,5001249586,33010083085,100,1243.64,40.24638686,29.99710158
3430,5001398507,33110051119,160,1242.31,37.3757,31.2979
3440,5009719151,3120258642,40,1240.84,38.2773388,30.465117
3410,5001330231,33010620168,160,1238.76,40.33891276,29.97599107
3410,5001240667,33010081518,100,1238.66,40.1809,30.0064
3410,5010761722,3011042130,100,1237.2,40.34272376,29.84414832
3420,5011681651,3060267821,70,1236.67,39.87783704,29.8087324
3410,5001302874,33010488744,60,1236.59,40.05700346,29.91236754
3410,5001281704,33010247590,100,1236.17,40.18556919,29.97701856
3440,5001367140,33120022818,90,1235.6,38.10367044,30.56152225
3410,5001219111,33010095531,100,1235.34,40.19649359,29.97532564
3430,5001416700,33110087078,100,1235.03,37.3501427,31.29018285
3440,5011669453,3120337209,70,1234.25,38.29197807,30.48346337
3410,5009455901,33010934061,100,1234.05,40.28571774,30.24648802
3410,5001249598,33010133070,100,1234.03,40.1981804,29.97672228
3410,5010699674,3011045580,70,1233.84,40.44350642,29.79091928
3430,5001428235,33110089241,100,1233.44,37.36383914,31.27527365
3410,5001323241,33010330702,100,1231.68,40.2149126,30.09918994
3430,5001439497,33110355553,30,1230.83,37.54115369,31.19074404
3440,5001394307,33120010497,100,1230.35,38.06138952,30.64857821
3420,5001296508,33060034472,100,1229.91,39.86308106,29.7870625
3410,5009977778,3010970710,70,1229.64,40.40143009,30.07425271
3410,5008014445,33010686188,100,1228.06,40.0779197,30.0697845
3410,5001317219,33010507591,100,1227.7,40.33902598,30.08154279
3410,5001291268,33010322934,150,1225.73,39.98292119,30.0106478
3440,5001410048,33120144202,30,1225.73,38.26321155,30.50191903
3420,5001314631,33060023002,400,1224,39.80275331,29.93515547
3420,5001312848,33060113941,160,1223.82,39.62342356,29.81224598
3440,5001435386,33120067051,200,1223.6,38.21665234,30.4669913
3440,5012070658,3120352608,50,1223.27,38.2822,30.4651
3410,5001311665,33010355953,100,1221.91,40.38281235,30.07052272
3410,5008754800,33010760605,100,1219.56,40.1838,29.8
3420,5009371669,33060212430,100,1218,39.5758982,29.82976174
3440,5001369681,33120105760,60,1217.85,38.24609719,30.48569503
3420,5001329771,33060088965,60,1217.8,39.59835847,29.88477417
3410,5001285054,33010232597,100,1216.44,40.25607654,29.81136218
3410,5008176603,33010706039,70,1215.39,40.0536272,29.98495476
3430,5007892909,33110384653,60,1215.3,37.62553276,31.10323601
3410,5001325726,33010331085,150,1212.24,40.163275,29.96861149
3410,5001313868,33010600227,100,1211.79,40.01146768,29.87100137
3410,5008332639,33010717524,60,1209.79,40.04451257,29.94653981
3440,5001415000,33120064068,200,1208.8,38.08689505,30.62388267
3420,5001319005,33060023951,200,1208.4,39.8375,29.9398
3410,5001310159,33010460396,100,1204.69,40.21854665,30.12846849
3410,5001326836,33010436041,100,1203.86,40.10025737,30.02518473
3410,5001309244,33010385246,100,1203.31,40.33075977,29.95543584
3430,5001419060,33110370237,30,1200.63,37.57664792,31.22876522
3410,5011648914,3011136101,100,1199.61,40.14313746,29.98961515
3410,5001298612,33010109154,100,1199.1,40.1014,29.9653
3440,5001430694,33120130109,200,1198,38.28751453,30.44614296
3410,5001271053,33010121669,100,1196.26,40.20067686,29.97199824
3410,5001322695,33010388981,100,1195.85,40.4200732,29.86803536
3410,5001318245,33010239669,160,1195.02,40.14566127,29.8678437
3410,5001248298,33010242468,100,1193.88,40.23181321,29.99018009
3440,5001406204,33120012526,100,1193.81,38.20977,30.5188313
3430,5001370864,33110163661,60,1192.47,37.45113299,31.2540568
3410,5001324296,33010480101,100,1192.11,41.60044543,29.18294315
3440,5001349313,33120151941,200,1191.6,38.09607099,30.58892425
3410,5001265626,33010085375,100,1191.01,40.18206338,30.0186118
3410,5009348943,33010928064,50,1190.79,40.1209,29.8342
3440,5001336486,33120134171,100,1189.82,38.25346412,30.50543247
3410,5001256600,33010119080,150,1188.54,40.09760215,30.01323813
3410,5001284656,33010321857,150,1188.32,39.98833,30.00804
3410,5001282440,33010123986,100,1185.38,40.13881138,29.98908069
3420,5001293688,33060155271,150,1183.22,38.7673315,29.72207504
3410,5001296578,33010428101,100,1182.42,40.0916,29.9902
3410,5001271320,33010290151,100,1182.25,40.33535331,30.05457132
3430,5001421620,33110266678,100,1179.87,37.51943845,31.23676956
3410,5001240808,33010131244,100,1179.5,40.31973601,30.14543893
3410,5010419340,3011020867,100,1179.11,40.16555055,30.01500954
3410,5001284195,33010440947,150,1177.22,40.03338587,29.96114648
3410,5008918465,33010775967,70,1176.01,40.1173,29.89898
3440,5009236274,33120243560,150,1175.84,38.41899,30.39245
3410,5001269177,33010102912,100,1174.94,40.2418088,29.99664973
3440,5008046791,33120199686,70,1174.03,38.25991538,30.50178426
3440,5001386199,33120124406,100,1172.13,38.38408364,30.41938472
3410,5001326345,33010450550,100,1171.82,40.38080754,29.81078542
3410,5001316137,33010417411,200,1170.4,40.20325722,30.29947268
3410,5001317492,33010507920,30,1169.87,40.15602866,30.01045149
3410,5001323163,33010316294,60,1169.69,40.19989266,29.85353174
3430,5001361225,33110291634,150,1168.83,37.48304486,31.25304506
3410,5001302353,33010519303,100,1165.94,40.12600975,30.08167109
3410,5009978075,3010970273,100,1165.78,40.25125,30.20549
3410,5001321248,33010493753,100,1165.22,40.28832537,29.85150733
3410,5008954779,33010781131,100,1163.73,40.04935338,29.92509398
3430,5001440593,33110075371,60,1163.39,37.39076514,31.31567137
3410,5001263617,33010347648,100,1162.85,40.24889663,30.02322854
3440,5001418665,33120064433,60,1162.64,38.23479668,30.53933601
3430,5001337351,33110092935,100,1161.68,37.36075057,31.27307894
3410,5001301270,33010458164,100,1161.45,40.31961466,29.82828013
3440,5001401771,33120076953,200,1161.2,37.97487612,30.72974224
3410,5008380647,33010722589,100,1159.69,40.21471107,29.99613557
3410,5001271026,33010333212,100,1159.54,40.2424,30.0162
3430,5001419554,33110316303,60,1158.62,37.54179712,31.24004886
3410,5001243826,33010116284,100,1157.48,40.2335076,29.97954353
3420,5001334802,33060121228,160,1156.82,39.56539683,29.85392489
3410,5001316615,33010328858,200,1155.2,40.1814916,29.99102643
3440,5010834332,3120302651,70,1152.2,38.2465,30.5214
3430,5001382523,33110246737,60,1149.74,37.64548625,31.027404
3430,5010744431,3110513671,100,1149.26,37.4842,31.2158
3410,5008306977,33010715412,70,1148.37,40.35496969,29.85781361
3430,5001366518,33110212013,100,1148.32,37.37702966,31.29700188
3410,5001210118,33010064114,100,1147.16,40.15061295,29.8488489
3410,5001244263,33010116669,100,1146.93,40.0943,29.9626
3440,5001405660,33120062761,160,1146.75,38.31456438,30.46490581
3410,5001300019,33010324170,100,1146.48,40.13694597,30.05950438
3410,5001311422,33010327270,100,1145.48,40.04407692,29.93391025
3440,5001394524,33120044842,60,1145.11,38.19042,30.47884
3410,5001315507,33010255018,160,1143.8,40.20136309,29.97595868
3440,5001431364,33120016374,100,1142.4,38.40410863,30.41951693
3440,5009485883,33120251561,50,1140.96,38.13212,30.57741
3410,5001223317,33010113003,100,1140.71,40.17263111,30.00149997
3410,5001240865,33010081616,100,1140.6,40.29026319,29.96162932
3430,5001439841,33110268636,160,1139.39,37.47699713,31.25380982
3410,5008142564,33010700554,100,1139.04,40.11946823,29.92836986
3440,5001415085,33120128174,100,1138.8,38.39922636,30.41665735
3410,5001244349,33010116721,100,1138.35,40.2053705,29.97792609
3440,5008486188,33120214666,30,1138.25,38.33532528,30.47746804
3440,5001422986,33120097013,200,1137.2,38.22305805,30.44069294
3410,5001322377,33010315706,160,1136.36,40.20083104,30.01601991
3410,5001255350,33010273517,100,1135.14,40.32853321,30.05611234
3410,5001235457,33010147511,100,1134.95,40.24586911,29.9867157
3410,5001231740,33010130194,100,1134.28,40.22929733,29.87275493
3440,5001394395,33120061487,100,1133.57,38.24564418,30.47318415
3410,5001282180,33010350296,100,1132.81,40.12746291,30.0651286
3410,5001292478,33010456437,160,1132.65,40.46440979,29.77576887
3440,5001427491,33120129995,200,1131.6,38.22026325,30.42758361
3410,5001267196,33010121060,100,1129,40.16846229,30.0185601
3410,5001287378,33010516311,100,1128.54,40.10248706,30.10904183
3410,5001266697,33010215246,60,1128.24,40.33033441,30.10753278
3410,5001256585,33010287826,100,1127.72,40.15149711,30.00836843
3440,5001357172,33120088435,100,1127.65,38.31755547,30.47333564
3410,5001307567,33010145339,100,1126.8,40.28529339,29.96396733
3430,5001449704,33110356837,30,1123.92,37.6478035,31.0606629
3410,5008476860,33010729955,70,1122.63,39.9643445,30.03426941
3440,5011717094,3120338681,70,1122.2,38.20276864,30.51569361
3430,5001432070,33110004093,100,1121.64,37.41723223,31.28098579
3440,5001418810,33120128568,100,1121.03,38.26115017,30.52260636
3410,5001282161,33010350287,100,1120.69,40.07748093,30.01390018
3440,5001357132,33120153023,100,1118.51,38.25947006,30.45202511
3410,5010281236,3010999441,50,1116.59,40.41525319,29.87760232
3440,5011393613,3120329431,70,1115.64,38.17552425,30.48749903
3440,5011859430,3120346048,50,1115.46,38.22607791,30.52743866
3410,5001249525,33010083058,100,1115.3,40.09805392,30.01679446
3440,5001414842,33120176565,160,1115.28,38.22642747,30.5489854
3420,5001315676,33060023030,200,1114.8,39.86053451,29.78002953
3440,5001356859,33120088266,200,1114.8,38.13788,30.56048
3440,5011483472,3120331321,100,1114.25,38.19872112,30.5129084
3410,5001312471,33010342042,100,1114.05,40.10169248,29.99409542
3410,5009609215,3010946367,30,1113.6,40.19574397,30.19417081
3410,5001321854,33010403219,100,1113.58,40.19384509,29.81303227
3430,5001409183,33110169487,100,1113.5,37.50443736,31.21248965
3420,5001306194,33060097436,160,1113.08,39.57209066,29.84759697
3410,5001851470,33010659046,100,1112.58,40.12549637,29.94110658
3410,5001325825,33010389755,100,1111.06,40.2819,29.9529
3430,5001365746,33110129795,100,1110.8,37.52151878,31.2484508
3410,5010262966,3011000659,30,1109.2,40.26195375,29.9421473
3410,5001260520,33010274336,200,1108.8,40.20520896,29.97089466
3410,5001271471,33010121945,60,1108.45,40.20625818,29.98259466
3410,5001292294,33010158730,100,1106.58,40.39047288,30.05916239
3440,5001361017,33120072542,200,1104.4,38.08068997,30.63082426
3410,5001291012,33010381766,100,1102.74,40.3625682,30.13167754
3420,5001331541,33060029777,30,1101.44,39.87040862,29.82103801
3420,5001296151,33060065915,60,1100.81,39.90387208,29.79510525
3420,5001322834,33060025132,200,1100.8,39.91215962,29.7624831
3420,5011831240,3060271913,70,1100.34,39.84750186,29.82781462
3410,5001222907,33010112740,200,1099.84,40.05003354,29.98706691
3410,5001227900,33010096341,100,1097.47,40.37980496,30.08251229
3410,5009015202,33010785936,100,1097.44,40.46541,29.78045
3430,5001414739,33110331023,200,1097.2,37.66219796,31.05314366
3430,5001439682,33110285299,60,1095.09,37.37930665,31.30635237
3410,5001321551,33010631733,60,1093.34,40.22390294,30.14802892
3420,5010548621,3060237761,70,1093,39.88815361,29.83247992
3410,5009913118,3010965433,100,1092.56,40.05234684,29.95666384
3410,5001279113,33010622261,100,1092.03,40.41292131,29.91663425
3420,5001299610,33060141392,400,1091.2,39.47415742,29.93496169
3410,5001295670,33010382182,100,1089.77,40.1424994,29.97630416
3410,5001296902,33010457354,60,1089.34,40.34613633,30.07382311
3410,5008376891,33010720379,100,1085.56,40.13229703,29.94037863
3420,5001315936,33060023218,100,1084.68,39.8011,29.9199
3410,5001287519,33010610063,400,1083.2,40.08792618,30.04250568
3410,5001266974,33010347881,100,1081.92,40.11335369,29.977586
3410,5001307313,33010093958,160,1081.24,40.10199892,30.0151958
3440,5012010350,3120350336,150,1081.06,38.2054821,30.4389182
3420,5007875933,33060175096,150,1080.63,39.68553727,29.83780506
3410,5001314266,33010327903,160,1080.38,40.05125305,29.93386152
3410,5001288575,33010125443,100,1079.55,40.102,29.9664
3410,5009346358,33010927684,70,1077.53,40.33636,29.9537
3410,5001223362,33010113031,100,1076.55,40.10236866,30.01086012
3410,5001323757,33010359237,100,1076.18,40.26346697,30.07435823
3440,5011672629,3120337559,40,1074.41,38.21090897,30.5601421
3410,5001230821,33010114001,100,1074.28,40.19863085,29.97373394
3410,5001293504,33010089623,100,1073.91,40.22033865,29.88507401
3420,5001330613,33060043892,200,1072.4,39.8169752,29.86085569
3430,5001370872,33110130428,150,1072.37,37.60500888,31.091887
3430,5001409659,33110070615,100,1072,37.37114237,31.28370033
3410,5001230700,33010113891,100,1071.31,40.20873743,29.97685522
3440,5008625494,33120222962,30,1067.32,38.26195133,30.52700531
3410,5008472642,33010729418,70,1065.39,40.08950957,30.14082386
3410,5001289905,33010075575,100,1064.96,40.21037362,29.96767837
3440,5001361514,33120153829,100,1063.42,38.12683862,30.36099239
3440,5001361461,33120137530,100,1063.41,38.2104014,30.54840805
3440,5009310877,33120246221,40,1063.29,38.27806,30.48369
3430,5001432084,33110073813,160,1063.21,37.40503352,31.32512964
3410,5009736221,3010954233,100,1061.93,40.18880644,30.29919162
3440,5008409541,33120212803,100,1061.09,38.71630649,30.31044206
3430,5001396915,33110366593,100,1061.05,37.54286669,31.27672642
3410,5001293595,33010089697,100,1060.97,40.2308299,29.88677281
3410,5008096050,33010689896,70,1060.85,40.31316042,29.86287152
3410,5001313436,33010506682,60,1059.49,40.23945394,30.09074197
3440,5001380950,33120091619,100,1058.39,38.23860299,30.44669907
3440,5009482029,33120251310,50,1058.29,38.15662628,30.41861707
3410,5001255305,33010317095,160,1056.63,40.24084653,30.05012436
3440,5011790473,3120344295,40,1056.51,38.2214,30.4664
3420,5001290695,33060033321,200,1056,39.8056,29.9564
3410,5001277945,33010231437,100,1055.98,40.08915043,30.01230121
3430,5001373943,33110325572,30,1055.67,37.52748329,31.28533418
3410,5001281962,33010123691,100,1054.07,40.1022,29.9608
3410,5010908151,3011068225,70,1053.79,40.18326737,30.03016808
3410,5007962675,33010683201,200,1053.2,40.36098902,29.85328772
3420,5010563751,3060238150,70,1052.64,39.86867852,29.81912278
3410,5001277338,33010104265,100,1052.34,40.17056254,30.01927419
3420,5001320467,33060101109,160,1051.62,39.72569275,29.79065171
3420,5001324217,33060102124,200,1051.2,39.53128812,29.86388502
3440,5010281383,3120281838,150,1050.44,38.665,30.3545
3430,5001851461,33110373589,100,1049.52,37.564406,31.25025339
3420,5001303402,33060127301,150,1048.44,39.76931868,29.96452454
3410,5009077481,33010794283,100,1047.95,40.19125585,30.08508769
3430,5001851549,33110372741,60,1047.59,37.54801736,31.24566867
3410,5001257009,33010070720,160,1047.19,40.34052711,30.07134106
3440,5012011684,3120351048,150,1045.71,38.18118433,30.52473448
3440,5007893305,33120192602,60,1044.94,38.23107245,30.4616538
3420,5011564118,3060261050,40,1044.44,39.52625596,29.8578714
3440,5001336402,33120069681,100,1042.87,38.20299208,30.51390462
3430,5008724974,33110427410,30,1041.64,37.70175552,30.99606575
3410,5001275962,33010439614,100,1037.55,40.35810118,30.15400498
3410,5001253048,33010100032,100,1036.16,40.104,29.962
3420,5001296590,33060034525,200,1036,39.84004543,29.94427683
3410,5001280805,33010087128,100,1034.49,40.09038778,29.80586778
3410,5001292788,33010106537,100,1034.39,40.2156,29.9708
3410,5001223881,33010129200,100,1032.87,40.17573104,30.01277672
3410,5001198639,33010047211,100,1031.1,40.23097,29.9703
3410,5001322133,33010617091,60,1031.06,40.4545116,29.75752243
3410,5001281896,33010291767,100,1030.38,40.30010233,30.02236147
3410,5001309918,33010460242,100,1030.35,40.13566112,30.11487072
3410,5001307316,33010093967,150,1029.72,40.09988744,30.01602877
3420,5001305659,33060052621,200,1028.4,39.82872973,29.83152901
3410,5001286335,33010105521,100,1027.23,40.2492,29.9702
3410,5001289872,33010105871,100,1026.91,40.0709,29.9432
3410,5001317281,33010507661,100,1026.41,40.35725468,30.12784134
3410,5008001303,33010685073,70,1025.24,40.23074162,30.08497344
3410,5001218671,33010095291,100,1022.21,40.10371992,30.00218217
3410,5008521833,33010734436,70,1021.63,40.1498922,29.90515398
3440,5011888475,3120347303,40,1018.66,38.091,30.6015
3420,5001301825,33060067016,100,1018.27,39.683847,29.65755237
3430,5001340347,33110337395,60,1016.86,37.36377042,31.27774219
3410,5001317561,33010508014,100,1015.87,40.07584005,30.14283022
3440,5001340328,33120019732,90,1011.91,37.93628345,30.73428137
3410,5001302430,33010311046,100,1011.75,40.0649973,29.95989758
3410,5010548039,3011023617,70,1010.27,40.29984556,30.02928685
3430,5001357323,33110323489,60,1009.48,37.64901248,31.06847425
3410,5010388273,3011015858,100,1008.66,40.05185232,29.84055934
3410,5010619544,3011039976,70,1008.55,40.05176658,30.07473482
3410,5001295037,33010126487,100,1008.38,40.1023,29.9633
3410,5011617399,3011127916,150,1007.88,40.2434165,29.8127071
3430,5001421355,33110072208,100,1006.24,37.36812522,31.31347355
3410,5009388353,33010921789,70,1003.61,40.42978,30.05382
3430,5001367176,33110361981,100,1002.51,37.42451792,31.28697128
3420,5001319593,33060024331,80,1002.35,39.76934658,29.90576112
3410,5001318290,33010210080,60,1001.39,40.40594281,30.07841355
3410,5001314992,33010356923,100,1000.44,40.0983,29.9911
3420,5001333151,33060107800,200,1000,38.84980002,29.75849741
3440,5001357177,33120104459,200,1000,37.96305856,30.69753005
3410,5001249160,33010082856,100,999.71,40.10330054,29.96271196
3410,5001286214,33010105450,100,999.03,40.23084525,29.89241802
3430,5001371279,33110114317,150,998.39,37.3678,31.2997
3430,5001427685,33110188929,160,998.1,37.511102,31.2686572
3410,5001270700,33010121426,100,997.43,40.18556858,29.86057519
3440,5009658189,3120257547,160,996.52,38.71539,30.33451
3410,5001326137,33010450371,100,994.81,40.28639982,30.06784359
3440,5009695278,3120258661,100,994.52,38.26008687,30.50603821
3430,5001427723,33110204254,60,994.51,37.53930175,31.28306817
3410,5001308559,33010628273,100,993.61,40.04191415,29.8895156
3410,5008308247,33010713795,100,992.57,40.29470495,30.2206975
3410,5001326327,33010331568,100,991.92,40.16156478,29.96792255
3420,5010843752,3060243561,70,991.86,39.83380559,29.83066893
3440,5011669527,3120337521,50,990.35,38.2887818,30.47449205
3440,5001377597,33120091421,60,990.33,38.21863914,30.4862712
3430,5001432069,33110139737,100,989.95,37.37595248,31.26552043
3440,5011724509,3120337076,70,989.4,38.17421571,30.43525645
3420,5011071671,3060248890,70,988.81,39.79947387,29.93391869
3440,5011621346,3120335081,70,988.68,38.2336,30.5054
3440,5009676003,3120257986,40,988.31,38.14506918,30.48415649
3410,5001302638,33010444534,100,988.12,40.09049966,30.00964289
3430,5009872441,3110475220,70,988.01,37.54506241,31.23589392
3410,5001289062,33010486051,100,987.74,40.27431295,30.08885775
3410,5004144209,33010671158,60,986.99,40.11064424,29.84317727
3440,5011868910,3120347125,100,986.76,38.2044,30.5453
3430,5001435818,33110173407,100,986.48,37.5163754,31.22071466
3410,5007992830,33010684432,100,986.33,40.30988771,29.89008651
3410,5001307507,33010144663,100,984.18,40.23669938,29.98056871
3430,5009433006,33110462858,70,983.12,37.55527333,31.250852
3440,5001410132,33120078143,200,982.8,38.23122792,30.52433603
3430,5001415191,33110369352,60,982.29,37.60276957,31.08791532
3430,5001350620,33110010662,100,981.75,37.3725024,31.30556432
3440,5011834801,3120345739,50,979.78,38.1638,30.4966
3410,5001297070,33010127161,100,979.2,40.30395962,30.15176518
3410,5011733593,3011146312,70,978.81,40.30949959,30.04906257
3410,5008391636,33010723236,100,977.61,40.28447822,30.28884921
3430,5001432053,33110123236,100,977.35,37.39842715,31.27439715
3440,5011739071,3120342138,70,977.32,38.26373618,30.4668545
3410,5001300667,33010457793,100,976.24,40.12415844,30.11126128
3410,5001275165,33010349105,100,975.57,40.15236746,29.87882495
3410,5001323837,33010479370,100,975.39,40.1326006,29.93685698
3440,5011717108,3120338734,70,975.32,38.17882694,30.47725022
3430,5001413489,33110170236,100,975.01,37.46219828,31.28317665
3410,5001302023,33010413968,100,974.93,40.0232,29.89
3410,5008127588,33010701032,100,974.64,40.31953551,29.86128707
3420,5011681637,3060267661,70,974.04,39.88159621,29.81586057
3430,5004167474,33110383262,60,972.45,37.56672047,31.20184085
3430,5001371388,33110260235,60,971.7,37.52303882,31.22588749
3410,5001297514,33010127439,300,967.8,40.28839837,29.94470458
3410,5011069060,3011082224,70,967.59,40.18234928,30.01414712
3440,5011829020,3120345514,70,967.31,37.9353,30.7412
3440,5009375053,33120247729,30,966.85,38.2604,30.5041
3410,5008078261,33010688226,100,965.16,40.1122,29.9798
3430,5001336305,33110358161,100,965.12,37.36035307,31.29527724
3410,5001322293,33010448981,150,962.15,40.06246799,29.91631929
3410,5001306992,33010110511,100,961.72,40.10738566,30.00937065
3440,5001367126,33120105474,200,960.8,38.26968335,30.4440268
3410,5001268604,33010275709,200,960.4,40.25550116,30.14067572
3420,5001307784,33060158381,150,960.29,39.6531,29.8596
3410,5001241074,33010053101,100,959.36,40.22303263,29.8708105
3410,5001240893,33010098088,200,959.2,40.12378319,29.98701687
3410,5001297566,33010457739,100,958.3,40.32147673,30.14124826
3440,5001349609,33120152115,60,957.99,38.18007,30.45578
3410,5008654554,33010747523,100,957.69,40.28871,30.06359
3410,5001301534,33010458342,100,957.35,40.14347853,29.93376631
3440,5001439530,33120018092,90,954.76,38.21122705,30.51242645
3410,5008096044,33010690645,100,954.59,40.34734459,30.11025508
3410,5001239247,33010115877,100,954.09,40.1178,29.9806
3420,5011991998,3060276197,40,953.66,39.87145548,29.81872109
3440,5001402300,33120126699,60,952.41,37.96380847,30.73269749
3430,5001397166,33110344809,60,952.03,37.71505152,30.98118706
3440,5001427269,33120129879,60,952,38.15751053,30.52686271
3410,5001307189,33010093420,100,951.95,40.28855081,29.95401254
3410,5001325952,33010404655,100,951.67,40.08878088,29.93237846
3430,5004150274,33110381357,60,949.57,37.670054,31.07885989
3440,5001439616,33120067749,150,949.07,38.13704243,30.58038737
3410,5001293414,33010089552,100,943.6,40.09305287,30.01518788
3410,5001332269,33010652359,60,942.28,40.17595328,30.07722236
3430,5001377479,33110310453,100,942.19,37.50032884,31.2918573
3440,5008174396,33120206225,125,941.47,38.0842399,30.58468947
3440,5010830727,3120306651,40,939.13,38.08777495,30.59845551
3410,5001295294,33010337866,100,938.85,40.29352178,30.03647166
3440,5011797607,3120342129,250,938.5,38.28999998,30.36899916
3410,5004138697,33010669964,60,938.09,40.15425927,30.01559706
3410,5009222112,33010914185,100,936.79,40.04522,30.04582
3410,5001295590,33010126843,100,936.44,40.2016749,29.98817231
3410,5001307230,33010093564,100,935.31,40.23371951,29.81264539
3420,5011575028,3060263617,100,933.28,39.45554712,29.83137203
3430,5009299969,33110457295,70,933.27,37.5057,31.2101
3440,5001386008,33120124308,60,932.62,38.08940765,30.56771768
3410,5001323325,33010434799,100,932.25,40.08178204,30.01228635
3420,5008054143,33060179415,100,931.6,39.83288983,29.91296196
3410,5001269212,33010085670,100,931.19,40.16190834,29.99442182
3410,5010424842,3011014411,70,930.32,40.455,29.7794
3410,5001238888,33010115545,100,928.42,40.0942,29.9561
3420,5011311011,3060254860,40,927.38,39.87019794,29.81698987
3440,5011520803,3120332679,100,927.36,38.25321863,30.47920061
3430,5001361303,33110324029,30,925.06,37.49387144,31.40429201
3410,5001313237,33010491392,100,921.85,40.29610828,29.83996747
3420,5010598289,3060239219,50,921.42,39.86768018,29.81820174
3420,5001319305,33060024153,200,919.6,39.8318,29.9134
3410,5001239527,33010116103,100,919.38,40.17981996,29.98173087
3430,5008476861,33110415160,70,919.09,37.47849943,31.21798442
3410,5010671970,3011040206,70,917.76,39.99148565,30.00148457
3410,5001335331,33010636909,100,915.44,40.06886215,30.04899458
3410,5001282069,33010454503,100,915.04,40.38128,29.81986
3430,5001444358,33110207022,100,914.12,37.4282391,31.3069315
3440,5001449802,33120069019,200,912.4,38.12092274,30.56560742
3410,5001265523,33010102556,160,912.27,40.2296476,29.9609309
3440,5011715998,3120338968,40,911.99,38.31062564,30.40267487
3410,5001301148,33010458084,100,911.91,40.45124881,29.79207993
3410,5001241612,33010098524,200,910.8,40.37945267,30.07562682
3410,5001849462,33010655109,100,910.38,40.28792066,29.93747609
3410,5001317480,33010492809,60,909.3,40.16144437,30.0108486
3440,5001402039,33120159420,60,908.92,38.24886592,30.46495764
3410,5001266834,33010120831,100,908.67,40.26002895,29.95808078
3410,5001269643,33010085947,100,907.06,40.22994357,29.81171171
3410,5001307483,33010094605,100,904.84,40.09601799,29.95860842
3420,5001313707,33060022373,200,904,39.7997,29.9182
3410,5008247999,33010707653,100,904,40.19625021,30.06601668
3410,5001240661,33010131173,100,903.41,40.17017146,30.01312904
3430,5001389306,33110150430,60,902.59,37.66915011,31.0182068
3440,5001430945,33120016113,100,902.21,38.21619262,30.47247858
3420,5001304542,33060097024,200,901.6,39.79053612,29.85437016
3440,5008521938,33120218001,100,901.58,38.16765172,30.41677683
3410,5001298258,33010090419,100,899.07,40.09422,30.01165
3410,5001327760,33010465285,100,898.19,40.13584727,29.94880107
3440,5001336306,33120085756,160,896.9,38.10321399,30.57492204
3410,5001288515,33010336591,100,896.74,40.07045338,29.96519186
3440,5001445842,33120082558,60,896.08,38.26577613,30.44055752
3410,5001310831,33010521034,60,893.92,40.26769664,30.08080963
3430,5001848018,33110374002,60,893.62,37.65803,31.07213
3420,5001283883,33060063760,400,891.2,39.70431196,29.81070174
3410,5004138691,33010667781,100,891.1,40.06081776,30.00936246
3410,5001287496,33010381425,100,886.39,40.4155,30.0736
3420,5001296477,33060034454,30,885.71,39.7922,29.9285
3410,5010466160,3011020894,100,885.22,40.03574391,30.01011525
3410,5008402965,33010724494,100,883.72,40.16575887,30.00425921
3420,5001849786,33060170723,100,883.31,39.67296947,29.85973444
3440,5008165700,33120204104,40,883.06,38.13016758,30.37193502
3420,5009255229,33060210186,250,882.5,39.85511196,29.8040447
3440,5001349470,33120103550,150,881.97,38.11333401,30.57860506
3410,5001281001,33010087235,200,881.6,40.28799297,30.16684253
3410,5001301358,33010458226,100,880.74,40.13587921,29.97918684
3410,5001226794,33010113326,100,878.25,40.21758754,29.87827795
3440,5009686373,3120258455,40,877.27,38.29062197,30.46325395
3440,5011805717,3120344642,40,875.88,38.1564,30.4411
3410,5010154728,3010988231,70,875.49,40.058518,30.032336
3410,5001300263,33010324349,100,875.26,40.17348427,30.05472974
3410,5001234727,33010114673,100,874.86,40.40376942,30.07178298
3410,5011345289,3011100019,70,874.82,40.37715577,29.82564012
3410,5008482304,33010730983,70,872.79,40.31519248,29.81863498
3410,5001871957,33010663076,100,871.89,40.37634927,29.96176408
3420,5001321404,33060116907,150,871.04,39.58328661,29.87044492
3430,5001379405,33110131846,60,870.93,37.51445516,31.26724819
3410,5008070039,33010696246,100,870.92,40.4424299,29.79380067
3420,5001350289,33060163522,100,870.8,39.76742609,29.78501086
3440,5001348939,33120020653,90,870.37,38.25433053,30.49471758
3410,5001277787,33010364531,100,870.29,40.19802716,30.03024925
3420,5001327515,33060027422,200,866.4,39.8035,29.9203
3410,5010581227,3011020268,70,866.21,39.97564613,30.018442
3410,5001323733,33010359193,150,865.92,40.14216375,30.05226435
3410,5001264919,33010084977,160,864.78,40.39004629,30.1015364
3440,5011088795,3120318400,100,864.09,38.51875389,30.42861661
3410,5001304187,33010128561,100,863.09,40.4019648,30.06110374
3410,5001275534,33010155470,60,862.82,40.08760869,29.95094978
3410,5008148482,33010702675,100,862.8,40.28771,29.93709
3410,5008451397,33010728608,100,862.54,39.97826329,30.00722877
3410,5001316314,33010328642,150,862.18,40.19862991,29.80577761
3410,5008756760,33010758859,70,861.62,40.4027,29.8566
3430,5001424754,33110155329,60,861.04,37.34565054,31.29814577
3440,5001357491,33120056137,100,860.57,38.27416235,30.49804659
3410,5001286763,33010515903,100,860.44,40.26366967,30.15250131
3440,5011241834,3120326081,100,860.09,38.25855204,30.50212303
3410,5010116600,3010983075,70,859.8,40.3347888,30.05487661
3430,5009321319,33110457114,30,859.12,37.36133,31.29665
3410,5010047699,3010975725,50,858.4,40.37026584,30.10939996
3410,5001329670,33010391154,160,858.25,40.2955987,30.03648844
3420,5009209618,33060209480,150,857.53,39.6405,29.8147
3440,5010841495,3120307531,30,857.27,37.94593339,30.74387656
3410,5001287829,33010336180,100,856.58,40.15510153,29.89291082
3410,5001300081,33010443493,30,855.75,40.31603013,29.95502364
3410,5001267066,33010120984,100,855.47,40.21744735,29.88201457
3410,5007964771,33010680611,100,854.73,40.27179595,30.14764085
3410,5004144184,33010648507,100,854.38,40.07886647,29.8942914
3420,5001314277,33060022767,200,852.8,39.82893325,29.8988669
3410,5009278511,33010920253,70,851.86,40.32795888,29.85474392
3440,5001454609,33120084516,60,851.44,38.26531042,30.49119697
3410,5009692827,3010950664,70,850.4,40.19792789,29.81367589
3420,5001316703,33060144821,400,849.6,39.70625912,29.76477455
3410,5001277751,33010291079,150,849.16,40.14683594,30.0072721
3440,5001443417,33120099911,60,849.12,38.30338337,30.4589053
3410,5001314451,33010284314,100,848.52,40.24410598,30.16110136
3410,5001295362,33010234528,160,847.36,40.07317917,29.81337348
3440,5001356679,33120055677,60,847.05,38.23454199,30.46215345
3410,5001321193,33010631297,60,846.95,40.27369684,30.16921725
3430,5004160215,33110382336,60,846.77,37.60886818,31.08163624
3440,5008626454,33120222908,100,845.88,38.19081,30.4195
3410,5001286209,33010087960,100,844.81,40.18558636,29.86016469
3410,5001306518,33010460019,100,844.54,40.3266,29.9648
3410,5001219451,33010050217,100,843.84,40.25325575,29.99572932
3410,5010362350,3011004424,70,842.61,40.34690313,29.87483675
3430,5008388445,33110409019,70,842.33,37.6252934,31.02583282
3420,5011010053,3060247257,100,841.76,39.86539903,29.82202736
3440,5011801474,3120344615,70,840.99,38.18071669,30.46775382
3420,5001316595,33060023666,200,840.8,39.80075892,29.92392075
3430,5001380761,33110326551,100,840.57,37.65793961,31.05753885
3420,5010733794,3060241244,70,834.53,39.86744441,29.79210524
3440,5001414873,33120111776,200,834.4,38.15117801,30.52921709
3440,5001402386,33120110483,100,834.31,38.19605634,30.54214034
3430,5001413134,33110086722,100,833.79,37.33770449,31.28959913
3410,5001262791,33010244687,100,833.64,40.1054,29.9594
3410,5001862270,33010658067,100,832.85,40.38308478,29.94919148
3410,5001308801,33010445200,100,830.35,40.22160056,30.08329652
3430,5001412729,33110169791,100,830.1,37.50924514,31.2326338
3410,5001328955,33010650354,60,829.79,40.14871022,30.10939875
3410,5010824593,3011059997,70,829.6,40.13812586,29.98070942
3410,5008453816,33010728564,100,829.33,40.32144131,29.86117911
3440,5001431023,33120066321,160,827.62,38.02787592,30.69072968
3410,5001231724,33010035444,100,827.59,40.18873858,29.9811618
3440,5011481623,3120331297,100,826.89,38.29052293,30.4849977
3440,5011924024,3120348866,100,826.67,38.1973484,30.53790663
3410,5001317670,33010193720,60,825.63,40.19571,29.91785
3430,5001416932,33110170497,100,825.17,37.52631989,31.23648169
3410,5001251772,33010257747,100,823.9,40.23306559,30.10622549
3410,5008268269,33010711576,70,823.65,40.34811421,29.96216991
3410,5001278108,33010122942,100,822.35,40.20874229,29.97292024
3410,5001210215,33010048818,100,822.27,40.19580147,29.91197087
3440,5009396325,33120249296,70,821.91,38.23494,30.4976
3410,5001328642,33010466818,60,821.2,40.07058407,29.97373808
3410,5001294391,33010640563,100,820.8,40.06308653,29.97069782
3410,5001241378,33010131709,100,820.25,40.2048,29.9813
3430,5001375261,33110047608,160,819.53,37.35289201,31.29732504
3410,5001295265,33010337848,60,819.26,40.31017409,30.02138948
3410,5008469987,33010729919,70,817.82,40.13598555,30.05608008
3440,5001340486,33120019831,90,817.06,37.95628834,30.73495017
3410,5001275588,33010122639,100,816.79,40.21871444,29.99476733
3430,5001439849,33110174001,200,815.6,37.51221366,31.22446987
3420,5001313610,33060144723,300,814.8,39.46502237,29.92166197
3410,5001292705,33010138915,100,814.75,40.20440702,29.98443993
3410,5001264823,33010101970,100,812.9,40.25913428,29.98261452
3410,5008174307,33010703707,70,812.41,40.2303966,29.82045427
3410,5001257551,33010071057,100,809.57,40.32258345,30.09327838
3410,5001231296,33010114351,100,808.92,40.22885308,29.87698252
3440,5011093340,3120321451,50,808.2,38.1414549,30.55154753
3410,5008043013,33010688075,100,807.85,40.18414056,30.14015466
3410,5001327749,33010361057,150,807.54,40.08014732,29.95554055
3440,5001335691,33120085415,200,807.2,37.87171014,30.79520579
3410,5001234808,33010114726,100,806.46,40.19937743,29.97739092
3440,5001349608,33120087572,60,804.9,38.29022874,30.47400753
3410,5010512659,3011015301,200,804.4,40.27995272,30.17491513
3410,5001291525,33010279557,100,800.77,40.24725958,30.16674365
3410,5001236039,33010052463,60,800.45,40.20738,29.98806
3410,5001314296,33010327921,150,800.17,40.13603724,30.01669918
3440,5009072072,33120236681,100,799.88,38.41093033,30.42643855
3430,5001354501,33110226396,60,799.54,37.53607292,31.26860886
3410,5001330100,33010421754,100,799.46,40.12176687,29.96706469
3410,5001292781,33010076222,100,797.52,40.20800922,29.97342172
3440,5001374348,33120106669,200,797.2,38.37910543,30.42077022
3410,5001296210,33010280039,160,796.48,40.40018829,30.09192745
3440,5008335257,33120210569,70,796.07,38.21227,30.50746
3410,5001321190,33010647564,60,796.06,40.40934327,29.82077774
3420,5001331647,33060029973,200,796,39.8295,29.9239
3410,5001286453,33010088107,100,795.8,40.10855757,29.99181357
3410,5001310521,33010355855,100,795.6,40.39585262,30.09225821
3410,5008564652,33010737877,30,795.14,40.04434447,29.83861589
3410,5001297009,33010457416,60,792.76,40.02626402,29.87192656
3410,5001306459,33010207351,150,792.33,40.04533658,29.99330547
3410,5001318662,33010402409,100,791.69,40.00509722,30.00846491
3410,5008430736,33010726917,100,791.51,40.23035403,30.14250123
3410,5001222746,33010112641,100,791.08,40.20784738,29.97826868
3430,5004158558,33110382345,200,788.8,37.59671407,31.0819622
3440,5001336482,33120069725,150,788.29,38.17345871,30.47634264
3430,5001382221,33110165559,100,788.21,37.46624239,31.23688156
3410,5001268118,33010423427,100,787.29,40.25966181,29.94329177
3410,5011345363,3011109159,50,786.77,40.14265078,30.11470254
3430,5001366716,33110361757,100,784.95,37.484296,31.26433956
3410,5001331220,33010407460,100,781.79,40.17965056,29.96632352
3410,5004155912,33010673303,100,780.5,40.47969495,29.76888607
3420,5001280169,33060047640,100,777.75,39.8736998,29.77950257
3410,5011256987,3011098841,70,777.26,40.09741031,30.06821705
3420,5001332379,33060120623,150,775.93,38.83070311,29.74098903
3420,5001326224,33060058044,100,775.79,39.5745864,29.83729253
3420,5001287567,33060033214,30,773.74,39.8064,29.9242
3410,5001290367,33010106232,100,772.35,40.25374128,29.98014738
3410,5001248716,33010082613,100,771.83,40.29905612,30.15682277
3430,5001358398,33110129061,160,771.13,37.51358016,31.24255107
3440,5009343234,33120247504,50,770.96,38.2256,30.5136
3420,5001331724,33060134754,150,769.69,39.6986,29.8339
3420,5011717447,3060269030,70,768.79,39.8780517,29.80619198
3440,5011780922,3120343986,40,767.99,38.28673829,30.44296864
3410,5001236384,33010097760,100,766.77,40.38376773,30.09988579
3440,5008921568,33120231587,50,766.4,38.24691192,30.45550198
3440,5001450566,33120117232,100,765.45,38.17319639,30.45272591
3440,5001361276,33120072650,60,764.56,38.24737106,30.50229896
3440,5011906677,3120347902,70,763.55,38.2002,30.4589
3410,5001263943,33010437692,100,763.04,40.07820844,30.00063845
3410,5001271627,33010348823,100,761.25,40.40046869,30.0796065
3440,5008521624,33120218208,50,760.6,38.1072645,30.35295443
3410,5001297241,33010265776,100,760.39,40.29006794,30.01986695
3430,5001356968,33110360741,160,760.28,37.66014354,31.08215237
3420,5001330579,33060060042,70,758.17,39.67676872,29.65982451
3430,5001353173,33110306808,100,756.61,37.40684126,31.29397231
3440,5001353559,33120055603,60,755.34,38.21754781,30.52990735
3410,5001287814,33010124929,100,753.5,40.25326272,29.99624802
3410,5001854105,33010659823,100,753.46,40.06048864,29.85712538
3410,5001301239,33010458146,100,752.94,40.31987426,29.83100096
3420,5011476157,3060259230,70,752.53,39.8781,29.802
3420,5001334191,33060046339,200,751.2,39.8187937,29.90627216
3420,5001303456,33060112345,100,750.99,39.8866,29.8135
3410,5001303534,33010627178,100,749.39,40.25276449,30.07177484
3410,5001326666,33010405198,100,749.13,40.0375,29.9002
3440,5001344464,33120103012,200,748.4,38.17810376,30.44240141
3410,5010943119,3011062007,100,746.43,40.04325924,30.07625513
3410,5001257487,33010101192,100,746.11,40.20202046,29.90665827
3410,5009805408,3010958573,100,745.77,40.04785577,30.0194922
3430,5001367127,33110340612,60,745.33,37.39269384,31.30856225
3410,5001304192,33010339781,100,745.23,40.24270109,30.12984956
3410,5001301474,33010458306,100,745.14,40.00641988,29.86101757
3410,5001295016,33010456778,100,744.94,40.26831647,30.03899799
3440,5001343952,33120151136,160,744.54,38.24586414,30.5149723
3430,5001398268,33110068340,100,743.54,37.39459872,31.32259716
3410,5009130154,33010798578,100,742.63,40.3407005,29.8856044
3420,5001319240,33060024117,400,740,39.79590037,29.93879144
3420,5001308557,33060143584,60,737.45,39.61971366,29.82327525
3420,5001311683,33060098371,200,736.4,39.5338,29.8479
3410,5001279794,33010514719,100,736.12,40.20883423,30.13308803
3430,5008172797,33110398283,70,735.05,37.5344,31.2273
3410,5001267214,33010121079,100,734.4,40.21626819,29.96370215
3410,5001253043,33010133276,100,734.38,40.20892279,29.98715503
3410,5001215209,33010001455,100,733.89,40.21796,29.99058
3440,5007968819,33120196782,60,731.36,38.18510975,30.49126693
3440,5001397562,33120142816,100,729.82,38.24526578,30.44481176
3440,5001353005,33120152349,100,727.89,38.25164095,30.50765877
3410,5001247800,33010165510,100,727.32,40.42233696,29.84237514
3430,5011465364,3110546241,100,725.64,37.38413544,31.31604022
3420,5010851300,3060243811,30,724.74,39.915,29.79
3410,5001307241,33010111466,100,724.33,40.42411951,29.83688202
3440,5001439361,33120115201,160,723.69,38.24651704,30.47106803
3410,5009358131,33010927817,70,723.08,40.20482452,30.23190911
3440,5011755013,3120343350,50,721.88,38.25456704,30.46326656
3410,5009735452,3010954153,50,720.28,40.3209,29.8264
3410,5008051768,33010691722,70,719.5,40.05825727,30.02902985
3420,5001289276,33060139189,150,717.89,39.5853389,29.82989491
3410,5001290386,33010106241,100,717.87,40.20748105,29.97811574
3420,5001307722,33060158326,100,717.66,39.78553885,29.93557665
3410,5001277377,33010104309,100,717.05,40.20948059,29.87414574
3410,5001305098,33010399386,100,716.66,40.31735261,30.02060236
3410,5001323260,33010434743,100,715.41,40.1004,29.981
3410,5001301101,33010458057,100,715.29,40.01095581,29.91259863
3410,5008495503,33010731784,100,714.23,40.16203496,30.07511487
3420,5001322166,33060086737,160,713.38,39.7119,29.8305
3410,5001298429,33010108451,100,713.27,40.19669478,29.91671343
3410,5001316234,33010447591,100,713.2,40.3110836,29.95057391
3410,5008345997,33010719476,50,712.4,40.36980437,30.15734359
3410,5011229219,3011094459,30,711.76,40.06785664,30.14433517
3410,5001256934,33010083871,100,711.5,40.09167013,29.95160854
3440,5010431656,3120286137,100,710.44,38.20666588,30.452866
3410,5001309893,33010162536,100,710.16,40.2318181,30.07293829
3410,5001320898,33010508444,100,707.92,40.30788945,30.22542382
3410,5001307367,33010112033,100,707.82,40.15215,29.99273
3430,5001374884,33110212800,60,706.94,37.42273939,31.29290695
3410,5008351018,33010716591,70,706.45,40.34787435,30.10404974
3410,5001314663,33010238492,100,706.21,40.25094625,29.99799049
3410,5001316980,33010645990,60,705.11,40.42199598,29.95377751
3410,5001288606,33010125461,100,704.58,40.1819,30.0063
3420,5010762805,3060237036,150,704.51,39.66789391,29.92144018
3430,5001337033,33110059171,60,703.78,37.34792523,31.2901386
3410,5001275627,33010453678,100,702.63,40.25808336,30.10491061
3430,5001379309,33110246002,60,702.37,37.50725796,31.24182397
3410,5001315079,33010254692,100,701.65,40.24529432,29.81142572
3440,5001410219,33120063632,60,701.37,38.24369064,30.48520915
3440,5001361070,33120186042,150,701.21,38.1617777,30.56859107
3410,5001252903,33010083272,100,700.26,40.1822387,30.01333548
3440,5001443423,33120051981,200,699.6,38.20383878,30.45524085
3430,5001425261,33110155632,200,699.6,37.64961221,31.04374914
3440,5001361281,33120022649,100,699.12,38.24460232,30.47929553
3410,5001278654,33010247562,100,697.72,40.18703374,29.86407373
3410,5001321708,33010388284,100,697.48,40.08892196,29.96608053
3410,5001325707,33010389675,100,696.56,40.16824691,29.90781088
3410,5001278169,33010334499,100,696.08,40.33626589,30.10221761
3440,5004141555,33120192264,60,696.01,38.39507327,30.39106009
3410,5011371908,3011108124,70,693.89,40.2501,29.8655
3410,5001282549,33010454782,100,693.53,40.07513523,29.87155554
3410,5001245187,33010132223,100,692.78,40.2008864,29.9809319
3410,5007981042,33010683355,100,692.75,40.30289483,30.1014658
3410,5001239300,33010148303,160,692.42,40.12411864,29.99326866
3440,5001449816,33120069028,100,692.04,38.25317376,30.43116949
3440,5011635640,3120335948,40,691.8,38.27517871,30.46501731
3410,5001303770,33010190174,160,691.29,40.13148985,29.97878521
3430,5001370230,33110341235,100,690.07,37.68322403,31.00091345
3440,5011753746,3120343181,30,688.78,38.25252797,30.5363882
3440,5001340386,33120102445,150,686.09,38.19052864,30.44781942
3410,5001310136,33010355597,100,684.93,40.29756621,29.93147356
3410,5009589203,3010944068,50,684.82,40.1497449,30.09968468
3410,5001298123,33010140038,60,683.59,40.19824016,29.96606325
3440,5011710169,3120338117,50,683.26,38.17683239,30.41396282
3410,5001322729,33010330319,100,682.92,40.02835761,29.79764903
3410,5001312650,33010223604,300,681.6,39.9718111,29.80603588
3430,5001392773,33110067431,100,680.66,37.43633223,31.29316557
3410,5001320883,33010630923,160,679.64,40.27784321,30.28835209
3440,5011847903,3120345748,40,679.47,38.27830735,30.48797706
3410,5001307580,33010145464,100,679.34,40.0061002,29.87264645
3410,5001309980,33010460289,100,678.5,40.27616447,30.10988522
3410,5001240705,33010081536,100,678.21,40.17261036,30.00147875
3420,5009321258,33060211970,50,677.97,39.7681,29.9287
3410,5001230762,33010146309,150,677.22,40.26538055,29.9878216
3410,5001238788,33010115429,100,675.8,40.25105787,29.99571881
3440,5001344085,33120070548,200,675.6,38.27459836,30.48047464
3410,5010424852,3011016381,150,673.77,40.08104595,30.14839084
3410,5001330269,33010452278,150,673.46,40.18798546,29.8130373
3410,5009828674,3010959534,70,672.07,40.29393097,30.09885928
3410,5011817673,3011153611,70,670.18,40.3728,29.9003
3420,5001293766,33060155342,100,670.08,39.7599258,29.78692495
3410,5009448278,33010934286,30,669.61,40.12450485,30.00882527
3410,5001261181,33010101639,100,669.22,40.19186917,29.91885685
3440,5001415178,33120144857,200,668.8,38.45803718,30.41093442
3430,5001376952,33110363690,60,666.96,37.3101,31.3662
3440,5009719444,3120258821,30,665.29,38.24561906,30.52107976
3410,5008615826,33010745055,70,664.78,40.27926248,30.20682163
3410,5010274488,3011003089,20,663.73,40.16341376,29.99050792
3430,5001350514,33110161200,60,662.72,37.36867,31.30383
3420,5001317616,33060145847,100,660.56,39.84185382,29.8282972
3410,5001252284,33010118108,150,660.5,40.18964,29.82021
3410,5001307186,33010093411,100,659.57,40.24972983,29.96755823
3420,5011482341,3060259632,70,658.83,39.89483606,29.79358846
3410,5007960891,33010682895,100,658.08,40.01906298,29.93689141
3440,5001446052,33120149361,160,657.78,38.28424885,30.47387151
3410,5010194537,3010993124,100,656.2,40.2638,30.01977
3410,5008526179,33010731873,100,655.46,40.3619219,29.85403281
3410,5001257546,33010101227,100,655.31,40.21273838,29.87549627
3410,5008565952,33010739961,50,655.3,40.23832,30.02972
3410,5001299867,33010518039,100,654.97,40.41536453,29.89700273
3410,5001311438,33010446323,100,654.49,40.24709208,30.10617675
3440,5001340038,33120118338,200,654,38.17014394,30.48878345
3440,5011862067,3120346754,200,653.2,38.2805,30.5173
3430,5001384880,33110214519,60,652.03,37.58305114,31.37672816
3410,5008716945,33010750771,70,651.18,40.34568156,30.0891516
3410,5009443721,33010932693,70,651.17,40.24943325,30.20661557
3410,5001280413,33010425431,160,650.02,40.27,29.8275
3410,5008472002,33010730231,100,647.64,39.97337423,30.01794446
3410,5009149857,33010799332,70,646.11,40.3007,29.87682
3440,5009117422,33120238461,300,645.6,38.10200471,30.60618852
3440,5001343834,33120037211,60,645.3,38.25039251,30.48313077
3410,5001302423,33010429350,100,643.79,40.12689777,30.0667475
3420,5011634402,3060266271,50,643.36,39.88016023,29.80512507
3440,5001438934,33120179914,100,638.61,38.31020587,30.489698
3410,5001315488,33010300329,100,637.92,40.30729718,30.15496148
3420,5011241283,3060253414,50,637.73,39.88232342,29.79896235
3410,5001319035,33010402651,100,636.99,40.08647038,29.94188546
3410,5001326149,33010450381,30,636.91,40.31614961,29.94221747
3440,5001386252,33120075080,160,636.2,38.18598153,30.52552463
3410,5001308549,33010628264,100,636.07,40.29608909,30.09245453
3410,5001280244,33010321006,100,635.15,40.31086,30.02458
3410,5001323283,33010404216,160,634.32,40.10443821,30.07655146
3410,5001240910,33010131306,160,633.77,40.17318355,29.99571772
3410,5001324088,33010345204,100,633.36,40.40254178,30.08272815
3410,5001298925,33010487756,100,633.12,40.3518,30.0616
3410,5001300420,33010324456,160,632.93,40.0420803,29.91574608
3430,5001392990,33110231832,60,632.17,37.6409129,31.02387913
3440,5001366935,33120154110,160,631.57,38.37996741,30.40882198
3410,5001236648,33010052839,100,631.11,40.2343,29.98816
3410,5001283797,33010321338,100,630.92,40.34752673,30.05255137
3410,5009348009,33010927675,70,629.21,40.39453,30.04146
3420,5001302974,33060111821,150,628.31,39.7892,29.9109
3440,5001344492,33120086950,160,628.13,38.28313543,30.48467148
3410,5001232417,33010130523,100,628,40.2718,30.1563
3410,5008886750,33010773327,150,627.75,39.96969,30.01274
3410,5001296049,33010397391,100,627.71,40.02484585,29.81173868
3430,5001370621,33110309416,60,627.46,37.37394309,31.32865269
3430,5008258487,33110401324,100,625.58,37.54203729,31.18855884
3410,5001308659,33010644482,100,625.25,40.09874335,30.03410406
3410,5001329704,33010406060,100,623.47,40.14037001,30.00191359
3440,5011770534,3120343233,40,623.17,38.71078671,30.31689245
3440,5001349251,33120020831,100,622.93,38.2373112,30.5033979
3410,5008051776,33010688951,100,622.57,40.1157,29.9801
3410,5001851469,33010658343,30,621.86,40.10297,29.84524
3440,5001409798,33120012974,60,621.82,38.69569527,30.2990673
3410,5001285561,33010455341,100,621.77,40.26584324,30.0360146
3410,5008746288,33010759088,100,621.02,40.30134874,30.25003055
3410,5001271919,33010408799,100,620.53,40.25616736,30.08666386
3430,5011150107,3110533477,100,620.51,37.51510173,31.23700804
3410,5001288361,33010158060,100,616.86,40.23258067,30.08883257
3410,5001227687,33010129649,100,616.83,40.14034209,29.85993716
3420,5004160144,33060174769,100,614.64,39.4569,29.8374
3410,5001290976,33010427014,100,612.26,40.31775978,30.02095569
3410,5011812359,3011153756,70,611.57,40.3049,29.9747
3420,5011383443,3060255821,600,610.8,38.8767,29.8289
3420,5001318726,33060055516,150,610.01,39.75592317,29.91195001
3410,5011335044,3011108920,100,609.61,39.99155287,29.87496138
3440,5001369707,33120072991,200,609.6,38.22518997,30.43302557
3410,5001219055,33010079117,100,609.22,40.22393964,29.87482431
3410,5001306995,33010110521,100,608.4,40.10541071,30.0097033
3440,5001376708,33120106865,200,608.4,38.44505519,30.41643616
3410,5001275415,33010468939,100,608,40.13488763,29.92620642
3410,5001292346,33010456339,60,607.09,40.32850325,30.02598847
3440,5001335887,33120101626,200,605.6,38.17923981,30.53640801
3410,5001298683,33010487522,100,605.45,40.4235092,29.83770136
3420,5001286722,33060032718,200,603.6,39.8838,29.8196
3440,5001431232,33120066447,100,603.26,38.26798262,30.46073328
3410,5012118301,3011185965,70,599.27,40.32280684,29.94294242
3420,5001314527,33060022936,200,599.2,39.7824,29.9147
3420,5007893338,33060175443,60,599.04,39.41221401,29.83629341
3420,5001305129,33060052265,100,598.25,39.88605,29.80887
3410,5001281300,33010074522,160,597.25,40.32639713,30.08690004
3410,5001267991,33010408242,60,597.14,40.2303654,29.88758054
3410,5001314523,33010284360,160,596.4,40.24584168,30.17510303
3440,5011277495,3120327051,70,595.07,38.23955428,30.49440936
3440,5004135717,33120191641,200,592.8,38.278781,30.43181978
3410,5008554992,33010737751,100,591.64,40.1906519,29.81474865
3440,5011458264,3120329468,40,590.49,38.12519264,30.56353679
3440,5009204438,33120242348,150,590.34,38.22106,30.47229
3420,5001328342,33060103758,200,590,39.56692875,29.86515029
3430,5001421614,33110088235,100,589.97,37.36377046,31.27773994
3440,5001380920,33120074411,150,589.31,38.22834,30.42697
3410,5001239614,33010116159,100,588.76,39.99691885,29.87306933
3410,5001298519,33010108809,100,588.14,40.21462009,30.32253809
3410,5001227882,33010096332,100,587.84,40.19927482,29.82180718
3410,5009719177,3010953165,70,584.91,40.09845,29.92297
3410,5001241032,33010081723,100,584.5,40.0964,29.9722
3440,5008720119,33120225946,100,583.02,38.32851176,30.41702545
3440,5011689769,3120337862,50,581.68,38.2616,30.4535
3430,5009469619,33110463891,70,580.58,37.72666,30.98763
3410,5001280458,33010395206,100,578.91,40.08096537,29.91671458
3410,5001319214,33010285509,160,578.57,40.33063338,30.05208745
3410,5001271263,33010363731,160,578.26,40.1068713,30.07354692
3420,5001330590,33060060051,160,575.81,39.67746749,29.66001099
3420,5001322576,33060086989,160,575.61,39.75990362,29.927723
3410,5001248559,33010117540,100,575.09,40.23942331,29.98170902
3410,5001281456,33010074621,100,573.68,40.32852009,30.08195484
3410,5001253006,33010083325,100,573.44,40.22610304,29.96225389
3410,5001286970,33010411284,60,572.69,40.23033952,29.83464588
3440,5011940081,3120348534,100,572.54,38.185,30.4178
3440,5001397174,33120076668,200,571.6,38.15002358,30.46510296
3410,5001235611,33010115269,100,570.81,40.20059106,29.97125163
3430,5001444086,33110108820,100,567.62,37.40886994,31.27213391
3410,5010056270,3010976240,50,566.54,40.03877384,29.81907216
3410,5001319152,33010616451,100,565.72,40.2418595,29.99948813
3410,5008216036,33010706745,150,564.52,40.38392,29.87081
3410,5008512013,33010733241,70,563.88,40.15044378,30.12659115
3430,5001350375,33110144611,60,563.55,37.43679747,31.29398225
3440,5001339937,33120134421,200,561.6,38.38029948,30.41522894
3440,5001367468,33120154479,160,560,38.12845252,30.57202701
3420,5011107847,3060250136,70,559.67,39.88449471,29.81250597
3420,5001304674,33060035854,150,558.21,39.8388,29.9336
3440,5001430721,33120066151,160,557.49,38.27645341,30.47991215
3410,5001312555,33010342104,100,557.2,40.41966467,29.86406331
3440,5011665443,3120337432,70,557.12,38.2696531,30.46305087
3410,5001322906,33010434467,100,556.63,40.14893922,29.93183442
3410,5001330484,33010406696,100,556.22,39.9962,29.8726
3420,5001326799,33060026720,400,555.2,39.7857,29.8892
3410,5009708653,3010950824,100,553.94,39.86648134,29.79355616
3440,5001390098,33120141416,60,553.61,38.17441524,30.44488653
3430,5001366138,33110146769,100,553.01,37.42208675,31.31070444
3430,5001362151,33110275318,100,552.38,37.58150518,31.12121399
3440,5001367403,33120022952,90,552.16,38.25928937,30.4882318
3410,5001272368,33010409061,160,551.73,40.05576464,29.94960852
3410,5001280599,33010380295,100,551.68,40.123039,29.9651575
3430,5001333298,33110207274,100,551.5,37.67692119,31.02609424
3410,5001313862,33010614920,160,551.05,40.11087381,30.01959581
3410,5011077152,3011083203,70,550.88,40.39949034,29.93186461
3410,5010943142,3011070401,70,549.75,40.4018161,29.97033132
3430,5001409511,33110120001,100,547.63,37.36709123,31.29503012
3440,5011997700,3120350579,30,547.57,38.1523,30.555
3420,5001397920,33060169811,60,547.56,39.44950641,29.8308545
3430,5001416723,33110120682,100,547.28,37.405999,31.26955044
3410,5001277760,33010122737,100,547.2,40.251696,29.80748258
3420,5001324729,33060010391,100,547.16,39.8749,29.7916
3410,5001310490,33010253551,100,546.37,40.018,29.8695
3410,5001245597,33010082542,100,545.89,40.22781215,29.88226012
3440,5010877096,3120307694,70,545.12,38.1117,30.5822
3440,5010918057,3120311374,50,544.31,38.1412,30.4839
3440,5001431144,33120066394,200,540,38.15243201,30.46093905
3410,5001291480,33010412263,100,539.18,40.22606166,29.99918861
3410,5008039905,33010688066,100,538.69,40.20674097,30.15012385
3430,5001417195,33110053703,100,538.19,37.37223696,31.30585823
3410,5001267628,33010230304,100,536.78,40.24065803,30.1116298
3410,5001236615,33010097939,100,536.31,40.1883586,29.86046593
3430,5001427848,33110122515,100,535.73,37.33952251,31.29191865
3420,5009656404,3060218200,100,535.11,39.6379,29.8227
3410,5001289170,33010639203,30,534.81,40.311,30.0845
3410,5008842156,33010768819,50,533.61,40.38670619,29.83117206
3410,5001278390,33010291444,160,533.05,40.25,30.0218
3410,5001292087,33010456188,100,532.59,40.27586,29.82423
3440,5001423439,33120146136,150,532.24,38.23570685,30.42892141
3420,5001329826,33060074629,100,531.19,39.83142001,29.83264023
3440,5011736325,3120339357,40,530.71,38.24788783,30.43101401
3410,5001277839,33010453794,160,530.58,40.38025145,29.82222246
3410,5008963835,33010777569,30,530.06,40.3078,30.2275
3440,5001373879,33120139006,150,525.45,38.22345331,30.42159156
3410,5010500841,3011030255,200,524.8,40.27291973,30.10059986
3410,5001288447,33010455832,100,524.58,40.25196196,30.17575637
3420,5001326651,33060058376,160,524.38,39.57320034,29.8450162
3440,5001394617,33120076381,100,523.83,38.22831826,30.42714546
3420,5001299756,33060034623,80,520.56,39.88233322,29.81493672
3410,5001297327,33010368067,100,520.28,40.24579425,30.26475497
3420,5009207943,33060209158,50,520.02,39.87645096,29.78992473
3410,5001315745,33010417152,100,519.74,40.09824722,29.83280697
3410,5010509743,3011031252,200,519.6,40.07412071,29.99522693
3430,5008327820,33110402484,70,519.53,37.5471584,31.22570452
3410,5001312353,33010356450,150,518.61,40.24966253,30.16290761
3410,5001286874,33010278442,100,518.23,40.15089699,30.01375402
3410,5001296830,33010338246,100,516.69,40.25327971,29.99209871
3410,5008476838,33010729651,70,515.37,40.01504832,29.93354174
3440,5001336493,33120085854,100,514.95,38.22452003,30.42774046
3410,5001287876,33010263781,160,514.34,40.31029988,30.02870621
3410,5001310919,33010521099,60,513.85,40.10233839,30.1319493
3410,5008379265,33010722909,100,513.03,40.22606271,29.99919067
3410,5001291322,33010442315,60,512.04,40.29749164,30.31697541
3410,5001296109,33010397434,160,511.81,40.28490783,30.0811129
3410,5001265307,33010102396,100,511.12,40.19516,29.97465
3440,5008627431,33120222711,50,509.94,38.19224103,30.51635794
3410,5001317203,33010492504,100,508.82,40.1322,29.9336
3420,5001284298,33060064041,200,507.6,39.61874795,29.8323103
3430,5001445854,33110319851,100,507.14,37.3487643,31.27648472
3410,5011363747,3011111012,100,506.11,40.4483,29.8023
3440,5001434827,33120130717,60,505.58,37.92026864,30.73899299
3430,5011113054,3110526857,100,504.58,37.56736945,31.15239113
3440,5001390200,33120141471,150,504.51,38.29548197,30.47700768
3430,5001362179,33110162735,60,503.88,37.51440436,31.23740116
3440,5008685911,33120225061,50,503.74,38.31126673,30.4253928
3410,5008402524,33010724565,50,502.78,40.1198803,30.03764726
3440,5009343212,33120246721,100,501.84,38.0845,30.3392
3410,5001324523,33010360541,100,501.75,40.43988317,29.82039879
3410,5008088951,33010696390,160,501.61,40.36060815,29.92932284
3410,5001295562,33010457130,100,501.3,40.09780935,29.99779491
3440,5001419164,33120064710,60,501.04,38.06351417,30.66617384
3430,5001396832,33110344621,30,501.02,37.5596866,31.24640507
3420,5001385590,33060168510,100,501.01,39.8682,29.884
3430,5001375362,33110229182,60,500.91,37.51810929,31.26278737
3410,5001244122,33010116570,100,500.48,40.25227845,29.97984319
3410,5001228554,33010096691,100,499.25,40.2121,29.9728
3440,5001445686,33120149147,100,499.14,38.2236171,30.46040761
3410,5001296265,33010517612,100,498.96,40.05870415,30.01984227
3410,5001282101,33010350250,60,498.33,40.19011708,30.09339173
3410,5001295609,33010457167,100,497.7,40.29112808,29.83733343
3410,5001276624,33010514611,60,496.85,40.263715,30.02798954
3410,5001244730,33010053522,60,493.49,40.20844644,29.97626437
3410,5001252359,33010287183,100,492.81,40.25456201,30.06309044
3420,5001326188,33060058008,100,492.57,39.62389943,29.80607757
3430,5001435252,33110372634,30,491.47,37.68638159,31.02860668
3420,5001333929,33060045761,100,490.96,39.88494197,29.83832384
3410,5001305186,33010429888,100,490.96,40.40740571,30.05478431
3410,5001307040,33010110692,150,490.87,40.42007007,29.85835387
3420,5011200229,3060252186,100,490.08,39.46191131,29.83477905
3430,5001436541,33110285216,60,489.5,37.38914,31.29433
3410,5008651851,33010747640,100,487.75,40.04054251,29.93766298
3410,5001325686,33010450012,160,486.18,40.14037483,29.98210488
3410,5009248242,33010916466,70,486.06,40.25125,30.20549
3410,5008836048,33010768621,50,484.77,39.95121104,30.03926202
3440,5001450093,33120035576,100,484.65,38.21511375,30.46741507
3420,5001330567,33060060033,160,484.6,39.67963204,29.66214641
3440,5001356767,33120088211,100,484.37,38.31374507,30.46712487
3430,5001408711,33110217904,100,483.73,37.39726028,31.2716162
3430,5001349991,33110160900,60,483.62,37.51041044,31.20446554
3410,5001236597,33010097920,200,481.6,40.32581058,30.17004707
3410,5001303202,33010626813,100,481,40.01573,29.93462
3440,5001377428,33120107263,400,480.8,38.02652136,30.62751572
3420,5001331717,33060134745,600,480,38.83636392,29.73183181
3410,5001308984,33010430421,100,479.95,40.42063796,30.05456052
3410,5001324839,33010648697,60,479.67,40.29417524,29.8529956
3410,5008571243,33010740021,100,477.03,40.06368868,29.95528692
3440,5011575856,3120333774,100,476.37,38.11724249,30.56016222
3420,5001315856,33060023165,30,474.86,39.77751693,29.90989423
3440,5001344394,33120020340,100,474.82,38.25072102,30.49141355
3420,5001328824,33060149265,60,474.52,39.85864422,29.78058432
3420,5009962076,3060223916,300,474,39.6199,29.8659
3410,5001292265,33010249683,100,473.78,40.10639537,29.98713376
3440,5011758107,3120335901,40,473.78,38.11,30.5763
3410,5001330522,33010452509,160,472.98,40.19932933,29.80179823
3440,5004148677,33120192827,100,470.34,38.26702544,30.4285176
3410,5001238834,33010147843,160,470.24,40.23463369,29.81519488
3410,5008282441,33010712902,70,469.87,40.09438606,30.13351969
3410,5001261109,33010134353,100,469.47,40.2541969,29.97805375
3440,5001386270,33120075099,100,469.25,38.26869902,30.49984658
3420,5001303189,33060157759,150,468.7,39.65112781,29.86397781
3410,5001334933,33010636079,60,468.42,40.29688735,30.09959801
3440,5001450264,33120083475,60,466.31,38.25070142,30.51167957
3440,5001357168,33120072103,100,465.62,38.26067626,30.48477681
3430,5001337325,33110207855,100,465.28,37.52216267,31.23531896
3410,5008693116,33010751419,100,465.12,40.04890879,30.04130119
3410,5001297310,33010127312,100,464.04,40.22887157,29.8770816
3420,5009811522,3060221072,100,464.02,39.6674,29.6632
3430,5001401651,33110152434,60,463.64,37.35096186,31.29699898
3410,5001271973,33010408823,100,462.37,40.34083421,29.95538936
3410,5001327358,33010405779,100,461.68,40.40674,30.10438
3430,5001384701,33110230521,60,460.87,37.50070667,31.28179544
3440,5001442708,33120081971,83,460.06,38.04704011,30.65292915
3440,5011014668,3120315631,40,459.16,38.2802127,30.51434586
3410,5010562519,3011036034,50,459.13,40.22771738,29.81381896
3410,5001300781,33010295695,100,458.29,40.31833245,30.07637686
3410,5001314281,33010327912,100,457.98,40.04520421,29.93364561
3410,5001287416,33010308265,60,456.8,40.40266173,30.0548842
3410,5001286097,33010105389,100,455.1,40.20192,29.91283
3420,5001326023,33060057870,200,454.8,39.54111756,29.82952741
3420,5001316666,33060144788,60,454.34,39.72302302,29.77518124
3420,5001332940,33060105672,200,452.8,39.6678,29.7681
3410,5001223692,33010095747,100,451.67,40.22635762,29.87252685
3430,5001361312,33110361514,60,450.95,37.67855079,31.03110764
3420,5001319270,33060024135,80,448.13,39.8356406,29.91386291
3410,5001279974,33010379946,100,447.25,40.2773584,29.96185871
3410,5001288217,33010455707,150,447.12,39.98161612,29.88544925
3440,5009215335,33120242571,200,444.8,38.15641225,30.59096424
3410,5001297633,33010457775,100,444.17,40.35714,30.1265
3410,5001249384,33010082963,100,443.39,40.0972,29.9586
3440,5009137233,33120238612,150,443.24,38.23294,30.37743
3410,5011696675,3011140892,70,442.65,40.36865806,30.04208026
3410,5001320168,33010240365,100,441.5,40.1048,29.959
3410,5011164786,3011074591,150,441.48,40.1742139,30.28958349
3440,5011630323,3120334557,150,440.34,38.304,30.4351
3420,5011393681,3060256194,40,440.33,39.51802103,29.87032215
3410,5001294870,33010456670,60,438.87,40.17795232,29.97414188
3420,5001330463,33060059936,100,437.12,39.6795706,29.66527439
3440,5001336291,33120150166,60,437.05,38.23141641,30.47701048
3410,5001252985,33010083316,100,436.56,40.22633179,29.95937919
3420,5001308720,33060036511,300,436.2,39.76765119,29.94074152
3440,5011398293,3120328952,40,435.9,38.2317,30.3658
3420,5001313869,33060022481,200,435.2,39.80814136,29.92413496
3410,5001288309,33010336475,100,434.42,40.15529131,29.89652466
3410,5001292444,33010456400,100,433.28,40.26941702,30.11274728
3440,5010558794,3120292180,200,431.6,38.11763824,30.48860421
3410,5001297145,33010457499,100,430.12,40.26457617,30.06004003
3430,5001374125,33110363199,100,428.9,37.39198449,31.31816648
3430,5009284768,33110456494,30,428.62,37.39493115,31.329354
3410,5001264786,33010084903,100,428.2,40.223,29.8716
3410,5001268158,33010275413,60,424.27,40.20950085,29.98257437
3420,5001315779,33060023110,80,423.75,39.82942762,29.8858238
3410,5001239422,33010116023,100,423.64,40.07384005,29.94200883
3410,5001288056,33010455618,100,421.84,40.07855082,29.86345106
3410,5001259095,33010119482,50,421.77,40.22701197,30.26191652
3410,5001294547,33010502511,60,421.06,40.16245723,29.85159469
3430,5001343778,33110289251,160,421.03,37.47606738,31.28941968
3430,5001402244,33110367741,30,420.81,37.56389055,31.2162301
3410,5001249382,33010099684,200,420.8,40.17724021,29.84904278
3410,5009342217,33010924118,30,420.6,40.18970536,30.23250301
3410,5001284511,33010411014,60,419.74,40.0198107,29.80364551
3410,5001301389,33010458244,160,419.19,40.14471794,30.01623033
3410,5001257041,33010100963,100,418.87,40.20720351,29.96902063
3440,5010037466,3120272463,150,417.94,38.21,30.43078
3440,5001445813,33120149227,100,417.83,38.23073508,30.51804609
3410,5001292198,33010456240,100,417.15,40.25884066,30.14681132
3410,5009059614,33010792654,70,416.46,39.96369,30.02743
3440,5001426982,33120080099,160,416.05,37.85980828,30.81299718
3410,5001276604,33010379731,100,414.39,40.42642013,30.04664232
3440,5001458580,33120085031,200,413.2,37.98056656,30.7287072
3410,5001298839,33010640975,100,413.02,40.40733259,29.91833027
3440,5001423424,33120079801,100,412.82,38.28365438,30.47637557
3440,5001406172,33120094961,60,412.75,37.87458451,30.84940248
3410,5001310269,33010460467,160,412.22,40.12290575,30.11581005
3410,5009350605,33010925616,50,412.09,40.21884,30.32715
3410,5007904903,33010677886,160,411.68,40.11365743,30.13794735
3420,5001294472,33060110242,200,410,39.50862719,29.86087846
3410,5001302191,33010414071,100,409.94,40.11085303,29.94548274
3440,5010470270,3120289219,70,409.34,37.9625,30.7303
3440,5001442914,33120018360,200,409.2,38.109329,30.58603844
3410,5001305604,33010520181,100,408.94,40.0065,29.9352
3420,5009419987,33060214013,160,408.21,39.7199,29.8375
3410,5012092082,3011180501,150,406.69,40.06351061,29.9172923
3440,5001426777,33120079982,150,406.08,38.19358509,30.45470761
3420,5001314047,33060022604,200,404.8,39.79552845,29.93188313
3420,5010997514,3060247201,40,403.57,39.58464617,29.83355512
3440,5001360789,33120056306,70,403.41,38.10933299,30.58044748
3440,5001335703,33120085424,70,402.13,38.13228535,30.45074168
3410,5008523585,33010732960,100,401.26,40.345224,30.10725764
3430,5001432363,33110139906,160,400.01,37.68443858,31.00708164
3410,5008286147,33010713801,200,399.6,40.11896985,29.98960913
3410,5011577184,3011128790,70,399.11,40.12911907,29.84123546
3410,5010369580,3011012524,100,398.78,40.30144591,30.02550834
3410,5008482971,33010730704,40,398.56,40.2109807,30.13465138
3410,5001197969,33010030662,100,397.74,40.20705,29.91221
3440,5010915672,3120308065,100,397.4,38.1839,30.4953
3410,5001315838,33010447321,100,396.82,40.1181212,30.03271522
3410,5001239293,33010115911,50,396.55,40.37523,30.10273
3410,5008038803,33010689869,150,392.95,40.26267408,30.08972633
3420,5001330556,33060060024,160,392.12,39.67968166,29.66139299
3440,5011710116,3120338233,70,392.01,38.22046019,30.50895248
3440,5001340271,33120036878,60,391.74,38.206316,30.51590568
3410,5001268636,33010408636,100,391.73,40.27206502,30.0846175
3410,5001324278,33010480076,60,391.22,41.59262129,29.17827845
3420,5001314647,33060023011,200,391.2,39.7712,29.9094
3410,5001252128,33010212899,100,391.03,40.10211096,29.99835647
3410,5001282993,33010500259,100,389.48,40.13007728,29.93699873
3440,5001418918,33120096446,60,389.4,38.2548084,30.47909698
3410,5001300061,33010280610,100,388.49,40.12556223,30.0262865
3440,5001439125,33120067471,150,386.65,38.18979851,30.48907162
3440,5001356966,33120021875,100,386.37,38.23304267,30.50078363
3410,5001322419,33010449058,100,385.92,40.15067293,29.89041201
3420,5001289419,33060109288,150,385.63,39.50087377,29.9057952
3420,5001329828,33060089004,200,385.2,39.69986695,29.82309206
3420,5010743395,3060241235,50,385,39.88524008,29.80186137
3410,5010898020,3011062581,100,384.9,40.4186085,29.84894797
3410,5008172714,33010704947,30,383.75,40.19778034,30.15587627
3410,5009560121,3010942009,70,382.71,40.17343569,30.28767884
3410,5001266690,33010229724,100,381.91,40.38118047,30.09059178
3410,5001215581,33010078835,100,381.84,40.42233005,29.85012306
3410,5009957254,3010969405,70,381.81,40.26894112,30.19212146
3410,5001307104,33010110941,100,381.6,40.21906683,29.86450387
3420,5001325995,33060057851,100,381.3,39.5409,29.8312
3410,5009448271,33010934231,70,380.04,40.05840973,30.0710599
3410,5001306919,33010110262,100,379.97,40.16771338,30.00465786
3410,5001227242,33010113602,100,379.85,40.20989005,29.97378105
3410,5001322093,33010329891,100,379.27,40.2856361,30.04291758
3440,5001370179,33120138617,150,378.58,37.93519319,30.72648295
3430,5008857977,33110435171,70,377.98,37.56117374,31.24277048
3440,5001430821,33120146913,100,377.32,38.20437948,30.44581635
3440,5011741506,3120339016,70,376.5,38.24073306,30.50646661
3410,5001274807,33010230814,100,375.95,40.07380003,30.00566947
3410,5007971451,33010683462,70,375.03,40.1327,29.8256
3440,5008918206,33120232118,30,375,38.08456922,30.65090259
3410,5001236129,33010081213,100,373.66,40.10691903,30.00665735
3410,5001279927,33010440197,100,373.63,40.3983009,30.03724215
3410,5001295615,33010250479,100,373.43,40.40380005,30.09203446
3410,5008122093,33010701542,100,373.02,40.31618917,30.19738289
3410,5001245537,33010082515,200,371.2,40.1019,29.954
3440,5011640251,3120333317,50,369.92,38.0118,30.6954
3410,5001220462,33010112491,100,369.27,40.25755789,30.15059778
3410,5008571894,33010738103,100,368.57,40.10704036,29.90752033
3410,5001269566,33010085885,100,368.31,40.21492604,29.9560243
3440,5011076343,3120321254,50,367.55,38.2216,30.51938
3410,5010480021,3011026708,70,367.46,40.2075,29.9286
3410,5001256299,33010118851,100,367.25,40.26792199,29.9832667
3440,5008019776,33120199372,100,366.08,38.07208453,30.58935889
3410,5008983025,33010782317,100,364.7,40.28318,30.06907
3430,5001358342,33110226879,60,364.39,37.38857317,31.30823616
3420,5001302269,33060035587,200,364,39.94703701,29.77262632
3440,5008020237,33120198901,200,363.6,38.15544679,30.59037001
3410,5001291959,33010456114,60,363.04,40.24802235,30.08687591
3420,5011126357,3060250806,70,362.84,39.87923993,29.7897635
3410,5001288285,33010455743,150,362.82,40.14085903,29.97621269
3440,5001406478,33120127319,100,362.82,38.15165803,30.55027447
3410,5001322707,33010617449,100,362.77,40.11304921,29.97911438
3440,5001357093,33120055908,100,361.75,38.25719576,30.45423378
3440,5001427087,33120097597,60,360.96,38.25521895,30.49906554
3430,5004148950,33110380224,160,360.82,37.60218149,31.06929419
3420,5001322673,33060056934,100,360.31,39.82993744,29.83223418
3430,5009861458,3110473646,70,360.21,37.75472694,30.97729472
3430,5001446471,33110335908,100,359.82,37.53242039,31.22253153
3410,5001255663,33010213214,150,359.19,40.0920703,29.96853556
3430,5001412985,33110218616,100,357.07,37.50162429,31.27047932
3410,5001259675,33010273731,100,356.07,40.20593933,30.01663508
3440,5001427051,33120162917,150,355.41,38.16216475,30.45677773
3410,5001281435,33010104971,100,355.32,40.22407,29.88061
3410,5001301834,33010518941,60,355.05,40.08547061,30.13682188
3430,5007983148,33110387619,70,354.23,37.6226151,31.38865927
3410,5001296660,33010126880,100,354.16,40.20527581,29.97969606
3420,5011036550,3060247945,50,354.05,39.86653265,29.81510196
3410,5001292736,33010138942,100,353.18,40.32973685,30.0793843
3420,5001313017,33060159726,60,353.06,39.64922442,29.86279642
3410,5001307235,33010111448,100,352.06,40.20353128,29.9876614
3410,5007977867,33010683417,100,350.44,40.24997383,30.08162948
3410,5001302048,33010519091,100,348.43,40.09310444,29.90220523
3440,5008572883,33120221357,30,347.55,37.96098252,30.73322981
3410,5001252763,33010083209,100,346.12,40.1720064,30.00630375
3430,5001374973,33110164275,60,345.93,37.66915135,31.01865391
3440,5004157684,33120193207,30,344.01,38.0090714,30.68452033
3410,5001292846,33010076278,100,342.33,40.23020911,29.89348474
3410,5001289815,33010088312,100,341.59,40.18724,29.81913
3430,5011001868,3110526104,70,340.95,37.5901,31.0937
3440,5011963760,3120349952,40,340.65,38.1455,30.5678
3430,5001409763,33110368561,100,339.35,37.64445003,31.03596308
3430,5001431507,33110354449,100,338.51,37.16719453,31.45536825
3430,5001358272,33110178600,100,337.96,37.37556554,31.31331423
3440,5001394549,33120076345,200,337.6,38.17491176,30.46637671
3440,5008577976,33120220369,150,337.5,38.2286333,30.44879536
3410,5001276457,33010379651,60,337.11,40.31230222,29.96176054
3430,5001435883,33110056509,60,336.81,37.38110229,31.30508072
3410,5001231023,33010114136,100,336.22,40.25641154,29.98046266
3410,5001302452,33010281564,100,335.97,40.14440137,30.01083652
3440,5001409925,33120095378,150,335.66,38.28598881,30.48358323
3420,5001303230,33060127114,100,335.34,39.63647219,29.84242663
3410,5001306115,33010459761,100,335.33,40.27054181,30.08310869
3410,5001235856,33010097483,100,334.27,40.20105,29.97721
3420,5001850459,33060170661,200,332.8,39.5305,29.8597
3410,5001214780,33010094801,100,332.75,40.20006957,29.91213271
3420,5001318784,33060055552,100,332.29,39.86272395,29.81861818
3410,5008248160,33010707072,30,332.22,40.36568906,30.0527255
3430,5001440316,33110157922,100,331.72,37.35099375,31.29733912
3420,5010787741,3060242555,50,330.18,39.8796,29.8049
3410,5001238982,33010147988,100,330.07,40.22158188,30.0370419
3410,5001306359,33010459911,100,329.94,40.20721737,30.12803343
3410,5001277430,33010086935,100,329.82,40.19244,29.81704
3440,5001423452,33120113117,60,329.36,38.04069249,30.63802253
3430,5001381231,33110326829,60,329.33,37.64444353,31.02492059
3410,5008475985,33010730043,40,329.08,40.1245403,29.9519989
3440,5011571613,3120334154,70,328.81,38.7108,30.3169
3410,5001292877,33010089131,100,326.88,40.24649521,29.9959369
3410,5001302582,33010519466,100,326.18,40.11995064,30.11747193
3410,5001317376,33010646450,100,326.13,40.1456743,30.12876632
3440,5011483479,3120331368,50,325.41,38.31335499,30.38213111
3410,5001268947,33010085535,100,325.06,40.28371093,29.95368591
3420,5010611551,3060239587,30,322.37,39.87368843,29.80882885
3430,5001419220,33110299507,60,321.82,37.6014,31.3754
3410,5001295245,33010294606,100,321.64,40.32481173,30.04567975
3410,5001262982,33010120151,400,321.6,40.19387326,29.84886859
3420,5001330489,33060059954,100,321.29,39.68379818,29.66709233
3440,5001349277,33120151922,100,320.45,37.9888232,30.70978783
3440,5001423404,33120079795,200,319.2,38.0071365,30.70451112
3440,5001445835,33120068414,100,318.59,38.24592143,30.50193872
3410,5001299978,33010443420,100,318.24,40.0279,29.8953
3410,5001307208,33010093493,100,318,40.19683906,29.91274772
3410,5008571930,33010740872,70,317.89,40.2963,29.9912
3410,5001279283,33010484487,60,317.22,40.24385392,30.09926135
3440,5001439070,33120067444,100,315.52,38.09920181,30.56315923
3440,5010653251,3120289111,40,314.36,38.18926313,30.51170928
3410,5001326680,33010331853,100,313.34,40.30885619,30.03200034
3410,5009115403,33010797089,50,312.29,40.25125,30.20549
3440,5008105856,33120201631,200,311.6,38.29637154,30.4344428
3420,5010782274,3060242448,70,311.22,39.88071354,29.80566527
3410,5001280985,33010087226,100,310.33,40.19707414,29.91946027
3440,5008098997,33120201612,200,307.6,38.29691584,30.51499788
3410,5009010153,33010786451,100,305.69,40.11074623,30.04325202
3420,5001290759,33060033368,30,305.21,39.778,29.9043
3430,5001450385,33110357431,60,304.66,37.64741279,31.03714098
3440,5011719406,3120339105,70,303.01,38.16286299,30.48340402
3440,5009663537,3120257799,70,301.87,38.28393,30.37803
3410,5008501055,33010731185,70,301.06,39.96767039,30.0258937
3410,5001281536,33010087530,100,300.67,40.24001931,29.80542073
3410,5007934468,33010678589,60,300.29,40.14619764,30.04873248
3410,5001260840,33010101432,100,300.27,40.1972,29.9743
3410,5009629550,3010947622,30,300.13,40.29545739,29.82790781
3420,5001326523,33060026499,200,300,39.79876454,29.92781898
3410,5010994538,3011077691,70,299.73,40.27226799,30.0966152
3410,5008682757,33010753629,70,299.21,40.11210007,30.02090461
3420,5001327315,33060058948,200,298.4,39.56734059,29.83989418
3410,5001261305,33010134461,100,298.08,40.2269125,29.81407384
3410,5001292014,33010456141,100,298.08,40.28137209,30.10249407
3410,5009654980,3010948881,70,297.99,40.32107858,29.95926809
3430,5009008205,33110443511,70,296.6,37.65725907,31.06718607
3410,5001306817,33010109870,100,296.06,40.22706877,29.88479071
3410,5001261293,33010084645,100,295.89,40.17825061,30.01220547
3410,5008686397,33010751535,50,295.54,40.32357574,29.80678651
3410,5001324178,33010345358,100,293.16,40.32060995,30.02315064
3410,5001295927,33010397318,100,291.49,40.23763116,30.05925994
3410,5001304705,33010325364,100,290.77,40.25482489,30.01215563
3440,5001859708,33120188861,100,289.95,38.15037595,30.45690092
3410,5009432008,33010932942,70,289.94,40.34888,30.16971
3410,5008512206,33010732342,70,289.31,40.1402122,30.0808051
3420,5009617197,3060217285,200,288.8,39.8675,29.92
3420,5001300415,33060050986,200,288,39.7822,29.893
3410,5009020753,33010782308,100,286.62,40.3208,29.9214
3430,5001386030,33110343409,60,286.15,37.39414358,31.3309053
3410,5009221804,33010914908,70,285.9,40.13306,29.97813
3410,5009820496,3010959632,70,285.03,39.988,29.8592
3420,5001319353,33060024181,80,284.92,39.8359,29.931
3410,5001292687,33010088930,100,284.8,40.1294,29.9845
3440,5001438863,33120148088,150,283.68,38.14900677,30.43403323
3410,5001303862,33010458576,100,283.53,40.40565297,29.81387797
3420,5008256179,33060185280,100,282.69,39.62112968,29.81625698
3410,5008628955,33010743041,50,282.23,40.154052,30.10275728
3410,5001253401,33010083586,100,281.74,40.2256,29.875
3410,5001278637,33010247553,150,280.82,40.32044996,30.09017005
3410,5001268001,33010304810,150,280.06,40.07453581,29.96488308
3420,5001276497,33060031407,80,279.87,39.87646101,29.83575684
3430,5001401060,33110051422,100,278.44,37.38807242,31.30643718
3410,5008116222,33010698447,70,276.71,40.086115,30.14757733
3410,5001263625,33010120661,100,276.42,40.14046454,29.98512299
3440,5008920656,33120231406,30,275.79,38.19680713,30.54299529
3440,5001457694,33120084561,60,275.74,38.30186058,30.47088824
3440,5008427340,33120214076,70,275.6,38.26694812,30.48137885
3440,5008320896,33120209245,200,274.4,38.29704879,30.41942663
3420,5011268784,3060253942,40,272.6,39.59304618,29.87454075
3410,5001300194,33010518262,60,272.31,40.10394284,30.11955479
3440,5001353376,33120038809,160,271.08,38.26411705,30.46143919
3410,5001305956,33010474954,60,270.73,40.0311,29.9433
3410,5001323266,33010330721,100,270.56,40.27505753,30.07608372
3420,5001318884,33060023871,30,270.14,39.87652639,29.80128203
3410,5001320722,33010646880,60,269.42,40.10337884,29.84943055
3420,5001323482,33060025642,200,269.2,39.84877701,29.8181947
3410,5001322536,33010419111,100,268.89,40.0735608,30.00404316
3420,5001311383,33060037788,250,268.5,39.76404,29.92802
3410,5009727803,3010953414,100,268.45,40.20477049,30.23131688
3440,5001410409,33120095636,200,268,38.15336865,30.52780865
3410,5001267321,33010121140,100,266.36,40.22711822,29.87566552
3420,5001334670,33060014381,100,265.54,39.87660873,29.79007181
3410,5001295375,33010457013,100,265.37,40.11099471,30.01459842
3410,5001227977,33010066511,200,264.8,40.33875292,30.15188374
3440,5001381420,33120074663,60,264.55,38.0906565,30.60986344
3410,5001286467,33010105610,100,264.31,40.21137586,29.95094052
3410,5001239271,33010115895,100,263.94,40.39769,30.06118
3440,5001366941,33120040370,100,263.52,37.94312708,30.73389888
3440,5001396796,33120142361,60,263.4,38.11289048,30.55711848
3410,5010643293,3011041802,70,263.21,40.27687941,30.18873791
3410,5001334955,33010636112,60,262.4,40.01331101,29.90985694
3410,5001273526,33010086443,70,262.33,40.111,30.0002
3440,5001449713,33120149755,150,261.79,38.06810553,30.63910952
3440,5001361133,33120137342,160,260.9,38.2396647,30.4712632
3420,5001327171,33060058821,160,259.89,39.57924943,29.83923148
3440,5008586339,33120221885,50,259.67,38.0919228,30.60237492
3440,5009284282,33120245303,70,259.34,38.16322,30.41819
3410,5010266398,3010999674,100,259.06,40.3013,30.1882
3410,5008478814,33010730286,40,258.9,40.2794223,29.96143089
3440,5001393722,33120109052,100,258.3,38.17731383,30.5270769
3410,5010980475,3011065751,50,257.99,40.2144,30.2489
3420,5001316761,33060129834,100,257.25,39.53306149,29.86229627
3410,5001281588,33010105066,100,256.93,40.21026549,29.94576516
3410,5001262993,33010347245,100,256.85,40.26273957,30.0193448
3440,5001394436,33120142173,60,256.5,38.27411979,30.43929072
3410,5008862158,33010772581,70,253.36,40.096,29.9761
3410,5011145164,3011086018,70,253.07,40.0126208,29.9012896
3420,5001280108,33060063287,160,252.43,39.6331,29.8211
3440,5004155833,33120192792,30,251.21,38.26569754,30.49961473
3410,5001290440,33010088761,100,250.99,40.18690897,29.82408749
3420,5001280434,33060031891,400,250.4,39.8264,29.9174
3430,5001358249,33110128985,100,250.12,37.44249,31.26284
3410,5010339780,3011010029,100,249.71,40.08728488,29.93056111
3430,5001386382,33110295141,100,248.83,37.3964683,31.27953277
3420,5011368258,3060256167,70,248.69,39.8775,29.8115
3410,5001285554,33010292791,100,248.62,40.3189219,30.07633309
3410,5010214088,3010996037,100,248.57,40.1732,30.1562
3410,5001270780,33010363472,100,248.54,40.1164,29.9795
3420,5010908582,3060245001,40,248.5,39.88415616,29.82261994
3410,5001241433,33010081939,100,247.37,40.09184491,29.95948755
3410,5008881440,33010769834,100,247.06,40.26501689,30.02838051
3410,5004133988,33010669249,60,246.74,40.12596428,29.90498831
3410,5001272882,33010086069,100,246.38,40.22895,29.87282
3410,5001305834,33010236578,100,245.64,40.40802882,30.07490739
3410,5009521369,3010939390,100,244.54,40.3317,30.0269
3410,5008550298,33010737957,70,243.62,40.24902,29.96698
3410,5001287330,33010516286,100,243.4,40.07145045,30.01971442
3440,5001463199,33120085282,300,243.2,38.33645741,30.44458027
3430,5001425104,33110038860,100,243.06,37.36649685,31.3218315
3410,5001295252,33010337839,100,241.9,40.31017409,30.02138948
3440,5008498143,33120217130,160,240.59,38.21964467,30.3563177
3440,5009034767,33120236000,70,240.54,38.31664395,30.49762613
3420,5010886309,3060244086,70,240.3,39.88157097,29.80384712
3440,5001390399,33120075713,150,240.14,38.2079027,30.53418271
3410,5001306228,33010459831,100,239.97,40.13301522,30.11150789
3410,5001301920,33010383662,60,239.76,40.29579891,30.00696204
3440,5001373906,33120155304,60,239.59,38.23063719,30.44403057
3410,5001257492,33010084233,100,238.97,40.33019187,30.10028738
3430,5001354401,33110210224,100,238.92,37.39594458,31.32979876
3410,5001322208,33010602553,100,238.67,40.21305465,29.81045605
3430,5008331005,33110407195,160,237.8,37.37166595,31.29307854
3410,5011624335,3011125789,70,237.54,40.07129314,30.15051112
3430,5001420685,33110053982,100,237.44,37.3777128,31.2960581
3410,5001309656,33010430870,100,237.41,40.17925401,29.86500812
3430,5001379013,33110181454,60,237.38,37.3905148,31.32973775
3410,5001277678,33010349384,100,235.59,40.28212861,30.29467989
3410,5001289951,33010088411,100,232.29,40.1012,29.9824
3410,5001294751,33010352371,150,232.19,40.30245055,30.19295308
3410,5008435771,33010727244,100,231.99,39.97535053,30.01851561
3430,5008212489,33110400031,70,231.63,37.5669449,31.16496074
3440,5010276932,3120280509,300,231.6,38.20946642,30.32878333
3410,5001311997,33010341706,150,231.56,40.25177036,30.16168678
3440,5001367029,33120154183,150,231.42,38.34311876,30.45632279
3420,5010621421,3060237841,150,230.86,38.71589052,29.67305795
3410,5001227193,33010113578,100,230.07,40.07932202,29.92996601
3440,5008084872,33120199391,50,229.87,38.14797707,30.56711219
3410,5010650979,3011042819,100,229.57,40.37982069,29.89919016
3410,5001269032,33010085581,100,229.19,40.07093622,29.94039993
3410,5012094109,3011182032,70,228.62,40.08815154,30.15963837
3410,5001206189,33010048139,100,228.51,40.19566028,29.97626063
3410,5001282671,33010499908,100,227.6,40.17190474,30.04927293
3410,5001215514,33010095193,100,227.57,40.22571,29.87338
3420,5011691535,3060266771,70,226.19,39.66569995,29.82913225
3410,5001214964,33010078503,100,225.39,40.25097858,29.99540392
3420,5008244067,33060185181,50,224.9,39.85588235,29.78185627
3410,5001320121,33010225467,100,224.22,40.25325874,29.81205429
3420,5001319132,33060024037,200,224,39.82982667,29.91567561
3410,5001299566,33010641749,200,222.8,40.2707,30.2809
3440,5001340016,33120019545,100,221.88,38.2323897,30.4989194
3440,5001401759,33120011556,100,221.72,38.20552072,30.51526926
3430,5001340009,33110358564,60,220.96,37.70441989,30.98488581
3410,5001298591,33010109065,100,220.33,40.22460465,29.88173118
3430,5001425025,33110088496,100,219.08,37.3640113,31.27506266
3430,5001405490,33110135630,100,219.04,37.37364595,31.29700258
3420,5011797158,3060270756,70,218.72,39.87967009,29.80631677
3420,5010297674,3060231874,250,218.05,39.54742031,29.8446
3420,5001286664,33060048530,100,216.77,39.83834449,29.94826334
3410,5011595891,3011131599,50,216.45,40.28302763,29.83630051
3420,5011424473,3060256677,50,216.44,39.89854117,29.79575084
3440,5001406029,33120143644,60,216.09,38.26087601,30.53470979
3410,5001319515,33010388140,160,216.03,40.11235,30.06433
3440,5007977792,33120197322,100,215.75,38.3198757,30.46344938
3420,5001375111,33060166650,100,215.66,39.8890237,29.81927412
3410,5001287906,33010293019,100,215.63,40.14588034,30.04849996
3410,5001309631,33010520897,60,215.27,40.14060572,30.04553699
3430,5001378918,33110229502,100,214.61,37.51985357,31.25577206
3410,5010697782,3011041787,70,214.09,40.06290114,30.02779695
3430,5001398031,33110134258,100,213.95,37.67702105,31.01168905
3410,5008074735,33010691375,100,213.17,40.0758,29.9376
3410,5011796983,3011153219,70,212.43,40.34736886,30.07451796
3440,5001415389,33120047648,60,211.8,38.20481448,30.53076803
3410,5001248214,33010117325,160,211,40.23936479,29.97843878
3440,5001431593,33120080894,60,210.65,38.2594753,30.48264864
3410,5010481896,3011027492,50,210.53,40.28680502,29.83603933
3420,5001326943,33060058607,500,210,39.5801663,29.80567973
3410,5001305005,33010519761,60,209.68,40.31836874,29.954228
3410,5001306810,33010092164,160,209.67,40.3137755,30.10227672
3440,5008952966,33120233456,100,208.71,38.32802555,30.44464347
3430,5001374101,33110309686,60,208.64,37.36948813,31.31282667
3410,5001319096,33010329201,100,208.57,40.17683768,30.03498044
3410,5001263012,33010120189,100,207.84,40.2376033,29.98940087
3420,5001316161,33060023371,200,207.2,39.85758518,29.7806462
3420,5011530535,3060260624,70,207.03,39.87193398,29.81763808
3440,5011521753,3120330164,50,206.74,38.13438609,30.48867471
3410,5001248150,33010286471,160,205.86,40.13343013,30.017457
3410,5001291409,33010396983,150,205.71,40.0506,29.9038
3410,5001264369,33010422921,100,205.37,40.30583553,30.24747255
3410,5011325865,3011100331,200,205.2,40.15425759,29.99519874
3440,5001393784,33120026639,60,205.02,38.21922398,30.44802221
3410,5001327411,33010619471,100,204.73,40.2524538,29.79482701
3410,5001296676,33010126905,100,203.93,40.21402368,29.88476747
3440,5001344545,33120183828,100,203.54,38.25282376,30.40500344
3410,5001315675,33010328197,100,203.04,40.34519672,30.05710637
3430,5001375160,33110180949,60,202.11,37.67347205,31.01343188
3440,5009436405,33120250761,30,201.94,37.99267,30.67982
3440,5011528216,3120332857,40,201.62,37.95076882,30.70613285
3410,5009992530,3010971628,30,199.56,40.0133,29.9075
3410,5011063840,3011083517,50,198.28,40.18452851,30.11205249
3410,5001862285,33010661840,60,198.17,40.10017693,29.84335526
3420,5011328735,3060254458,30,197.94,39.87544351,29.80551221
3440,5001386642,33120092518,100,197.72,38.26235267,30.47013406
3440,5001431085,33120130314,100,197.12,38.28407892,30.43865393
3420,5011126077,3060250762,50,195.94,39.8932271,29.82972942
3410,5001231808,33010130238,100,194.46,40.42957737,29.82065649
3420,5011380679,3060256597,30,194.13,39.875996,29.821294
3410,5011325876,3011106587,150,191.93,40.01940862,29.80448071
3420,5001326148,33060026176,200,191.6,39.85054921,29.81832631
3410,5011236077,3011077430,50,191.43,40.32037008,29.87010971
3430,5001358391,33110274929,60,191.23,37.52704655,31.23150336
3440,5008197416,33120206520,50,191.15,38.28860094,30.41165972
3410,5001315804,33010417199,100,190.82,40.41085715,30.08282109
3430,5001424967,33110054747,100,190.55,37.41968313,31.29803602
3410,5001281018,33010074317,100,189.56,40.24052571,30.26332293
3410,5001239033,33010115661,100,189.49,40.22931897,29.88835405
3440,5001349096,33120087296,100,189.36,38.3381106,30.45897793
3420,5001316030,33060023281,200,189.2,39.7763,29.9086
3410,5008883837,33010773668,70,189.05,40.3407507,29.95520648
3410,5001239650,33010116177,100,188.65,40.1982752,29.97666419
3410,5001231772,33010130210,100,188.62,40.21305536,29.98703222
3410,5011612549,3011129170,70,188.27,40.1204,29.9687
3410,5001272772,33010103277,100,187.43,40.224035,29.88374791
3440,5001422706,33120129037,60,186.75,38.29160013,30.46868558
3440,5001438936,33120081588,160,185.86,38.22336861,30.4659124
3440,5008509925,33120217935,70,185.83,38.08386795,30.56763407
3440,5012039628,3120352152,30,185.83,38.15919227,30.59473222
3410,5008070735,33010695211,160,184.83,40.20808309,30.28583524
3410,5001296384,33010397612,100,183.13,40.32695346,30.14912967
3430,5004077649,33110377748,100,182.81,37.72375758,30.98248575
3440,5001446140,33120149414,60,181.91,38.10963822,30.60053247
3410,5001241560,33010053406,100,181.83,40.20451988,29.96917112
3410,5001249350,33010132831,100,181.26,40.20922435,29.98603754
3410,5001291499,33010397041,60,181.2,40.32423136,29.95013669
3410,5001236150,33010097634,100,180.73,40.22628511,29.86932005
3410,5011600774,3011122043,70,180.49,40.0187,29.9253
3420,5008532608,33060193371,70,179.93,39.68895174,29.78404631
3410,5001258785,33010287933,100,179.06,40.24633306,30.17874954
3410,5001296789,33010457283,100,178.55,40.26439495,30.05684649
3440,5008172232,33120205934,50,177.93,38.32806725,30.47394654
3410,5010729298,3011048213,100,177.88,40.16376458,30.02825285
3410,5001292143,33010204091,60,177.4,40.15422378,29.99763206
3410,5001297061,33010457443,100,177.37,40.0328835,29.84420201
3410,5001307498,33010094688,100,175.5,40.22894678,29.88409277
3440,5009370460,33120248305,30,174.99,38.1948,30.3826
3410,5001328405,33010347174,100,174.67,40.2645173,30.12370318
3410,5001231148,33010114252,100,174.36,40.2104695,29.97445321
3440,5001423203,33120015072,100,174.34,38.23457435,30.49388694
3440,5001449799,33120132909,100,172.77,38.28692009,30.45076395
3440,5011308266,3120326742,70,172.66,38.30246991,30.38033451
3420,5001333769,33060045430,200,172,39.8014,29.9265
3410,5001234952,33010147137,100,170.91,40.24323773,29.96756352
3410,5001316737,33010629557,30,170.74,40.02585905,29.870465
3430,5004142246,33110380322,60,170.54,37.63278468,31.09477198
3410,5010401656,3011015384,30,169.32,40.23275109,30.09544297
3410,5010024542,3010973391,100,169.26,40.2569,30.2172
3410,5001296725,33010457247,100,169.25,40.09613569,29.95056846
3420,5009774231,3060220825,100,168.94,39.87462224,29.82085492
3440,5001344039,33120054188,160,168.64,38.23096182,30.45238333
3410,5001298311,33010090508,100,168.03,40.19376,29.9206
3420,5001280240,33060031793,100,167.71,39.8094679,29.93116804
3410,5001319377,33010433451,100,167.19,40.15748829,30.0598714
3410,5001301804,33010518923,100,167.17,40.29063504,30.2786328
3410,5011760563,3011150182,50,166.64,40.0949,30.1597
3410,5008142560,33010698957,100,166.15,40.0489,29.9095
3430,5001376824,33110363617,60,165.67,37.38460858,31.32091634
3420,5001284126,33060063948,200,164,39.67686023,29.83116064
3410,5001256905,33010100892,100,163.18,40.20620635,29.97166045
3410,5001287640,33010426788,100,162.85,40.1599,29.7931
3410,5001260928,33010134264,100,161.99,40.2478,29.9926
3440,5011141700,3120321906,70,161.6,38.13405576,30.36680083
3410,5001284362,33010380741,100,160.97,40.31059997,30.02177338
3410,5001300729,33010457837,100,160.79,40.31454509,29.95547128
3410,5001284229,33010395654,100,160.04,40.0730501,29.92761079
3420,5001313604,33060129656,100,159.2,39.75173791,29.93649392
3440,5010999817,3120312059,70,158.98,38.2929,30.4508
3420,5001299738,33060034614,30,158.4,39.88233322,29.81493672
3420,5001322507,33060056827,60,158.35,39.84148464,29.82979787
3410,5001218943,33010095442,100,158.03,40.23104436,29.87177862
3410,5011063587,3011080275,70,157.63,40.40884492,29.87353132
3410,5001282509,33010124025,100,157.22,40.28824,29.95399
3420,5001330661,33060028573,200,157.2,39.78501633,29.88795523
3430,5001392891,33110262964,60,157.19,37.66654125,31.00979105
3410,5001302287,33010281457,100,155.27,40.14341401,30.01139399
3430,5001382241,33110230254,100,154.85,37.5285,31.2797
3410,5001245188,33010098909,100,154.23,40.25608,29.98005
3410,5001864671,33010661081,60,153.81,39.98228767,29.97263972
3410,5001287612,33010411687,60,153.75,40.23956512,30.00079684
3440,5001373687,33120138902,200,153.6,38.26792811,30.43297712
3440,5008165716,33120203690,150,151.78,38.15027252,30.45305935
3430,5001396879,33110366575,100,151.29,37.54222223,31.27479925
3430,5001428378,33110204648,100,151.2,37.68171208,31.00765477
3440,5009200204,33120242123,20,151.14,38.3262496,30.40518357
3410,5001309876,33010177673,60,151.04,40.25291,30.00017
3410,5001272581,33010424362,100,150.46,40.07383197,29.90966577
3410,5010761089,3011051881,100,150.16,40.40658436,29.8239781
3410,5011589697,3011122197,70,149.85,40.40421764,30.11135042
3410,5001264015,33010437736,100,148.95,40.0309,29.9477
3420,5001325005,33060132553,200,148.8,39.95489191,29.80012442
3410,5009267973,33010918451,30,148.41,40.2707,30.2809
3410,5001870733,33010660824,100,148.3,40.05565556,30.03895367
3410,5001268004,33010438340,100,147.94,40.12137752,30.11938175
3410,5008365591,33010722051,100,147.93,40.22276108,30.26075609
3410,5001317860,33010239373,100,147.83,40.07324388,30.00393686
3440,5009085706,33120237526,70,147.03,38.06768908,30.57960241
3440,5001443502,33120149030,100,146.19,38.17256473,30.42689228
3410,5010193589,3010992904,100,145.2,40.1087,29.9711
3410,5009974570,3010970308,30,144.65,40.23511979,29.89022897
3440,5001415409,33120161400,100,144.6,38.1636046,30.45464141
3410,5001316878,33010492139,100,144.4,40.02829443,29.90633337
3410,5001285205,33010350886,100,144.18,40.01197149,29.84274147
3420,5001388819,33060168636,100,144.14,39.88572566,29.91582677
3430,5001348755,33110322042,100,143.64,37.46787209,31.2789435
3410,5004167703,33010670366,60,143.31,40.13491814,29.93580182
3440,5008502416,33120217069,125,142.57,38.09634403,30.55893649
3420,5001333128,33060107560,400,142.4,38.90410446,29.78966897
3410,5008127501,33010694528,100,140.57,40.44467762,29.82046478
3410,5001256232,33010167229,100,139.92,40.1178,29.99812
3410,5001295706,33010517210,100,139.73,40.19408,29.80754
3440,5001405994,33120077576,200,138.8,38.18267417,30.52112415
3440,5001845069,33120186703,100,138.65,38.17421822,30.51277681
3410,5008069701,33010689152,100,138.48,40.08917955,29.86535618
3420,5001326656,33060026603,30,138.34,39.83945549,29.93629704
3440,5011850628,3120345158,150,137.63,38.5904,30.4259
3420,5001326776,33060058474,200,136.4,39.57960656,29.8451964
3440,5009102136,33120238078,200,136,38.11693592,30.6686855
3410,5001267040,33010347924,100,135.73,40.03408176,29.89870648
3440,5009337311,33120247273,100,134.85,38.30994,30.38928
3430,5001344908,33110208781,100,134.33,37.37892473,31.31682582
3440,5009072283,33120237400,70,133.73,38.25476844,30.46379741
3430,5001358148,33110243010,60,133.06,37.68239216,31.01184798
3410,5001249248,33010132789,100,132.09,40.17,30.0214
3440,5001343808,33120070403,200,131.6,38.23106802,30.46076442
3410,5001231714,33010096781,100,131.26,40.33922822,30.07263104
3420,5008783675,33060199946,160,129.71,39.6975,29.7872
3410,5001322115,33010448874,60,129.68,40.32332357,29.9552419
3430,5001402576,33110313992,200,129.6,37.5617393,31.15587143
3410,5001263079,33010168638,100,128.36,40.08434375,30.00319397
3440,5001370147,33120023421,90,128.26,38.2637024,30.48884702
3410,5001294683,33010352334,100,127.33,40.20493159,30.02927409
3440,5011725865,3120339375,40,127.04,38.70928497,30.31591386
3420,5001284179,33060063975,50,126.96,39.6707481,29.83058354
3410,5001240986,33010081699,100,126.22,40.0702,29.9359
3440,5001419389,33120096698,60,125.59,38.21801254,30.50939418
3410,5001286250,33010105478,100,125.1,40.39172213,30.06552245
3410,5009188467,33010901955,50,124.16,40.06571,30.14158
3440,5001366692,33120153945,30,123.53,38.07816373,30.56890772
3410,5001295889,33010517345,100,123.48,40.0343,29.8953
3410,5001275490,33010122568,100,123.43,40.19711113,29.97454656
3410,5008176594,33010705668,100,122.93,40.0064,29.9272
3410,5001265338,33010135029,100,122.18,40.22923068,29.87485234
3420,5011569304,3060263994,40,122.16,39.86228952,29.77726914
3410,5001261228,33010134424,160,122.13,40.2144967,29.95780707
3430,5001431792,33110123085,100,121.8,37.3544,31.2647
3440,5001439141,33120017845,100,121.74,37.95730291,30.73039376
3410,5001290322,33010106205,100,121.48,40.1999,29.9108
3410,5001239306,33010164405,100,120.94,40.24243535,30.11430991
3410,5001252929,33010099970,60,120.84,40.26765169,30.15252595
3420,5011320719,3060254851,100,120.67,39.87880508,29.82140013
3410,5001322841,33010330391,150,120.45,40.34194586,30.0492156
3410,5001327586,33010405966,160,118.59,40.20007904,30.09728679
3410,5001330808,33010606150,60,118.41,40.30685698,30.19811888
3440,5011853151,3120345926,70,116.9,38.2232,30.5273
3410,5001236364,33010097751,100,116.78,40.31500458,30.09252381
3440,5001349116,33120167898,60,116.37,38.08150376,30.56858903
3440,5001377445,33120091341,160,115.67,37.86493661,30.82079135
3410,5001263639,33010120671,100,112.21,40.09604,29.97315
3440,5008107359,33120201149,30,111.84,38.10890679,30.64987882
3410,5001275066,33010349052,100,111.58,40.09654597,29.98992947
3410,5001241018,33010098159,100,111.45,40.0988,29.9813
3410,5001285860,33010105244,100,110.68,40.21186799,29.86315387
3420,5001299703,33060034599,200,110.4,39.8477,29.93
3440,5011844302,3120344114,40,110.17,38.1026,30.4588
3410,5011745537,3011149118,100,108.79,40.43508658,29.82158543
3410,5001307870,33010504928,60,108.46,39.99027349,29.84854095
3410,5001228326,33010096575,100,108.13,40.2076,29.9714
3430,5001353143,33110338946,60,108.03,37.47100792,31.24811147
3410,5011745024,3011149145,100,108.02,40.08019969,29.88615693
3420,5001331693,33060134718,200,108,39.7329,29.8262
3420,5011216394,3060252195,500,108,39.60695539,29.85348789
3410,5001257534,33010071048,100,107.71,40.31852215,30.0894209
3440,5001367288,33120154371,200,106.8,38.09119847,30.56391217
3440,5011360943,3120328685,100,106.36,37.93528892,30.73480074
3440,5008701538,33120225561,50,106.25,38.11889222,30.39245174
3410,5008764659,33010760131,70,106.07,40.26745,30.04534
3440,5008016265,33120199471,30,105.73,38.12791129,30.38936048
3420,5008828916,33060201178,50,104.24,39.87975832,29.81149273
3420,5001321816,33060039970,100,103.94,39.783,29.9225
3420,5011212022,3060252284,50,103.85,39.87987177,29.80418906
3440,5008307597,33120209577,50,103.75,38.25022366,30.54130892
3410,5001307224,33010093546,100,103.56,40.18629,29.82679
3410,5001285122,33010455108,200,103.2,40.22773002,30.22709965
3410,5001293489,33010107169,100,101.67,40.19873048,29.91185121
3420,5001330366,33060075054,200,101.6,39.79126055,29.87457957
3440,5001431549,33120163781,60,101.32,38.30109536,30.46422467
3410,5001324414,33010374743,100,100.5,40.14904192,30.05711216
3430,5001358243,33110078981,80,100.01,37.40097956,31.32216252
3440,5011725856,3120339526,70,99.41,38.26197999,30.49123654
3440,5011669772,3120337254,70,99.11,38.19183528,30.45408342
3430,5001431983,33110089813,100,99.07,37.39156652,31.32574652
3440,5008387157,33120211664,20,98.77,38.25710129,30.45412197
3410,5012062498,3011176751,100,98.47,40.2403,30.2476
3410,5001281945,33010123681,100,98.42,40.20436015,29.98328162
3410,5010063630,3010977471,100,97.99,40.0129,29.9406
3410,5001330403,33010421997,100,97.04,40.0973,29.9951
3430,5001401431,33110249621,60,96.94,37.35483998,31.34125034
3410,5001271731,33010438798,100,96.71,40.32823126,29.94957293
3410,5001313233,33010629001,60,95.88,40.06438917,30.1429156
3410,5001297246,33010457532,150,95.63,40.11959544,30.01236827
3440,5001431127,33120066385,160,95.55,38.0028132,30.70656211
3410,5001288433,33010125345,100,95.26,40.36221277,30.0664157
3440,5001390599,33120075821,200,95.2,38.20181762,30.47508985
3420,5001276139,33060031194,100,95.18,39.8103,29.8703
3440,5004146356,33120192237,30,94.99,38.07243214,30.5890626
3410,5001272683,33010085965,100,94.22,40.23395,29.81053
3410,5001249597,33010099791,100,93.91,40.315034,30.10242432
3410,5001276919,33010103910,100,93.04,40.23072022,29.8770957
3420,5001284529,33060048450,200,92.4,39.80117332,29.86075988
3440,5001435348,33120098807,200,92.4,38.22011841,30.52646343
3420,5011738956,3060269263,70,92.16,39.86542773,29.8182272
3410,5010812215,3011056903,70,90.79,40.22814331,30.07303688
3440,5001435276,33120098763,60,90.73,38.33923966,30.44789148
3440,5010192350,3120278565,70,90.59,38.0631,30.61643
3440,5001360938,33120137235,100,90.3,38.23424419,30.53011307
3440,5004154699,33120192522,150,89.36,38.18613298,30.55876539
3430,5001377141,33110326211,150,88.55,37.58674123,31.09730085
3420,5001330601,33060060061,160,88.2,39.67773951,29.66716626
3440,5008253531,33120208426,200,87.6,38.30666387,30.40385854
3410,5001222711,33010112623,100,87.38,40.20292191,29.98120692
3430,5001408718,33110186085,60,87.34,37.64708006,31.05829475
3440,5008851343,33120229865,100,87.07,38.32530297,30.41685586
3410,5008459942,33010728617,70,86.94,40.18827916,30.10392851
3440,5011505165,3120332024,50,86.86,38.14293294,30.59781137
3430,5001345202,33110192752,100,86.59,37.57560139,31.13831171
3420,5001291404,33060033770,200,86.4,39.7833,29.9297
3420,5011130645,3060250889,30,86.05,39.88302338,29.80152582
3410,5001231536,33010114557,100,85.52,40.21929095,30.24548751
3410,5001252053,33010117924,100,84.63,40.2128,29.87961
3440,5001410256,33120144329,200,84,38.19797209,30.55305497
3410,5001257022,33010100954,100,83.85,40.21442577,29.87659905
3420,5009275719,33060210945,50,83.46,39.8638,29.7934
3410,5001315722,33010447241,100,83.05,40.33927019,30.09771859
3440,5008537264,33120218549,160,82.97,38.19748082,30.37986982
3440,5001361338,33120153711,60,82.86,38.27087121,30.51978455
3410,5001239141,33010115760,200,82.8,40.38356305,30.08332736
3410,5001278070,33010334434,100,81.98,40.29608654,30.03569731
3440,5011568421,3120334092,40,81.95,38.3186,30.4825
3440,5009433290,33120250770,30,81.73,38.4488,30.3954
3420,5008311360,33060184809,100,81.11,39.44944683,29.83088507
3440,5001431375,33120163683,100,80.78,38.23589917,30.53251645
3410,5012092101,3011178058,70,79.83,40.0956783,29.81757759
3420,5001308918,33060036637,400,79.2,39.96031185,29.78421497
3420,5001276253,33060047121,200,79.2,39.8868,29.792
3410,5001239279,33010148288,160,78.52,40.3619368,30.06039964
3410,5001305274,33010429940,160,77.84,40.10140896,29.89576466
3410,5009349020,33010926598,70,77.8,40.29136,29.94118
3410,5001252186,33010118000,100,77.69,40.21351316,29.87824121
3410,5007940760,33010675818,60,77.58,40.23159431,30.20324759
3420,5001305012,33060036065,200,77.2,39.82634759,29.90416065
3430,5001385179,33110214681,60,77.16,37.68111504,31.01145343
3430,5004129971,33110380082,60,77.16,37.60637229,31.07259044
3440,5001380776,33120024741,200,76.8,38.54624219,30.42614688
3410,5001865531,33010648098,30,76.62,40.24685903,30.17098512
3420,5001286819,33060079625,100,76.3,39.73828821,29.77811177
3440,5001401892,33120027903,60,75.59,38.21939125,30.44913713
3420,5011735177,3060269405,100,75.52,39.87300434,29.81464104
3420,5011146939,3060251278,250,75.5,39.4728,29.9173
3410,5001275472,33010122531,100,75.48,40.22057405,29.89289791
3410,5001279594,33010622681,60,75.46,40.25041693,30.16748756
3420,5001333050,33060106787,200,75.2,38.88704724,29.77265909
3420,5011565317,3060260778,50,74.84,39.87328827,29.81484571
3440,5001381505,33120107835,200,74.8,37.8931982,30.85030811
3420,5001332270,33060135457,100,74.34,39.78130172,29.9388984
3410,5001296930,33010367847,60,74.32,40.20596528,29.96746241
3410,5001309599,33010326693,100,73.76,40.33035098,30.1025284
3410,5001280258,33010306931,60,73.25,40.20961661,29.9791355
3440,5001340409,33120086351,100,73.05,38.27615916,30.47555369
3430,5001390058,33110365513,60,72.7,37.62919831,31.1024115
3440,5011640269,3120334136,40,72.11,38.2788,30.4878
3440,5001336105,33120117831,60,71.76,38.16952949,30.49751401
3420,5009214821,33060209532,30,71.01,39.481,29.8909
3430,5008456442,33110412319,100,70.43,37.54665257,31.27486522
3410,5001257463,33010101183,100,70.26,40.0707,29.9446
3440,5001402518,33120012034,100,70.15,38.23539325,30.489665
3430,5001402153,33110367699,30,70.08,37.63155139,31.10226157
3410,5001290294,33010028440,100,69.23,40.22517864,29.87949244
3440,5001402100,33120045705,60,69.01,38.26411483,30.46144037
3430,5001375495,33110196850,100,67.95,37.47602468,31.24011078
3410,5001293064,33010106813,100,67.78,40.20026246,29.97360696
3440,5011539191,3120332552,40,67.62,38.26738319,30.50636431
3440,5008627126,33120222891,30,67.55,38.08208273,30.64305384
3440,5001340192,33120134574,200,67.2,38.28377178,30.4599822
3430,5001365978,33110129928,100,66.86,37.52757384,31.28539759
3410,5001299819,33010443312,100,66.44,40.11098752,30.03619836
3410,5011377412,3011112010,70,66.32,40.2233,29.8136
3410,5011000955,3011073109,70,66.29,40.111,30.0147
3420,5001321148,33060131467,300,65.4,39.48111854,29.84721298
3440,5001344204,33120070600,200,65.2,38.06285123,30.67216628
3440,5011248487,3120325191,40,64.98,38.20800604,30.55289149
3420,5001326008,33060057861,400,64.8,39.54085314,29.83185939
3440,5001336462,33120036386,160,64.41,38.20702541,30.45703098
3430,5011125482,3110533118,70,64.39,37.4492,31.2693
3420,5001335518,33060122861,200,64,39.4659,29.906
3440,5001336240,33120117902,60,63.58,38.40801445,30.43776046
3440,5001410605,33120144525,60,63.56,38.18712666,30.5427219
3440,5010584129,3120291899,100,62.69,38.42677746,30.39573706
3410,5001285571,33010292808,100,62.6,40.16584357,30.0508695
3430,5001343824,33110359015,60,62.45,37.66425505,31.0453023
3440,5010977755,3120315856,30,62.41,38.21913688,30.47024681
3430,5001436134,33110205672,200,62.4,37.60692678,31.09975657
3410,5001276599,33010424971,100,62.26,40.36859336,29.8161787
3420,5011241249,3060253693,20,62.18,39.48249849,29.93126079
3440,5011177579,3120320981,50,62.08,38.222,30.5122
3440,5001439282,33120017934,100,61.26,38.2590632,30.48814273
3440,5001344517,33120070762,160,60.81,38.2045,30.51904
3410,5010061896,3010977292,70,60.51,40.18407,30.06539
3440,5007931661,33120196414,30,60.39,38.29481,30.50185
3410,5011707870,3011127925,70,60.13,40.16695083,30.03947143
3410,5001302133,33010383804,150,59.75,40.24130014,30.29810226
3440,5011082603,3120320275,40,59.08,38.1391,30.4493
3440,5008165709,33120205255,150,58.72,38.26692448,30.40224205
3410,5010189898,3010991881,70,57.75,40.0039,29.8666
3440,5011621309,3120335456,30,57.74,38.17596993,30.4971726
3410,5009711932,3010952319,70,57.33,40.2924861,29.85104966
3440,5011575925,3120333120,200,57.2,38.31773969,30.42874657
3420,5008317243,33060185351,500,56,39.6693,29.8807
3440,5001370025,33120122091,200,55.6,38.25590821,30.42984135
3410,5001279683,33010425029,100,55.05,40.3172283,30.03212326
3440,5008830784,33120229570,30,54.29,38.11466498,30.61640621
3410,5011817895,3011154735,70,54.28,40.3689,30.0442
3410,5001319171,33010402759,100,53.9,40.00578382,30.00879849
3440,5001340231,33120070118,100,53.62,38.22879437,30.54206738
3440,5001339758,33120102104,200,53.6,38.13349343,30.59798718
3410,5001309612,33010614090,60,53.53,40.09204526,30.13182285
3430,5001379331,33110148665,60,53.06,37.41778347,31.30407423
3410,5010180440,3010990089,70,53,40.33318308,30.15328041
3410,5001275133,33010453391,60,52.93,40.31075763,29.95363325
3410,5001248325,33010212441,100,52.7,40.39567808,30.08372353
3440,5001415596,33120078878,100,52.5,38.26571715,30.48794828
3410,5010194052,3010993053,50,51.8,40.35099821,30.16899958
3440,5001410510,33120063795,60,51.65,38.23862409,30.49239461
3410,5008504749,33010731363,100,51.25,40.11024657,30.01993037
3410,5010682150,3011045294,100,50.56,40.41045501,29.94190224
3430,5001435717,33110173345,200,50,37.60914516,31.09807357
3430,5001402135,33110367680,70,49.21,37.65669657,31.06112359
3440,5001435241,33120081229,200,49.2,38.1776485,30.5310231
3420,5001324736,33060010407,50,49.19,39.874943,29.79349509
3410,5001322920,33010434476,100,48.25,40.14759423,30.01435384
3420,5009321514,33060211568,250,48,39.5565,29.8611
3410,5001308439,33010628148,60,47.47,40.2155,29.9943
3430,5010580023,3110511783,70,46.81,37.35710766,31.28658875
3440,5001406060,33120160000,200,46.8,38.20152602,30.54570282
3410,5001260205,33010274096,160,46.71,40.24175258,30.08243444
3430,5001370943,33110147292,100,45.93,37.3675,31.2778
3410,5001325796,33010331138,100,45.42,40.28525723,30.04298656
3410,5001292728,33010088967,100,45.24,40.16337648,29.9943084
3440,5001381062,33120140231,100,44.84,38.35321131,30.43837025
3410,5008934364,33010776301,70,44.75,40.0994,30.0044
3420,5001326907,33060058572,100,44.59,39.57258742,29.83974361
3440,5001386610,33120173071,100,44.48,38.29703196,30.44828122
3430,5001390136,33110327915,100,44.46,37.49204481,31.27449271
3440,5008165925,33120204491,200,44,37.9525,30.3074
3440,5009231876,33120243579,150,43.98,38.2210502,30.47230105
3420,5011138393,3060249903,50,43.73,39.8610231,29.81844619
3410,5001284041,33010410723,100,42.19,40.14868838,30.03833183
3440,5011486448,3120329486,150,42.09,38.2176,30.5375
3440,5008959020,33120233554,30,41.91,38.11487566,30.60951068
3410,5009404816,33010932129,70,41.69,40.09622509,30.13611604
3410,5001263861,33010318172,100,41.47,40.11116623,30.06391724
3430,5001427701,33110188938,100,41,37.6821162,31.00750181
3410,5001319592,33010418436,100,40.78,40.09694145,30.00588044
3410,5001236409,33010131048,100,40.77,40.10616039,30.01147677
3420,5008993540,33060205201,100,40.19,39.67738636,29.65539493
3410,5008771246,33010761747,70,40,40.13238094,29.91930562
3440,5001352676,33120152151,60,39.87,37.88677,30.78227
3420,5001312898,33060128864,100,39.66,39.86649008,29.81703959
3440,5009421623,33120249732,30,39.5,38.2949,30.5067
3430,5001444092,33110286071,60,39.32,37.41998571,31.30585885
3410,5007951431,33010679423,100,38.44,40.14324187,30.08233135
3410,5001282267,33010123879,100,38.13,40.19746977,29.98112201
3440,5001415166,33120176734,60,37.65,38.1660112,30.56404219
3410,5001270929,33010333151,100,37.62,40.0026,29.8721
3410,5009234474,33010915306,200,37.6,40.47100593,29.72684533
3420,5011328736,3060255357,50,37.52,39.87452218,29.81882167
3420,5001327146,33060027048,200,37.2,39.83656099,29.91523295
3440,5001393669,33120026568,85,36.91,37.96721983,30.74194121
3430,5008342308,33110406957,100,36.7,37.49577374,31.26066251
3440,5008163391,33120204900,20,36.65,38.27615872,30.47555147
3420,5010493008,3060236530,50,36.39,39.8255,29.9241
3410,5010253358,3010997787,50,35.66,40.11546665,30.00111909
3440,5001360955,33120137244,100,35.65,38.37182868,30.44414494
3440,5001386262,33120172870,100,35.55,37.94899121,30.72656549
3410,5011011007,3011078259,150,35.1,40.11550793,30.00190957
3410,5001302345,33010444338,100,34.98,40.13344722,30.07266371
3410,5008598085,33010741987,100,34.89,40.21990679,29.95178089
3410,5008827755,33010767105,100,34.39,40.2707,30.2809
3420,5001313193,33060144287,300,34.2,39.47739081,29.90452371
3420,5010558491,3060237751,70,34.09,39.85425346,29.82387865
3420,5001308576,33060143600,250,34,39.87236523,29.79341398
3420,5001328546,33060104174,160,33.93,39.90369036,29.79613947
3410,5009047061,33010790918,70,33.91,40.0885121,29.96246948
3440,5010745547,3120300559,30,33.5,38.7194,30.2869
3410,5001302138,33010519152,100,33.21,40.10076764,29.89017769
3410,5001297027,33010457425,100,32.83,40.0553607,29.93164089
3410,5008662260,33010748745,100,32.32,40.0344,29.984
3410,5004129976,33010663719,60,32.17,40.06335327,30.02719019
3420,5001326158,33060057987,100,31.09,39.6208,29.8039
3440,5001450311,33120133343,100,30.86,38.15604382,30.54483239
3420,5001303293,33060142175,150,30.82,39.51399091,29.93002518
3410,5008380321,33010722570,100,30.67,40.09764185,29.8955972
3420,5011450614,3060252613,400,28.8,38.65489119,29.59816503
3440,5001349347,33120071198,200,28.8,38.1366903,30.45326834
3420,5001319606,33060024341,125,28.25,39.7824,29.8959
3410,5001239295,33010164399,100,27.58,40.24661882,30.11401721
3440,5011744040,3120338153,40,27.52,38.088,30.6303
3440,5011814453,3120344769,70,27.21,38.2369,30.4448
3410,5001311104,33010446092,60,27,40.22026164,29.99766676
3410,5001269202,33010135511,100,26.96,40.2531283,29.98523894
3410,5001271000,33010121631,60,26.95,40.20952048,29.97893827
3410,5001315341,33010342679,100,26.9,40.0369,29.903
3410,5009900113,3010963949,70,26.51,40.20464201,30.08006416
3420,5010881341,3060243893,70,26.45,39.88819239,29.83207023
3440,5009658538,3120257565,70,26.21,38.06473732,30.66489102
3440,5001427072,33120146486,60,26.03,37.87453817,30.79248718
3440,5008644612,33120223370,20,25.51,38.12598226,30.5840956
3410,5011583845,3011130985,30,25.32,40.4236,29.9495
3420,5011119258,3060250118,50,25.08,39.88214424,29.80795002
3440,5008335995,33120210531,70,24.7,38.28834421,30.41245976
3430,5001390206,33110365602,60,24.54,37.56038729,31.16545351
3420,5011227309,3060252909,100,24.18,39.88024246,29.78970612
3440,5011701874,3120338331,70,24.13,38.26949244,30.46183018
3410,5001321928,33010448749,100,23.91,40.147,29.9289
3440,5011694569,3120338162,50,23.74,38.22086601,30.52667031
3410,5001261167,33010134381,100,22.53,40.3994197,30.07384144
3410,5001275441,33010246888,50,22.13,40.3566,30.0682
3440,5001360773,33120137146,200,21.6,37.89922334,30.86435093
3440,5010863472,3120309349,150,20.82,38.2417469,30.4359106
3410,5009704516,3010952103,40,20.55,40.0878246,29.93729168
3410,5001284929,33010124348,100,20.05,40.20403522,29.98071823
3420,5011717415,3060268829,70,19.75,39.87422288,29.81069523
3410,5011681632,3011135328,70,19.28,40.09010772,30.14305041
3440,5001366985,33120089460,60,18.15,37.9895969,30.71438081
3410,5001321492,33010494062,100,17.59,40.13681257,29.94325673
3410,5010726069,3011048358,30,17.53,40.4408405,29.8139669
3440,5001339909,33120102187,60,17.28,38.25407416,30.52027928
3410,5001263746,33010407497,100,17.14,40.08092404,29.8205455
3410,5008627079,33010746393,100,17.13,40.16164306,29.87405471
3440,5001377051,33120139660,60,16.91,38.19126283,30.45314622
3420,5011046667,3060247892,150,16.69,39.87941028,29.8256243
3430,5001336810,33110191423,60,16.35,37.38031067,31.32948481
3440,5009923567,3120267365,30,16.23,38.49302,30.38714
3440,5011735987,3120336721,200,16,38.1567,30.4529
3410,5001311008,33010312731,100,15.98,40.34656352,30.15528958
3410,5001210260,33010064203,100,15.89,40.16204572,29.85812592
3440,5001361035,33120072551,150,15.31,38.33343,30.43939
3430,5001384859,33110230611,60,14.52,37.37015706,31.312596
3410,5001296652,33010280333,100,14.51,40.00006378,30.00627066
3410,5009849530,3010961185,100,14.45,40.21041576,29.94619194
3440,5011371019,3120328282,150,14.43,37.96237,30.69535
3420,5001280011,33060031677,200,14.4,39.8305,29.895
3440,5011918785,3120348580,40,14.08,38.1556,30.4626
3440,5011675404,3120337451,70,13.99,37.95162408,30.72122859
3430,5004133973,33110380476,150,13.98,37.48385464,31.2563905
3420,5011396232,3060257226,50,13.9,39.88791299,29.80334569
3410,5009275338,33010919842,100,13.88,40.3246,29.9223
3430,5001421174,33110203293,60,13.68,37.41938864,31.30664229
3440,5011580896,3120334861,30,13.58,38.25185022,30.50773689
3410,5001299664,33010309816,100,13.49,40.07235156,29.96520489
3420,5001319102,33060024019,100,13.14,39.8298,29.9239
3410,5011975784,3011172582,50,12.88,40.3267,30.1554
3430,5001367023,33110308491,100,12.46,37.62094759,31.06790909
3440,5008742079,33120226774,30,12.4,38.17802933,30.45931757
3410,5001280161,33010425299,100,12.37,40.35325945,30.14833573
3440,5001415577,33120078869,100,12.17,38.22816904,30.52222388
3410,5011610679,3011126786,100,12.13,40.10929302,30.0166848
3410,5001313830,33010416549,100,12.08,39.994,29.8618
3440,5011733003,3120338144,40,11.57,38.17408404,30.48512669
3410,5001302650,33010429510,100,11.3,40.40643273,30.06662165
3440,5011603878,3120334252,70,11.08,38.2950994,30.46604913
3440,5011618120,3120335877,40,10.61,38.28786878,30.47889869
3410,5001286857,33010441345,100,10.51,40.21958632,30.0881634
3440,5001339672,33120085943,200,10.4,38.06024701,30.66400724
3410,5001214853,33010094848,100,10.33,40.20683298,29.97218765
3440,5009168893,33120239745,40,9.76,38.16498482,30.61093033
3410,5001295538,33010126816,100,9.65,40.1685,29.9936
3410,5008115391,33010700545,100,8.92,40.25900282,30.08582458
3440,5001393862,33120010227,100,8.79,38.69632304,30.29955378
3410,5001305868,33010459591,160,8.78,40.34444184,29.9619231
3410,5001303949,33010339619,150,8.09,40.15511203,30.05151897
3440,5001357213,33120104477,60,7.76,37.92089821,30.72839601
3410,5007977877,33010683711,70,7.66,40.244,29.9692
3440,5008430935,33120214272,100,7.66,38.16970546,30.5668615
3410,5001300126,33010443528,100,7.11,40.2542886,30.0828048
3410,5001256449,33010118968,160,6.92,40.13430614,29.86994212
3440,5001439330,33120081784,60,6.86,38.22546697,30.43059924
3410,5001302123,33010519143,100,6.84,40.0346,29.9502
3440,5011882281,3120346736,40,6.68,38.0694,30.6548
3440,5008260833,33120208471,30,6.46,38.02946288,30.63491553
3410,5001215103,33010094973,100,6.34,40.21098664,29.96770259
3440,5009215269,33120242375,160,6.12,38.29188094,30.42931038
3440,5001374434,33120073611,60,6.04,37.96644153,30.74417152
3440,5011667454,3120337067,70,5.52,38.22656788,30.52786746
3410,5011328854,3011074385,50,5.26,40.31361918,30.19505102
3410,5001319630,33010285760,100,5,40.3532,30.0686
3410,5001307461,33010094491,100,4.89,40.21228571,29.9690567
3440,5001361330,33120137450,100,4.87,38.4008553,30.44061903
3440,5001381659,33120156885,200,4.8,38.01456483,30.70755843
3430,5001381729,33110197525,200,4.8,37.57535091,31.13015035
3420,5011182542,3060251161,70,4.75,39.8727238,29.8106255
3440,5001343887,33120070440,60,4.71,38.22860306,30.54203684
3410,5001292496,33010456446,100,4.54,40.1067,29.9572
3410,5001206145,33010015826,100,4.26,40.10906359,30.00621775
3410,5001243793,33010116266,100,4.26,40.40400035,30.05906127
3410,5009898096,3010963484,50,4.19,40.31107691,29.86343269
3410,5009005147,33010781679,100,4.08,39.98121957,29.97611713
3430,5001389183,33110215267,60,4.01,37.5285,31.2797
3410,5004161863,33010666588,100,3.83,40.00496506,29.93821534
3440,5001431121,33120130332,60,3.31,38.41101656,30.41493441
3440,5009131536,33120238659,200,3.2,38.27063699,30.42676888
3410,5001219388,33010095602,100,3.02,40.2382592,29.98220275
3440,5008465047,33120215153,30,2.98,38.19984006,30.55713082
3420,5010135668,3060226702,70,2.93,39.7724,29.9208
3420,5001330309,33060089363,150,2.9,39.56858994,29.81904771
3440,5007917374,33120195650,100,2.66,38.15431785,30.44546173
3410,5001284846,33010454951,160,2.53,40.02008456,29.79282298
3440,5001348752,33120087106,150,2.53,38.23182267,30.53288002
3430,5001428265,33110237344,100,2.22,37.4242,31.3133
3410,5011358879,3011099464,100,2.2,40.0467,29.8675
3410,5001253557,33010100696,100,2.19,40.22661246,29.88298352
3440,5010973521,3120317242,100,2.17,38.2216,30.51938
3440,5001390181,33120075590,100,2.01,38.28400002,30.4805038
3420,5001318930,33060023906,200,2,39.8372,29.9309
3410,5001307540,33010145016,100,1.93,40.11119347,29.97841351
3410,5001260056,33010303536,100,1.76,40.00943619,29.78466509
3410,5001299392,33010641542,100,1.76,40.41402663,29.89159258
3410,5001300920,33010457944,100,1.73,40.42704589,30.04811916
3430,5001381975,33110165405,60,1.61,37.51033349,31.23894151
3440,5001431571,33120130575,200,1.6,38.41534617,30.40941884
3440,5011859422,3120346692,30,1.59,38.13363731,30.48926926
3410,5001279939,33010410071,150,1.28,40.0938701,30.00317176
3410,5007960064,33010681978,30,1.23,40.31248563,29.94022837
3440,5008329780,33120210442,70,1.09,38.37045315,30.43034903
3410,5001303907,33010354123,100,1.03,40.09017526,29.94868936
3440,5001336295,33120117930,60,1,38.16972067,30.46988623
3420,5001325098,33060117771,60,0.94,39.62107252,29.85599072
3420,5001327135,33060058788,100,0.87,39.58948645,29.81157456
3410,5001210134,33010064123,100,0.86,40.15361,29.84828
3440,5008200723,33120204481,200,0.8,37.95996,30.3047
3410,5011875845,3011159491,50,0.79,40.0568,29.9442
3410,5001285893,33010105262,100,0.74,40.09246064,30.01515971
3410,5001322885,33010389129,60,0.67,40.07752693,29.91626335
3420,5011042060,3060248067,40,0.66,39.78060825,29.89002214
3410,5010332985,3011008693,100,0.63,40.1475966,30.09219771
3420,5011262177,3060253620,50,0.61,39.87785161,29.81092771
3440,5001406300,33120127220,100,0.58,37.95865638,30.72046361
3410,5001282410,33010123968,100,0.56,40.44870969,29.79709837
3410,5001267947,33010318861,100,0.51,40.2773584,29.96185871
3440,5001374446,33120058543,60,0.5,37.9330256,30.73344941
3410,5007904714,33010677330,60,0.49,40.3865,30.0202
3440,5001415201,33120064175,150,0.49,38.13073876,30.56194098
3430,5008315569,33110405548,100,0.49,37.67895277,31.04899437
3410,5001851965,33010659780,160,0.34,40.40941264,29.93828982
3410,5010877764,3011064001,100,0.31,40.28835232,30.00654324
3410,5009424424,33010931954,30,0.27,40.22423644,30.06242786
3440,5008521688,33120218450,70,0.25,38.42144082,30.39259326
3420,5001334912,33060014783,30,0.24,39.88812113,29.79817403
3410,5001232512,33010097278,100,0.24,40.3858,30.1143
3440,5011618104,3120334941,40,0.19,38.1482,30.4847
3440,5004167983,33120193341,60,0.19,38.30053708,30.4870665
3410,5001297315,33010457579,160,0.13,40.12461238,30.10847002
3440,5001349421,33120135787,100,0.13,38.20933449,30.48958825
3410,5001239175,33010164254,100,0.09,40.3696,30.0702
3410,5001253421,33010083595,100,0.07,40.19494967,29.82082089
3410,5001219146,33010050011,100,0.05,40.2581334,29.98323388
3440,5011291797,3120327418,70,0.04,37.96437642,30.73010458
3440,5001423295,33120146056,100,0.02,38.22202087,30.52840099
3440,5011917559,3120348525,70,0.02,37.95875818,30.72110432
3410,5001277892,33010453829,100,0.01,40.07910868,29.86757816
3410,5008946832,33010776507,70,0.01,40.30756,30.01945
3410,5001845354,33010642915,100,0.01,40.25962,30.06463
3410,5001309696,33010191485,60,0.01,40.39306758,30.0840148
3440,5001401746,33120094192,60,0.01,38.23561,30.48665
3420,5008333888,33060187079,100,0,38.77911232,29.69405266
3410,5010075156,3010978709,100,0,40.4493,29.7184
3420,5001333122,33060107505,600,0,38.82163137,29.73085325
3420,5001317526,33060115795,100,0,38.85174512,29.74236831
3420,5001322909,33060025197,200,0,39.92685953,29.76760885
3410,5001308848,33010520350,60,0,40.46721723,29.76770738
3420,5001313988,33060022561,100,0,39.86609882,29.77739031
3420,5011335261,3060255811,150,0,39.9561,29.7775
3420,5001333087,33060107158,150,0,39.96952666,29.77969483
3420,5001289128,33060109036,200,0,39.69428814,29.7814567
3420,5011486179,3060259937,200,0,39.86134815,29.78221672
3420,5001310786,33060021741,100,0,39.85332235,29.78562579
3410,5001270959,33010289929,100,0,40.00734727,29.78615177
3420,5001345001,33060162839,100,0,39.68287926,29.78694332
3410,5001295509,33010352808,100,0,40.01506186,29.78752999
3420,5009414682,33060214167,250,0,39.7148,29.788
3420,5001321895,33060040021,200,0,39.86371554,29.78926316
3410,5001325046,33010509989,100,0,40.01357257,29.78955084
3420,5001327225,33060027119,200,0,39.87021671,29.79040193
3410,5001288620,33010264222,300,0,40.1598,29.7932
3410,5001250661,33010302056,100,0,40.1591,29.7933
3410,5001239570,33010148528,1000,0,40.10057,29.79416
3410,5008069702,33010683444,100,0,40.0216,29.796
3420,5010695221,3060240926,70,0,39.72174296,29.79644117
3420,5011234522,3060252927,400,0,39.65576256,29.79646953
3420,5001301575,33060096519,200,0,39.7010591,29.79694202
3410,5001323463,33010316543,100,0,40.00756709,29.79713338
3410,5001309012,33010326281,100,0,39.99012076,29.79747911
3410,5008012137,33010684497,50,0,40.0241,29.7988
3420,5010838465,3060243221,70,0,39.89323773,29.79882432
3410,5001304222,33010459171,60,0,40.26016341,29.80347652
3420,5001318865,33060085874,100,0,39.7417593,29.80364103
3420,5001308337,33060143332,300,0,39.6206,29.8038
3420,5010813114,3060243024,100,0,39.88018803,29.80440186
3410,5001259639,33010119901,100,0,40.44034649,29.80509576
3410,5001317554,33010508005,160,0,40.44406072,29.80523261
3420,5009121685,33060207841,30,0,39.7033,29.8059
3410,5001281553,33010087549,100,0,40.2396561,29.80785541
3410,5001297836,33010089937,100,0,40.23322092,29.80798479
3410,5001292006,33010233745,100,0,40.44041513,29.80851373
3420,5011704225,3060268266,70,0,39.89144213,29.80889992
3410,5001283826,33010410591,100,0,40.43539036,29.81028841
3420,5001320487,33060101127,160,0,39.60584,29.81144
3420,5001327112,33060058760,300,0,39.61149298,29.81164883
3410,5001307233,33010093573,100,0,40.23130829,29.81325088
3410,5001321040,33010647303,100,0,40.05781718,29.81365095
3410,5011587518,3011128762,30,0,40.25307173,29.8136702
3420,5011206854,3060252408,70,0,39.86138917,29.81527327
3410,5001260971,33010084476,100,0,40.21999003,29.81645031
3420,5001327124,33060058779,200,0,39.60830856,29.81666963
3420,5001316758,33060144886,160,0,39.73241842,29.81713798
3410,5001298592,33010091318,100,0,40.1840999,29.81722112
3410,5001238921,33010115572,100,0,40.42940186,29.81838068
3420,5001323458,33060025624,60,0,39.84949761,29.81883919
3410,5001318952,33010448097,60,0,40.37184609,29.81907519
3410,5001297861,33010089964,100,0,40.19294641,29.81945859
3410,5001257316,33010084144,100,0,40.19287299,29.81988519
3410,5001280856,33010137041,160,0,40.21837499,29.82034323
3410,5001240776,33010098023,100,0,40.19522995,29.82047213
3410,5004155915,33010667692,60,0,40.28409444,29.82113923
3410,5001305477,33010414965,200,0,40.14948271,29.82135003
3410,5001277058,33010136616,100,0,40.10723388,29.82143131
3420,5011424193,3060257843,30,0,39.88527032,29.82241096
3410,5001285684,33010087629,100,0,40.18432031,29.82300648
3410,5001228091,33010096440,100,0,40.1932234,29.82437111
3420,5001326412,33060058198,150,0,39.5911922,29.82446548
3410,5001300869,33010266129,200,0,40.1327,29.8256
3420,5001326893,33060058563,100,0,39.5885,29.8257
3410,5001224510,33010096145,100,0,40.18484077,29.82659133
3410,5008775624,33010760329,100,0,40.2893674,29.82802269
3410,5001292218,33010456259,100,0,40.30308207,29.82863983
3410,5011766935,3011150905,70,0,40.34872934,29.8291896
3410,5007987280,33010683589,100,0,40.21599914,29.82925006
3410,5001302568,33010519457,60,0,40.28365597,29.83068012
3420,5001326174,33060057996,100,0,39.58281216,29.83091153
3420,5001334081,33060091693,160,0,39.58060419,29.83174476
3420,5001324010,33060101781,160,0,39.58672638,29.83185254
3420,5011501540,3060260212,100,0,39.82984452,29.83187385
3410,5001305429,33010520064,30,0,40.31616255,29.83342751
3420,5001284366,33060064088,80,0,39.62385878,29.83462115
3420,5011912596,3060274942,30,0,39.88172337,29.83535551
3420,5009301415,33060210408,200,0,39.5181,29.8362
3420,5001312600,33060099001,160,0,39.58681106,29.83636533
3420,5001326830,33060058518,200,0,39.58423206,29.83840442
3420,5001326869,33060058545,100,0,39.58422988,29.83840563
3410,5001271690,33010378537,200,0,40.17915399,29.83858622
3410,5001232643,33010130668,100,0,40.4232017,29.83908171
3410,5001296711,33010457238,150,0,40.29775879,29.83918448
3420,5008032194,33060178679,50,0,39.46565494,29.83920812
3420,5001327185,33060058831,100,0,39.57584443,29.83926613
3420,5001340781,33060162169,60,0,39.4518,29.8394
3420,5001284144,33060063957,200,0,39.67175854,29.83940613
3420,5001327168,33060074084,160,0,39.56066889,29.84069923
3410,5001319264,33010433380,100,0,40.16548347,29.84184268
3420,5001318700,33060070915,200,0,39.58152105,29.84231289
3420,5011552413,3060262745,70,0,39.45141095,29.84243708
3420,5001335382,33060153052,100,0,39.4502,29.8427
3420,5001288988,33060108923,200,0,39.39523391,29.84307328
3420,5010949135,3060246026,100,0,39.3995,29.8436
3420,5008054067,33060178491,100,0,39.63276297,29.84415298
3410,5008763430,33010759364,100,0,40.34525,29.84453
3410,5001314285,33010446941,100,0,40.17524922,29.84472131
3410,5001299747,33010323987,100,0,40.17802967,29.84526598
3410,5001210103,33010064105,150,0,40.14798333,29.84532135
3410,5008525418,33010733841,40,0,40.30905711,29.84569133
3410,5001296688,33010367711,100,0,40.17730329,29.84599169
3410,5008049424,33010689887,50,0,40.26372305,29.84708991
3410,5001245101,33010082293,150,0,40.41366,29.8473
3420,5001321021,33060131304,300,0,39.6304,29.8477
3410,5001306748,33010109646,100,0,40.15559743,29.84858953
3420,5001852683,33060170877,60,0,39.37274838,29.84909701
3410,5001262997,33010120161,100,0,40.18896593,29.84919667
3410,5001265581,33010102583,100,0,40.15926567,29.85145875
3410,5001876161,33010644105,100,0,40.16749388,29.85161989
3410,5001306687,33010141518,160,0,40.15401302,29.8521903
3410,5001320205,33010373174,100,0,40.1540944,29.85261118
3410,5001272079,33010408888,100,0,40.42072771,29.8536224
3420,5001337642,33060162104,30,0,39.70164458,29.85588967
3420,5010935044,3060245379,70,0,39.6656,29.8563
3420,5001312526,33060098952,200,0,39.57151548,29.85636444
3410,5001256815,33010133651,100,0,40.42327209,29.85679788
3420,5011603702,3060264042,30,0,39.42285618,29.85815687
3420,5001329415,33060134351,300,0,39.45753789,29.85926168
3410,5009828660,3010959973,100,0,40.36574947,29.86068463
3420,5001301341,33060096359,200,0,39.67463291,29.86202943
3410,5008283415,33010712519,70,0,40.30149216,29.8620681
3410,5001210355,33010064268,100,0,40.14230796,29.86236874
3420,5010312072,3060232399,300,0,39.5476,29.8637
3410,5011220905,3011075140,100,0,39.9916,29.8644
3420,5010642853,3060240121,70,0,39.56400133,29.86442401
3410,5001298655,33010109323,100,0,40.17333607,29.86472318
3410,5001319203,33010387911,150,0,40.41913809,29.86494749
3420,5001320783,33060131000,200,0,39.5632,29.8667
3420,5009147332,33060208277,30,0,39.3643,29.8674
3410,5001307248,33010093653,100,0,40.22587,29.86973
3410,5009218703,33010911755,160,0,40.05336358,29.8698072
3410,5001252374,33010118162,100,0,40.23001,29.87097
3420,5008179136,33060183507,60,0,39.70210796,29.87132982
3410,5001210561,33010064419,200,0,40.13895808,29.87180442
3420,5001330131,33060089238,100,0,39.60655755,29.87197967
3410,5001251760,33010117728,100,0,40.15954962,29.87209302
3410,5001307267,33010093715,150,0,40.23053353,29.87313691
3410,5008370874,33010720136,70,0,40.36513362,29.87355001
3410,5001277018,33010136591,100,0,40.22922815,29.87485282
3410,5001227096,33010145894,100,0,40.22531,29.87541
3420,5001324382,33060102385,200,0,39.50605139,29.87751649
3410,5001307158,33010093321,100,0,40.12467699,29.87754731
3410,5001235047,33010114889,100,0,40.2244,29.8794
3410,5001241129,33010081779,100,0,40.2212,29.8805
3410,5001220511,33010112525,100,0,40.23091586,29.88065892
3410,5001240996,33010053059,100,0,40.226605,29.88066851
3410,5001293460,33010078165,100,0,40.22467693,29.8812065
3410,5001305048,33010519798,200,0,40.05599104,29.88183434
3410,5008328504,33010716151,100,0,40.05896851,29.88217085
3410,5001284992,33010455037,200,0,40.06519311,29.88249931
3410,5001307592,33010145590,100,0,40.23575088,29.88288161
3420,5001328201,33060103542,200,0,39.69565877,29.88368727
3410,5001307299,33010111724,300,0,40.00553216,29.88549439
3420,5001317347,33060115571,160,0,39.8457,29.8859
3410,5011666432,3011127827,70,0,40.1493,29.8881
3410,5001278312,33010123108,100,0,40.2315989,29.88874436
3410,5001324999,33010494705,100,0,40.02353328,29.89132051
3420,5001334725,33060136089,60,0,39.5843,29.8921
3410,5009851594,3010962315,70,0,40.4132106,29.89365395
3410,5001219336,33010128919,100,0,40.22323,29.8956
3410,5001227581,33010113818,60,0,40.21125392,29.89718441
3410,5008756731,33010758741,100,0,40.29997543,29.89786363
3410,5001275983,33010424694,160,0,40.41214972,29.89839198
3410,5008817264,33010766547,30,0,40.15484855,29.89910156
3410,5001215344,33010095101,100,0,40.21242754,29.899506
3410,5001291831,33010366699,100,0,40.02843064,29.90020709
3410,5001310189,33010460411,200,0,40.13840175,29.90040007
3420,5001302869,33060157409,300,0,39.48543748,29.90250268
3410,5008388598,33010720717,100,0,40.0263,29.9054
3410,5001210546,33010064400,100,0,40.29068,29.90612
3410,5001308820,33010430314,150,0,40.028,29.9075
3420,5001280187,33060047659,200,0,39.7677,29.9075
3410,5008683068,33010750064,160,0,40.39745,29.90846
3410,5001285912,33010105271,100,0,40.19663182,29.91033419
3410,5001332087,33010512536,100,0,40.40907584,29.91034252
3410,5011117804,3011075293,50,0,40.35110682,29.91133826
3420,5001313119,33060129128,30,0,39.60417719,29.91224941
3420,5001314262,33060022758,80,0,39.77729475,29.91281549
3420,5001315661,33060023021,200,0,39.7635,29.913
3410,5001297376,33010127359,100,0,40.19910695,29.91334958
3420,5009365795,33060212162,300,0,39.5097,29.9137
3420,5001330019,33060089158,200,0,39.60620189,29.9139792
3420,5001311306,33060037732,300,0,39.8272,29.9143
3420,5001872747,33060172245,200,0,39.88315335,29.91494551
3410,5001248160,33010117281,100,0,40.20318706,29.91642849
3420,5001334266,33060046544,200,0,39.79540858,29.9174999
3420,5001327121,33060027020,150,0,39.79671781,29.91837012
3420,5001350494,33060163630,30,0,39.8609,29.9184
3420,5001318962,33060023924,200,0,39.8303,29.9201
3420,5001323052,33060025301,200,0,39.8353,29.9205
3410,5008747337,33010758536,70,0,40.12663785,29.92302514
3410,5008842159,33010768256,30,0,40.25154835,29.926083
3420,5001276303,33060031283,200,0,39.7694,29.9274
3420,5001306097,33060097374,60,0,39.76943682,29.92787685
3410,5008332124,33010708104,100,0,40.03969326,29.92888116
3410,5008435577,33010726908,100,0,40.35422603,29.92952001
3420,5001319197,33060024073,100,0,39.83862144,29.92952659
3420,5001299787,33060034641,250,0,39.8392,29.93
3420,5001318967,33060039488,150,0,39.77274294,29.93082447
3420,5001313885,33060022490,200,0,39.8015,29.9313
3410,5009308761,33010922409,30,0,40.03438,29.93143
3420,5001319165,33060024055,80,0,39.8327104,29.93347694
3410,5001274801,33010122138,100,0,40.0755,29.9335
3420,5001313642,33060114813,200,0,39.49035915,29.93383402
3420,5001327430,33060027333,200,0,39.83328552,29.93464634
3420,5001311182,33060037652,400,0,39.8216,29.9348
3410,5001311089,33010446083,100,0,40.0736,29.9386
3410,5009914302,3010966047,100,0,40.35966618,29.94063856
3410,5001282935,33010623043,100,0,40.13271026,29.94065977
3420,5001311561,33060037901,100,0,39.7676329,29.94073882
3410,5001290675,33010308434,100,0,40.0549,29.9412
3420,5001331630,33060029946,200,0,39.81118375,29.94211275
3420,5001304855,33060035961,100,0,39.81062231,29.94274631
3410,5001236403,33010081358,100,0,40.07517005,29.94481764
3410,5009583113,3010942564,50,0,40.21026252,29.94575651
3420,5001280414,33060031882,200,0,39.80389524,29.94868896
3410,5008729418,33010750289,100,0,40.29539563,29.9494654
3420,5001290744,33060033359,400,0,39.8079,29.9525
3420,5001280220,33060031784,400,0,39.79422778,29.95274026
3410,5009038201,33010791002,70,0,40.33731154,29.95380053
3410,5001307302,33010111761,100,0,40.2122,29.9548
3410,5009125952,33010797409,200,0,40.0987,29.9552
3410,5001286650,33010105736,100,0,40.09153108,29.9590535
3410,5001326034,33010450282,200,0,40.31216329,29.95937466
3410,5001272369,33010378921,200,0,40.3152189,29.95996604
3410,5001235771,33010052267,100,0,40.2262665,29.96022538
3410,5009457513,33010934769,40,0,40.31233102,29.96022687
3410,5001271949,33010393696,100,0,40.06474624,29.96037493
3410,5001271419,33010348716,100,0,40.12009221,29.96109346
3410,5001265541,33010102565,160,0,40.22669,29.96126
3410,5001255910,33010118538,150,0,40.1048,29.96215
3410,5001263651,33010120680,100,0,40.1023,29.9633
3410,5010391303,3011003409,70,0,40.33133925,29.96428703
3410,5010770023,3011044724,100,0,40.07598173,29.96578803
3410,5010460931,3011025701,200,0,40.24200219,29.96641031
3410,5011377901,3011110301,50,0,40.35615519,29.9672929
3410,5009565749,3010942395,50,0,40.09115933,29.96817745
3410,5001253028,33010100023,100,0,40.11641477,29.96854357
3410,5001232476,33010052098,100,0,40.21032487,29.96910068
3410,5001247678,33010116954,150,0,40.23268,29.96938
3410,5011104426,3011086107,50,0,40.0987,29.9696
3410,5011824390,3011155751,150,0,40.1526,29.9705
3410,5001301621,33010474014,100,0,40.23906678,29.97124486
3410,5007977868,33010682886,50,0,40.12530528,29.97127269
3410,5009486275,33010936674,100,0,40.23874,29.97137
3410,5001291340,33010322980,100,0,40.07003483,29.97156473
3410,5001298106,33010090212,100,0,40.1962583,29.97312353
3410,5001292814,33010106564,100,0,40.19618821,29.97362918
3410,5001273203,33010086274,100,0,40.10124,29.97411
3410,5001201897,33010015076,100,0,40.1950567,29.97497159
3410,5001292801,33010106555,100,0,40.23588118,29.97588194
3410,5011837844,3011153765,100,0,40.102,29.9759
3410,5009995914,3010970578,100,0,40.25239988,29.97602194
3410,5001222764,33010112651,100,0,40.24035111,29.97693548
3410,5001306860,33010110039,100,0,40.23735532,29.97703631
3410,5001236462,33010097803,100,0,40.1006902,29.97863816
3410,5001287717,33010187061,160,0,40.13164282,29.97895103
3410,5001294891,33010126361,100,0,40.19842676,29.97935381
3410,5001215632,33010078862,100,0,40.23907345,29.97985171
3410,5001236486,33010097812,100,0,40.10173617,29.98027624
3410,5001317476,33010507901,60,0,40.13256694,29.98033596
3410,5001316201,33010328562,100,0,40.14500661,29.98042761
3410,5001311827,33010356075,100,0,40.07372505,29.98099592
3410,5001269130,33010085633,100,0,40.25253602,29.98112401
3410,5001257606,33010101272,100,0,40.24430696,29.98114463
3410,5001293321,33010107024,150,0,40.0706,29.9812
3410,5001307123,33010143147,100,0,40.20537785,29.9813699
3410,5001292926,33010089169,100,0,40.20523826,29.9814712
3410,5010704759,3011045964,100,0,40.08477385,29.98159525
3410,5001256944,33010100918,100,0,40.23528903,29.98186123
3410,5001269338,33010135584,100,0,40.06219154,29.98287625
3410,5001263024,33010120198,100,0,40.24115831,29.98339463
3410,5009069923,33010793132,70,0,40.0344,29.9838
3410,5001293365,33010078076,100,0,40.23763184,29.98380095
3410,5009559346,3010941638,50,0,40.02382214,29.98429733
3410,5001283219,33010485395,160,0,40.09096556,29.98494572
3410,5001269376,33010135600,100,0,40.2434,29.9862
3410,5001301019,33010295855,150,0,40.21949081,29.98638576
3410,5001222953,33010112777,100,0,40.0509,29.9865
3410,5012088145,3011180889,70,0,40.07514247,29.98653258
3410,5001297993,33010107614,100,0,40.0961,29.9866
3410,5001235959,33010130819,100,0,40.20157993,29.98675761
3410,5001244964,33010132107,200,0,40.123,29.9869
3410,5001244982,33010132116,200,0,40.123,29.9869
3410,5001288526,33010125416,100,0,40.19902585,29.98727443
3410,5001215213,33010095031,100,0,40.26779784,29.98743122
3410,5001305882,33010236602,100,0,40.2342,29.9889
3410,5007960043,33010680943,100,0,40.1312,29.9894
3410,5001317983,33010477802,100,0,40.0636,29.9895
3410,5011901713,3011160831,100,0,40.237,29.9903
3410,5001256753,33010083782,100,0,40.1745815,29.9912368
3410,5001258740,33010119212,100,0,40.15120491,29.99123887
3410,5001241386,33010036933,60,0,40.2062595,29.99186986
3410,5001300131,33010280665,100,0,40.1123,29.9926
3410,5008920547,33010773748,100,0,40.1656383,29.99346864
3410,5001291767,33010233601,100,0,40.04544067,29.9935715
3410,5001270851,33010121524,100,0,40.21535,29.99416
3410,5001301496,33010160756,200,0,40.12323079,29.99437955
3410,5001286469,33010088116,100,0,40.10175212,29.99440504
3410,5001307426,33010094338,100,0,40.24127837,29.99454443
3410,5009264045,33010918827,50,0,40.2960881,29.99474535
3410,5001214681,33010094731,160,0,40.26673749,29.99515201
3410,5001304161,33010251995,100,0,40.27076954,29.99656802
3410,5001252626,33010227668,150,0,40.045,29.9968
3410,5008413791,33010725581,100,0,40.09030706,29.99893535
3410,5001248961,33010099291,160,0,40.27002998,29.99912718
3410,5001302648,33010444543,100,0,39.99483648,30.00050913
3410,5001239096,33010115723,50,0,40.17774625,30.00053637
3410,5001290418,33010075904,100,0,40.23465758,30.0018591
3410,5001279994,33010277310,100,0,40.02512835,30.00237014
3410,5001268376,33010438582,100,0,40.13687273,30.0042621
3410,5001317716,33010255180,100,0,40.29775104,30.00569141
3410,5001253383,33010083577,100,0,40.1664739,30.006181
3410,5001290900,33010279127,100,0,40.00073269,30.00652486
3410,5001267216,33010199957,100,0,40.29538618,30.00710776
3410,5001312921,33010644796,60,0,40.14170508,30.00746952
3410,5001252786,33010083218,100,0,40.0967055,30.00931791
3410,5001271856,33010305352,100,0,40.08929716,30.01093562
3410,5001306778,33010109744,100,0,40.17823796,30.01198091
3410,5001324390,33010374691,100,0,40.07774017,30.01385375
3410,5001301032,33010458011,100,0,40.18743155,30.01696299
3410,5008214650,33010706155,100,0,40.38647882,30.02024801
3410,5010214832,3010994776,300,0,40.3102,30.0214
3410,5001267469,33010289581,160,0,40.29932887,30.02193548
3410,5001326733,33010450881,100,0,40.2955,30.02200414
3410,5001327577,33010421333,100,0,40.14701153,30.0233896
3410,5001304239,33010252043,100,0,40.15326351,30.02388176
3410,5001282998,33010485223,200,0,40.30868004,30.02654055
3410,5010058928,3010976741,100,0,40.43427,30.02793
3410,5010066832,3010976750,70,0,40.43427,30.02793
3410,5001305966,33010252517,100,0,40.16309889,30.02837357
3410,5001283941,33010277875,100,0,40.12558951,30.0284739
3410,5009798600,3010957066,70,0,40.23307242,30.03240585
3410,5001322118,33010329917,160,0,40.18562759,30.034203
3410,5001296888,33010457345,100,0,40.26622492,30.03597621
3410,5001304673,33010429538,100,0,40.15124721,30.03762577
3410,5009405498,33010925250,70,0,39.96847563,30.03799859
3410,5010076921,3010979036,70,0,40.3365905,30.03825221
3410,5009444139,33010933298,20,0,40.05182827,30.0389596
3410,5009458774,33010933289,160,0,40.31194418,30.03966588
3410,5001320135,33010358580,100,0,40.29967397,30.03995244
3410,5008650393,33010747345,70,0,40.3705684,30.04037355
3410,5001300177,33010324287,100,0,40.16547543,30.04105829
3410,5001325926,33010404637,60,0,40.43132989,30.04268655
3410,5010360611,3011011661,100,0,40.4258,30.0433
3410,5009584883,3010943042,100,0,40.15362525,30.0433968
3410,5001309056,33010400020,60,0,40.30833376,30.04340516
3410,5001299123,33010625718,300,0,40.08361236,30.04410338
3410,5012070113,3011176993,50,0,40.04073377,30.04430395
3410,5009434692,33010932488,100,0,40.28051522,30.04605525
3410,5008585933,33010740729,100,0,40.2111,30.0472
3410,5007931546,33010678702,60,0,40.35145196,30.0474422
3410,5001323274,33010434752,100,0,40.09420446,30.04938688
3410,5001304878,33010325481,100,0,40.34243682,30.05481543
3410,5001324412,33010345723,100,0,40.39606156,30.05523421
3410,5001308452,33010644212,100,0,40.16105973,30.05559541
3410,5001295069,33010126502,100,0,40.39585397,30.05874538
3410,5009057052,33010791521,30,0,40.34554027,30.05934507
3410,5001324214,33010359925,100,0,40.33394709,30.05983466
3410,5001263588,33010347620,100,0,40.13518897,30.06005764
3410,5001302637,33010429501,100,0,40.41166,30.06193
3410,5008961732,33010781169,100,0,40.27047433,30.06374315
3410,5001306732,33010141671,160,0,40.35786491,30.06447253
3410,5008492572,33010730938,100,0,40.11656173,30.06473328
3410,5001282124,33010123799,100,0,40.40310559,30.06652915
3410,5008585930,33010739853,160,0,40.08913444,30.06797489
3410,5001272258,33010408995,200,0,40.09552,30.06822
3410,5001278412,33010123369,100,0,40.39931287,30.07042709
3410,5001318184,33010343335,100,0,40.34821559,30.07115034
3410,5001228187,33010129907,150,0,40.32817196,30.07431895
3410,5011432691,3011116396,100,0,40.2336,30.0755
3410,5001268146,33010275404,100,0,40.40827522,30.07571806
3410,5011820837,3011154207,70,0,40.0763,30.076
3410,5001310458,33010460583,160,0,40.3889106,30.07628386
3410,5001307496,33010094660,100,0,40.39443,30.07731
3410,5001300802,33010457873,100,0,40.14131527,30.07812736
3410,5011622525,3011128833,100,0,40.19563265,30.07952927
3410,5001284228,33010440965,150,0,40.24277451,30.07977864
3410,5001236191,33010097652,100,0,40.38354805,30.08094739
3410,5001302330,33010444329,160,0,40.13171159,30.08214112
3410,5001255679,33010258280,150,0,40.24160057,30.08230809
3410,5001326729,33010420640,100,0,40.28163892,30.08480694
3410,5011314417,3011096696,70,0,40.20301755,30.08620703
3410,5008140760,33010702568,70,0,40.34552853,30.09054781
3410,5001310717,33010520959,60,0,40.28673076,30.09061961
3410,5009634173,3010945941,40,0,40.27078004,30.09203746
3410,5008299874,33010713276,100,0,40.35711637,30.09513915
3410,5001303205,33010642611,60,0,40.29357017,30.09597742
3410,5008491854,33010731247,100,0,40.35733275,30.09601843
3410,5001292477,33010234018,160,0,40.37935256,30.09841995
3410,5012082896,3011182257,70,0,40.35358964,30.0990946
3410,5008420778,33010725858,70,0,40.1942361,30.10023695
3410,5009467397,33010935345,70,0,40.37142,30.10232
3410,5001307680,33010504721,100,0,40.10622601,30.10502353
3410,5012011071,3011174513,70,0,40.3704,30.1083
3410,5001310111,33010460369,100,0,40.27464408,30.1093814
3410,5009740669,3010954341,70,0,40.27358695,30.11385259
3410,5001313011,33010644901,150,0,40.13656876,30.11682435
3410,5010322147,3011008094,30,0,40.1168711,30.11808247
3410,5009716442,3010952641,70,0,40.27498754,30.11817294
3410,5001295668,33010442558,100,0,40.13853652,30.12146161
3410,5001309934,33010460251,100,0,40.26478827,30.12422489
3410,5011196544,3011092436,50,0,40.2099975,30.12640924
3410,5009063321,33010791719,70,0,40.20880531,30.12701763
3410,5008729157,33010757109,100,0,40.13172113,30.12728262
3410,5001297428,33010457640,100,0,40.23904208,30.12801118
3410,5001305131,33010519850,100,0,40.09180828,30.13158837
3410,5009936375,3010966790,50,0,40.2084,30.1332
3410,5012087843,3011181115,100,0,40.0947004,30.13697911
3410,5001330868,33010620730,100,0,40.29528466,30.13914582
3410,5001298174,33010140083,100,0,40.32632779,30.13963135
3410,5001256627,33010287844,100,0,40.3604961,30.14050589
3410,5009573540,3010943098,30,0,40.33260337,30.1406259
3410,5001313593,33010506870,100,0,40.37994675,30.14351465
3410,5010017780,3010971637,30,0,40.26875749,30.1470889
3410,5001228009,33010066530,200,0,40.33596,30.148
3410,5011161775,3011071365,100,0,40.2638678,30.14946144
3410,5001304037,33010458709,100,0,40.28438907,30.15056263
3410,5010323998,3011008737,100,0,40.26095703,30.15146903
3410,5001239378,33010115984,100,0,40.26089339,30.15296998
3410,5011236032,3011095714,70,0,40.09843509,30.15560773
3410,5001284054,33010395556,100,0,40.27663186,30.156079
3410,5011092583,3011077583,70,0,40.35093348,30.15654641
3410,5001291809,33010456034,100,0,40.34154888,30.15707363
3410,5011200488,3011072264,70,0,40.05963599,30.15792954
3410,5010803978,3011044626,100,0,40.05769878,30.15816429
3410,5008358869,33010722079,100,0,40.36707348,30.15846086
3410,5004151450,33010672754,30,0,40.31845388,30.17606238
3410,5001302620,33010444525,100,0,40.3096,30.1821
3410,5001288428,33010336546,100,0,40.24698043,30.18568314
3410,5001291427,33010610662,100,0,40.3013,30.1882
3410,5010325282,3011003866,100,0,40.3013,30.1882
3410,5011008836,3011072077,70,0,40.3013,30.1882
3410,5009492602,33010936521,40,0,40.254669,30.1983615
3410,5008218869,33010706638,100,0,40.19236541,30.20527333
3410,5001284428,33010410966,160,0,40.3037,30.2078
3410,5011724193,3011147113,50,0,40.3006,30.2142
3410,5001318015,33010255420,150,0,40.30699,30.23305
3410,5009842756,3010960535,70,0,40.171315,30.237425
3410,5010798063,3011055620,70,0,40.2383,30.2586
3410,5008345138,33010717794,100,0,40.26991306,30.26879168
3410,5001290932,33010426984,150,0,40.20835182,30.28278462
3410,5001870703,33010661652,100,0,40.25061912,30.28485513
3440,5009825326,3120259793,150,0,38.77066645,30.2890639
3410,5001287828,33010263753,100,0,38.6899,30.2951
3410,5001304333,33010459241,100,0,40.29554604,30.29643469
3440,5010294069,3120278341,70,0,38.75771,30.29825
3410,5011227678,3011092571,70,0,40.2857035,30.29962251
3440,5001369927,33120090003,100,0,38.69443445,30.3027655
3410,5009277536,33010919861,50,0,40.26252523,30.30605104
3440,5008165924,33120204445,200,0,37.9513,30.31
3440,5011222383,3120324210,200,0,38.74946834,30.31563665
3440,5011624800,3120336051,70,0,38.7093,30.3158
3410,5001287881,33010336214,160,0,40.21544233,30.32166253
3410,5001287846,33010336199,160,0,40.21462009,30.32253809
3440,5010200982,3120278242,150,0,38.73939106,30.32408788
3440,5011968280,3120350176,40,0,38.70313615,30.32574298
3440,5011067852,3120320131,200,0,38.74371894,30.32809192
3440,5010929428,3120312003,40,0,38.11828888,30.34397197
3440,5008180259,33120206341,200,0,38.66340755,30.35106386
3440,5011529243,3120329566,100,0,38.30129929,30.37944437
3440,5009382034,33120248314,100,0,38.1975,30.3799
3440,5011129562,3120319659,100,0,38.71611405,30.38000934
3440,5008329145,33120210406,50,0,38.11550016,30.39542462
3440,5011416547,3120328531,250,0,38.2312172,30.39761783
3440,5010857761,3120309634,50,0,38.3675,30.4006
3440,5010947713,3120309625,50,0,38.35969372,30.40388339
3440,5008149122,33120204599,50,0,38.29149236,30.40539765
3440,5008140536,33120203896,200,0,38.31982327,30.40567242
3440,5008817875,33120228920,125,0,38.154099,30.40889034
3440,5011054004,3120316281,70,0,38.38311902,30.41326173
3440,5011618555,3120333157,30,0,38.3596,30.4135
3440,5001869914,33120189554,300,0,38.2305246,30.41370113
3440,5001336033,33120117798,60,0,38.41867747,30.41438364
3440,5001377001,33120091109,150,0,38.40929128,30.41618312
3440,5001348691,33120135437,200,0,38.24644272,30.41641339
3440,5007904109,33120194886,60,0,38.47641,30.41966
3440,5011469812,3120328451,150,0,38.46114023,30.42417699
3440,5012066202,3120352205,150,0,38.46753607,30.42418032
3440,5001339910,33120118267,60,0,38.22838393,30.42483626
3440,5001357489,33120169177,200,0,38.53793958,30.42483786
3440,5011536982,3120333166,70,0,38.3981,30.4256
3440,5001419067,33120161787,160,0,38.17866449,30.42627854
3440,5001367275,33120154361,150,0,38.22835102,30.42695985
3440,5010927187,3120311472,50,0,38.179,30.427
3440,5001415340,33120078742,100,0,38.22849899,30.42703048
3440,5001344526,33120086978,100,0,38.39699476,30.42726448
3440,5001373736,33120155215,100,0,38.35138852,30.42871529
3440,5011720757,3120339025,100,0,38.25690185,30.42891854
3440,5007997894,33120198704,200,0,38.25217913,30.4294807
3440,5001435161,33120130898,160,0,38.5330552,30.43027121
3440,5001423492,33120146163,30,0,38.16306611,30.43131764
3440,5001435221,33120081210,60,0,38.54717391,30.43174145
3440,5011728196,3120339268,40,0,38.19285838,30.4317798
3440,5011767546,3120343903,30,0,38.19464374,30.43198172
3440,5011719643,3120339114,40,0,38.27913344,30.43438236
3440,5001361454,33120121262,150,0,38.25863767,30.43749443
3440,5010965568,3120314984,70,0,38.3697,30.44
3440,5001405726,33120094728,200,0,38.23995813,30.44173985
3440,5001381588,33120091950,150,0,38.2303851,30.44223509
3440,5001431287,33120130421,60,0,38.17086738,30.44512705
3440,5001409835,33120077997,300,0,38.23085948,30.44531219
3440,5001367459,33120138199,160,0,38.2872832,30.4466079
3440,5011296223,3120326091,40,0,38.310301,30.44820731
3440,5009064906,33120236261,100,0,38.31035972,30.44885258
3440,5011751532,3120343019,40,0,38.13718522,30.4513946
3440,5001343999,33120086682,100,0,38.18410468,30.45196953
3420,5011640122,3060265371,400,0,38.1738,30.4531
3440,5001410363,33120063712,160,0,38.22755247,30.45356452
3440,5001401886,33120077011,100,0,38.13976889,30.45636277
3440,5001344127,33120070566,150,0,38.19696056,30.45652396
3440,5011789726,3120342002,100,0,38.1045,30.4568
3440,5001390158,33120060748,100,0,38.22930395,30.45737526
3440,5001415631,33120064415,100,0,38.33533508,30.45789186
3440,5001344148,33120070575,160,0,38.22942521,30.45797422
3440,5001423562,33120079875,60,0,38.26105768,30.45833883
3440,5001361417,33120186759,200,0,38.31212419,30.45929197
3440,5001443361,33120099887,60,0,38.34889099,30.45944653
3440,5001434702,33120098450,60,0,38.34889197,30.45944854
3440,5011635394,3120336364,70,0,38.27400804,30.45973519
3440,5012064121,3120352288,100,0,38.19841948,30.46232558
3440,5001381643,33120091987,60,0,38.34054058,30.46238598
3440,5011732985,3120342030,70,0,38.25647339,30.46240644
3440,5001402088,33120062448,150,0,38.15002204,30.46510114
3440,5008113404,33120202020,50,0,38.16089598,30.46593877
3440,5001410235,33120078199,200,0,38.28669246,30.46600621
3440,5011768781,3120343879,30,0,38.18453073,30.46693052
3440,5001406084,33120143671,160,0,38.31374763,30.46712448
3440,5001389926,33120060603,200,0,38.21126228,30.46787152
3440,5011780912,3120344212,30,0,38.18117563,30.46816084
3440,5011672517,3120337291,70,0,38.2247,30.4694
3440,5011727176,3120342021,70,0,38.1993434,30.46948255
3440,5011775655,3120344052,50,0,38.16553685,30.46956826
3440,5008241427,33120208103,100,0,38.34220402,30.46970439
3440,5011595274,3120334397,70,0,38.19902598,30.46989592
3440,5011889231,3120347949,70,0,38.2166,30.4731
3440,5001419541,33120128942,160,0,38.31681926,30.47504356
3440,5001353587,33120088112,160,0,38.27632525,30.47623815
3440,5001349627,33120087581,100,0,38.27635239,30.47645721
3440,5011592978,3120335170,100,0,38.28364662,30.47679083
3440,5007995671,33120198114,50,0,38.33924409,30.4778415
3440,5001406319,33120095046,70,0,38.2695,30.4799
3440,5010804632,3120303176,200,0,38.13514576,30.48089746
3440,5001349535,33120055050,60,0,38.25194895,30.48209752
3440,5011293737,3120325208,100,0,38.30581101,30.48285121
3440,5001446303,33120068675,160,0,38.27296514,30.48363271
3440,5001419364,33120014576,100,0,38.22035147,30.48375877
3440,5001366745,33120121422,200,0,38.30938798,30.4877691
3440,5009299570,33120245831,200,0,38.14541,30.48953
3440,5001422717,33120048476,100,0,38.26421,30.49214
3440,5001376690,33120024401,60,0,38.26503,30.49356
3440,5001335766,33120085461,200,0,38.2460857,30.49382452
3440,5001414896,33120013659,100,0,38.23929188,30.4969996
3440,5001356812,33120185091,60,0,38.29330038,30.49811585
3440,5001422723,33120129046,100,0,38.27894775,30.49813012
3440,5008742080,33120226729,50,0,38.13628026,30.49813906
3440,5008011614,33120199363,50,0,38.29322406,30.49953662
3440,5010659094,3120294630,100,0,38.2678,30.4997
3440,5008723727,33120226246,125,0,38.27265322,30.50163004
3440,5001343766,33120037169,100,0,38.24479428,30.50283313
3440,5001439248,33120131483,100,0,38.17851207,30.50393609
3440,5008658084,33120224107,30,0,38.31204,30.50627
3440,5001381557,33120156821,100,0,38.28368788,30.50716121
3440,5001367247,33120154343,200,0,38.15566339,30.5073938
3440,5012011630,3120350238,70,0,38.1439,30.5104
3440,5011828885,3120345701,70,0,38.1832,30.5112
3440,5004146896,33120192371,200,0,38.21232683,30.51208458
3440,5001397558,33120110044,200,0,38.16584875,30.51287909
3440,5001414837,33120128049,100,0,38.16917937,30.51304747
3440,5011603655,3120335287,40,0,38.22094029,30.51320992
3440,5001349650,33120071349,100,0,38.18123146,30.51362387
3440,5001348839,33120020617,100,0,38.19623745,30.51401195
3440,5001435587,33120081407,160,0,38.21439711,30.5142284
3440,5001450486,33120182231,60,0,38.27419587,30.51767639
3440,5001431591,33120066643,100,0,38.19015312,30.51813447
3440,5012092117,3120353150,100,0,38.22160721,30.51938552
3440,5012109792,3120353786,70,0,38.22160721,30.51938552
3440,5011521758,3120329931,40,0,38.22160721,30.51938552
3440,5001406591,33120095190,60,0,38.23604276,30.52074047
3440,5001377118,33120107094,100,0,38.26067236,30.52189098
3440,5008330478,33120210193,50,0,38.27678395,30.5224421
3440,5001443023,33120131895,200,0,38.26468612,30.52403637
3440,5004163616,33120193271,30,0,38.26088307,30.52507849
3440,5001380762,33120123632,200,0,38.19268557,30.52508993
3440,5001336530,33120085872,200,0,38.2174691,30.52514899
3440,5009180925,33120240316,200,0,38.25777,30.52751
3440,5001450223,33120116880,60,0,38.18146144,30.52864252
3440,5011775643,3120344099,40,0,38.2282533,30.5289224
3440,5001386080,33120092204,160,0,38.232,30.5337
3440,5001394518,33120076327,160,0,38.16225243,30.53538728
3440,5008099733,33120201381,200,0,38.21830462,30.53539452
3440,5008091913,33120202084,60,0,38.18194351,30.55785256
3440,5009392570,33120249321,40,0,38.20119538,30.55823771
3440,5001356740,33120120336,150,0,38.11692699,30.56056386
3440,5001397341,33120126198,200,0,38.08866748,30.56291815
3440,5011896503,3120346324,30,0,38.188,30.5652
3440,5001435076,33120017095,200,0,38.11067057,30.5741509
3440,5008193116,33120206861,200,0,38.1151801,30.57528761
3440,5008632293,33120223496,125,0,38.07015,30.57694
3440,5001409952,33120063481,150,0,38.09051982,30.57799198
3440,5008581122,33120221689,250,0,38.06645316,30.57917735
3440,5001349403,33120135778,150,0,38.102404,30.58027744
3440,5001361374,33120056683,100,0,38.10532145,30.58085261
3440,5010877093,3120307685,70,0,38.1122,30.5822
3440,5001377483,33120091360,200,0,38.12598396,30.58409731
3440,5001361079,33120022522,150,0,38.10361313,30.58733143
3440,5001360991,33120022470,90,0,38.0975,30.59811
3440,5001367552,33120057386,160,0,38.09921881,30.60159303
3440,5010293598,3120282915,100,0,38.11900653,30.60605586
3440,5011588069,3120334851,50,0,38.08604489,30.60703812
3440,5001405748,33120110671,30,0,38.09357149,30.60725199
3440,5011929056,3120348552,150,0,38.119,30.6163
3440,5001336327,33120069645,200,0,38.07713241,30.63392218
3440,5001401868,33120077001,150,0,38.04275657,30.64604665
3440,5001349658,33120021104,160,0,38.06155071,30.65031743
3440,5001348856,33120020626,150,0,38.06603872,30.65157828
3440,5011428567,3120328649,40,0,38.08721828,30.65405104
3440,5001344269,33120020279,150,0,38.06227818,30.65836457
3440,5008496043,33120217050,70,0,38.11036976,30.66157365
3440,5001443489,33120052058,125,0,38.05521647,30.6733821
3440,5008811714,33120228911,150,0,38.00294238,30.68712845
3440,5001431209,33120130388,60,0,38.01488359,30.69152892
3440,5001423405,33120065412,160,0,38.03997755,30.6926892
3440,5001390440,33120157962,200,0,37.97328034,30.69522386
3440,5011553909,3120332089,150,0,37.97753382,30.69884886
3440,5009557620,3120254788,70,0,37.99864467,30.70416344
3440,5001367110,33120089540,200,0,38.02028818,30.71512598
3440,5001367111,33120040502,60,0,37.92974563,30.71547582
3440,5001396855,33120125913,84,0,37.96162578,30.71663764
3440,5001390553,33120010049,100,0,37.92903981,30.72271407
3440,5001427604,33120080400,100,0,37.924439,30.72381971
3440,5001361605,33120137629,100,0,37.93410636,30.72435523
3440,5011657685,3120337101,40,0,37.94879133,30.72553723
3440,5011724508,3120336794,70,0,37.9439,30.727
3440,5001463217,33120085291,160,0,37.98076335,30.73119431
3440,5001401845,33120045554,60,0,37.96723866,30.73394399
3440,5011603240,3120335634,100,0,37.93332971,30.73440457
3440,5001344251,33120020260,150,0,37.95740139,30.73514258
3440,5011926592,3120348893,40,0,37.9352,30.7391
3440,5001357332,33120056048,60,0,37.96865354,30.73987584
3440,5001389707,33120092554,60,0,37.95943036,30.74266017
3440,5001427054,33120146477,60,0,37.90634295,30.74812699
3440,5001377453,33120059175,70,0,37.9347,30.7494
3440,5001434795,33120066723,100,0,37.91639138,30.75640478
3440,5007968781,33120197350,160,0,37.92553814,30.76208618
3440,5001443216,33120051865,100,0,37.9037,30.7632
3440,5001852363,33120186301,160,0,37.99311935,30.77425561
3440,5001344559,33120103068,60,0,37.88346708,30.78935024
3440,5007933560,33120192836,30,0,37.86068804,30.7913201
3440,5001857618,33120187362,60,0,37.86930582,30.79870674
3440,5001386367,33120075141,160,0,37.86279092,30.82231638
3440,5001386508,33120108369,60,0,37.86437856,30.82948839
3440,5011906699,3120346271,100,0,37.8342,30.8328
3440,5001374136,33120122715,200,0,37.88710049,30.84332117
3440,5008841383,33120229631,100,0,37.77923251,30.87641388
3430,5001336902,33110191479,60,0,37.68793198,30.99518924
3430,5001385556,33110198569,60,0,37.68360566,31.02402527
3430,5001385540,33110198550,160,0,37.68648778,31.02492394
3430,5008746854,33110429165,30,0,37.6298279,31.02691841
3430,5001340062,33110358591,30,0,37.6862892,31.02824653
3430,5001367528,33110362173,30,0,37.680148,31.03037909
3430,5012112662,3110570247,100,0,37.65015723,31.0380428
3430,5001375170,33110164382,200,0,37.65118297,31.04265249
3430,5001377521,33110326426,70,0,37.6617791,31.04729095
3430,5001393752,33110328261,60,0,37.65404155,31.0607362
3430,5001340605,33110337537,60,0,37.61196512,31.07125135
3430,5001336960,33110272156,100,0,37.63507164,31.08449662
3430,5001379625,33110148825,60,0,37.62818481,31.09149794
3430,5001401393,33110280677,200,0,37.58532152,31.09151252
3430,5001401377,33110280668,160,0,37.58590279,31.09399064
3430,5001448637,33110287435,100,0,37.61584816,31.0950788
3430,5001377158,33110326220,60,0,37.58577297,31.09609521
3430,5001374777,33110260431,100,0,37.61190613,31.09719971
3430,5001345099,33110208899,200,0,37.59220743,31.09794408
3430,5001431533,33110333681,60,0,37.59809881,31.10656818
3430,5001446044,33110335668,200,0,37.60414537,31.12398107
3430,5001438902,33110302111,100,0,37.60430751,31.12895464
3430,5001438920,33110302120,100,0,37.60492808,31.12953076
3430,5009586207,3110466946,30,0,37.56187004,31.20479208
3430,5010806261,3110519629,100,0,37.4893,31.2065
3430,5007982873,33110387628,30,0,37.56489819,31.20740275
3430,5010727491,3110503727,70,0,37.4965,31.2094
3430,5001435809,33110238163,200,0,37.51499395,31.21749621
3430,5001397363,33110329141,30,0,37.57655803,31.22084518
3430,5001390154,33110327924,150,0,37.57452849,31.22178771
3430,5001443429,33110335309,60,0,37.529,31.2227
3430,5001362347,33110129571,150,0,37.50178868,31.22330949
3430,5001362366,33110129580,160,0,37.50178996,31.22331146
3430,5001417135,33110187501,100,0,37.52426375,31.22350522
3430,5001401084,33110233078,150,0,37.47175,31.2272
3430,5001353989,33110242335,100,0,37.50003246,31.22731575
3430,5001353643,33110360581,60,0,37.53002133,31.22867468
3430,5001421546,33110283267,150,0,37.4738166,31.23062966
3430,5001427726,33110155893,60,0,37.50844086,31.23093713
3430,5001361689,33110162459,100,0,37.45844543,31.23161714
3430,5001427460,33110353862,100,0,37.50711246,31.23666107
3430,5001405057,33110249981,160,0,37.54837149,31.2409619
3430,5001356867,33110307190,60,0,37.5564,31.2427
3430,5001381974,33110246414,60,0,37.50494256,31.24320195
3430,5001428046,33110156086,100,0,37.45223937,31.24886729
3430,5001421077,33110283042,100,0,37.5207996,31.25376238
3430,5008411646,33110411026,50,0,37.34604246,31.26076535
3430,5001337574,33110207990,60,0,37.45206704,31.2616336
3430,5008241018,33110400434,70,0,37.38034401,31.26231667
3430,5001357013,33110290950,60,0,37.54715,31.26363
3430,5001388671,33110116751,200,0,37.51409736,31.26474419
3430,5001393406,33110184081,100,0,37.42198014,31.27384704
3430,5008277686,33110402850,150,0,37.40635,31.27408
3430,5001350186,33110241866,60,0,37.46978808,31.27620083
3430,5007985756,33110388518,70,0,37.37619003,31.27666502
3430,5001401206,33110233149,100,0,37.5375693,31.2790163
3430,5001401072,33110185097,60,0,37.40306106,31.28463887
3430,5001848026,33110373622,60,0,37.39786657,31.28751
3430,5001436645,33110140685,100,0,37.3377,31.28959
3430,5001428205,33110073241,100,0,37.4331,31.2908
3430,5001432575,33110090190,100,0,37.35424796,31.29098172
3430,5001385409,33110082895,160,0,37.35415781,31.29137859
3430,5001409483,33110218349,60,0,37.38650176,31.29268102
3430,5001384750,33110082527,100,0,37.3541,31.2931
3430,5008748368,33110429451,160,0,37.3254822,31.29332244
3430,5001443739,33110005751,60,0,37.44057648,31.29429778
3430,5001340819,33110042915,100,0,37.4328,31.2972
3430,5001398510,33110084684,100,0,37.43183756,31.29804021
3430,5008414553,33110410109,100,0,37.40046414,31.30554328
3430,5001409350,33110119912,100,0,37.40702489,31.31177389
3430,5001425289,33110105784,100,0,37.40702489,31.31177389
3430,5001349760,33110044043,160,0,37.40382657,31.31250015
3430,5001401234,33110249514,60,0,37.36684232,31.31282697
3430,5001401218,33110249505,60,0,37.3689156,31.31296315
3430,5010965547,3110524816,70,0,37.37877007,31.31437264
3430,5001388851,33110083140,100,0,37.3847,31.3179
3430,5001362216,33110079531,100,0,37.39961806,31.31802726
3430,5001423192,33110316681,100,0,37.38553246,31.31894851
3430,5010900093,3110518873,70,0,37.3511,31.3247
3430,5001405741,33110350637,100,0,37.39173479,31.3254945
3430,5001344567,33110359427,60,0,37.3978647,31.32861135
3430,5001357793,33110226565,60,0,37.39949022,31.32870877
3430,5001401133,33110051469,80,0,37.37752,31.32941
3430,5001427832,33110088988,200,0,37.38286665,31.33535404
3420,5001309976,33060097937,200,0,37.3271,31.3387
3430,5001420863,33110154804,100,0,37.66778761,31.36606561
